question,entity,event,answer
Which album did Linkin Park release right after the album Meteora?,Linkin Park,the album Meteora,Minutes to Midnight
What did Linkin Park disclose straight after the release of the album Meteora?,Linkin Park,the release of the album Meteora,Minutes to Midnight
Which album was released by Linkin Park immediately after Hybrid Theory?,Linkin Park,Hybrid Theory,Meteora
Which album was announced by LP just subsequent to Hybrid Theory?,LP,Hybrid Theory,Meteora
Which album did American band LP release right after album Meteora?,American band LP,album Meteora,Minutes to Midnight
Which album was announced by LP just subsequent to Meteora?,LP,Meteora,Minutes to Midnight
Which album did American band LP release right after album Minutes to Midnight?,American band LP,album Minutes to Midnight,A thousand Suns
Which album was propagated by Linkin Park preceded by Minutes to Midnight?,Linkin Park,Minutes to Midnight,A thousand Suns
Which album was released by Linkin Park immediately after A thousand Suns?,Linkin Park,A thousand Suns,Living Things
Which album was announced by LP just subsequent to A thousand Suns?,LP,A thousand Suns,Living Things
Which album did American band LP release right after album Living Things?,American band LP,album Living Things,The Hunting Party
Which album was announced by LP just subsequent to Living Things?,LP,Living Things,The Hunting Party
Which album did American band LP release right after album Living Things?,American band LP,album Living Things,The Hunting Party
Which album was launched by Linkin Park preceded by Living Things?,Linkin Park,Living Things,The Hunting Party
Which album did American band LP release right after album The Hunting Party?,American band LP,album The Hunting Party,One More Light
Which album was launched by Linkin Park preceded by The Hunting Party?,Linkin Park,The Hunting Party,One More Light
What did Linkin Park disclose straight after the release of the album Living Things?,Linkin Park,the release of the album Living Things,The Hunting Party
Which album was propagated by Linkin Park just after Living Things?,Linkin Park,Living Things,The Hunting Party
What did Linkin Park disclose straight after the release of the album Meteora?,Linkin Park,the release of the album Meteora,Minutes to Midnight
Which album was launched by Linkin Park preceded by Meteora?,Linkin Park,Meteora,Minutes to Midnight
Which album was released by Linkin Park immediately after The Hunting Party?,Linkin Park,The Hunting Party,One More Light
Which album was propagated by Linkin Park just after The Hunting Party?,Linkin Park,The Hunting Party,One More Light
Which album did Linkin Park release right after the album Living Things?,Linkin Park,the album Living Things,The Hunting Party
Which album was announced by LP just subsequent to Living Things?,LP,Living Things,The Hunting Party
What did Linkin Park disclose straight after the release of the album Hybrid Theory?,Linkin Park,the release of the album Hybrid Theory,Meteora
Which album was propagated by Linkin Park preceded by Hybrid Theory?,Linkin Park,Hybrid Theory,Meteora
What did Euphoria disclose straight after the release of the album dhoom?,Euphoria,the release of the album dhoom,Phir Dhoom
Which album was launched by Euphoria preceded by dhoom?,Euphoria,dhoom,Phir Dhoom
Which album was released by Euphoria immediately after ReDhoom?,Euphoria,ReDhoom,Item
Which album was announced by Euphoria subsequent to ReDhoom?,Euphoria,ReDhoom,Item
What did Euphoria release right after the album Item?,Euphoria,the album Item,Sharnaagat
What did Euphoria disclose straight after the release of the album Item?,Euphoria,the release of the album Item,Sharnaagat
Which album was released by Euphoria immediately after Item?,Euphoria,Item,Sharnaagat
Which album did Indian band Euphoria release right after album Item?,Indian band Euphoria,album Item,Sharnaagat
What did Euphoria release right after the album Phir Dhoom?,Euphoria,the album Phir Dhoom,Gully
Which album was propagated by Euphoria just after Phir Dhoom?,Euphoria,Phir Dhoom,Gully
What did Euphoria release right after the album ReDhoom?,Euphoria,the album ReDhoom,Item
What did Euphoria disclose straight after the release of the album ReDhoom?,Euphoria,the release of the album ReDhoom,Item
Which album was propagated by Euphoria preceded by ReDhoom?,Euphoria,ReDhoom,Item
Which album was launched by Euphoria preceded by ReDhoom?,Euphoria,ReDhoom,Item
What did Euphoria disclose straight after the release of the album Mehfuz?,Euphoria,the release of the album Mehfuz,ReDhoom
Which album was announced by Euphoria subsequent to Mehfuz?,Euphoria,Mehfuz,ReDhoom
Which album was released by Euphoria immediately after Gully?,Euphoria,Gully,Mehfuz
Which album was propagated by Euphoria just after Gully?,Euphoria,Gully,Mehfuz
Which album was released by Euphoria immediately after ReDhoom?,Euphoria,ReDhoom,Item
Which album was propagated by Euphoria preceded by ReDhoom?,Euphoria,ReDhoom,Item
Which album was propagated by Euphoria just after Gully?,Euphoria,Gully,Mehfuz
Which album was launched by Euphoria preceded by Gully?,Euphoria,Gully,Mehfuz
Which album was announced by Euphoria subsequent to ReDhoom?,Euphoria,ReDhoom,Item
Which album was propagated by Euphoria preceded by ReDhoom?,Euphoria,ReDhoom,Item
What did Euphoria disclose straight after the release of the album Gully?,Euphoria,the release of the album Gully,Mehfuz
Which album was launched by Euphoria preceded by Gully?,Euphoria,Gully,Mehfuz
Which album was released by Euphoria immediately after Phir Dhoom?,Euphoria,Phir Dhoom,Gully
Which album was propagated by Euphoria just after Phir Dhoom?,Euphoria,Phir Dhoom,Gully
Which album was released by Euphoria immediately after Mehfuz?,Euphoria,Mehfuz,ReDhoom
What did Euphoria release right after the album Mehfuz?,Euphoria,the album Mehfuz,ReDhoom
What did Euphoria disclose straight after the release of the album Item?,Euphoria,the release of the album Item,Sharnaagat
Which album was announced by Euphoria subsequent to Item?,Euphoria,Item,Sharnaagat
What did Euphoria release right after the album Gully?,Euphoria,the album Gully,Mehfuz
What did Euphoria disclose straight after the release of the album Gully?,Euphoria,the release of the album Gully,Mehfuz
What did Euphoria disclose straight after the release of the album Item?,Euphoria,the release of the album Item,Sharnaagat
Which album did Indian band Euphoria release right after album Item?,Indian band Euphoria,album Item,Sharnaagat
Which album was announced by Euphoria subsequent to ReDhoom?,Euphoria,ReDhoom,Item
Which album was launched by Euphoria preceded by ReDhoom?,Euphoria,ReDhoom,Item
What did Euphoria disclose straight after the release of the album Phir Dhoom?,Euphoria,the release of the album Phir Dhoom,Gully
Which album was propagated by Euphoria just after Phir Dhoom?,Euphoria,Phir Dhoom,Gully
Which album was propagated by Euphoria just after dhoom?,Euphoria,dhoom,Phir Dhoom
Which album was launched by Euphoria preceded by dhoom?,Euphoria,dhoom,Phir Dhoom
Which album did Indian band Euphoria release right after album Item?,Indian band Euphoria,album Item,Sharnaagat
Which album was launched by Euphoria preceded by Item?,Euphoria,Item,Sharnaagat
What did Euphoria disclose straight after the release of the album ReDhoom?,Euphoria,the release of the album ReDhoom,Item
Which album was launched by Euphoria preceded by ReDhoom?,Euphoria,ReDhoom,Item
Which country joined the WTO Partnership just after Saudi Arabia?,country,Saudi Arabia,Vietnam
Who signed the accession to the World Trade Organization immediately after Laos?,Laos,the accession to the World Trade Organization,Tajikistan
Which country was the WTO Partnership signed by soon after Laos?,WTO Partnership,Laos,Tajikistan
Which country joined the WTO Partnership just after Saudi Arabia?,country,Saudi Arabia,Vietnam
Which country was the WTO Partnership signed by soon after Saudi Arabia?,WTO Partnership,Saudi Arabia,Vietnam
Which country became a member of WTO just subsequent to Cambodia?,country,Cambodia,Saudi Arabia
Which country took WTO membership preceded by Cambodia?,country,WTO membership,Saudi Arabia
Which country was the WTO Partnership signed by soon after Ukraine?,WTO Partnership,Ukraine,Cape Verde
Which country was inducted in WTO shortly after country Saudi Arabia?,country,country Saudi Arabia,Vietnam
Which country was inducted in WTO shortly after country Cape Verde?,country,country Cape Verde,Montenegro
Which country took WTO membership preceded by Cape Verde?,country,Cape Verde,Montenegro
Who signed the accession to the World Trade Organization immediately after Saudi Arabia?,Saudi Arabia,the accession to the World Trade Organization,Vietnam
Which country took WTO membership preceded by Saudi Arabia?,country,Saudi Arabia,Vietnam
Who signed the accession to the World Trade Organization immediately after Saudi Arabia?,Saudi Arabia,the accession to the World Trade Organization,Vietnam
Which country was the WTO Partnership signed by soon after Saudi Arabia?,WTO Partnership,Saudi Arabia,Vietnam
Who signed the accession to the World Trade Organization immediately after Samoa?,Samoa,the accession to the World Trade Organization,Russia
Which country became a member of WTO just subsequent to Samoa?,country,Samoa,Russia
Which country was the WTO Partnership signed by soon after Seychelles?,WTO Partnership,Seychelles,Kazakhstan
Which country joined the WTO Partnership shortly after Tonga?,country,Tonga,Ukraine
Which country was inducted in WTO shortly after country Tonga?,country,country Tonga,Ukraine
Which country joined the WTO Partnership just after Russia?,country,Russia,Vanuatu
Which country joined the WTO Partnership shortly after Russia?,country,Russia,Vanuatu
Which country joined the WTO Partnership shortly after Cambodia?,country,Cambodia,Saudi Arabia
Which country became a member of WTO just subsequent to Saudi Arabia?,country,Saudi Arabia,Vietnam
Who signed the accession to the World Trade Organization immediately after Laos?,Laos,the accession to the World Trade Organization,Tajikistan
Which country was inducted in WTO shortly after country Laos?,country,country Laos,Tajikistan
Who signed the accession to the World Trade Organization immediately after Russia?,World Trade Organization,Russia,Vanuatu
Which country was inducted in WTO shortly after country Russia?,country,country Russia,Vanuatu
Who signed the accession to the World Trade Organization immediately after Montenegro?,Montenegro,the accession to the World Trade Organization,Samoa
Which country was the WTO Partnership signed by soon after Montenegro?,WTO Partnership,Montenegro,Samoa
Which country was the WTO Partnership signed by soon after Samoa?,WTO Partnership,Samoa,Russia
Which country became a member of WTO just subsequent to Samoa?,country,Samoa,Russia
Which country was the WTO Partnership signed by soon after Russia?,WTO Partnership,Russia,Vanuatu
Which country was inducted in WTO shortly after country Russia?,country,country Russia,Vanuatu
Who signed the accession to the World Trade Organization immediately after Seychelles?,Seychelles,the accession to the World Trade Organization,Kazakhstan
Which country was the WTO Partnership signed by soon after Seychelles?,WTO Partnership,Seychelles,Kazakhstan
Who signed NPT just after Palestine?,NPT,Palestine,Montenegro
Which country signed NPT soon after Palestine?,country,Palestine,Montenegro
Who signed NPT shortly after Montenegro?,NPT,Montenegro,Timor-Leste
Who signed NPT preceded by Montenegro?,Montenegro,signed NPT,Timor-Leste
Who signed NPT just after Montenegro?,Montenegro,signed NPT,Timor-Leste
Who signed NPT preceded by Montenegro?,Montenegro,signed NPT,Timor-Leste
Who signed NPT just after Brazil?,NPT,Brazil,Oman
Who authorized NPT immediately subsequent to country Brazil?,NPT,country Brazil,Oman
Who signed NPT just after Montenegro?,Montenegro,signed NPT,Timor-Leste
Who signed the Nuclear Non-Proliferation Treaty immediately after Palestine?,Nuclear Non-Proliferation Treaty,Palestine,Montenegro
Who authorized NPT immediately subsequent to country Palestine?,NPT,country Palestine,Montenegro
Who signed NPT shortly after Brazil?,NPT,Brazil,Oman
Which country signed NPT soon after Brazil?,country,Brazil,Oman
Who signed NPT just after Oman?,Who,Oman,Djibouti
Who signed NPT preceded by Oman?,Who,Oman,Djibouti
Which country signed the Nuclear Non-Proliferation Treaty immediately after country Cuba?,country,country Cuba,Brazil
Who authorized NPT immediately subsequent to country Cuba?,NPT,country Cuba,Brazil
Who signed NPT shortly after Timor-Leste?,Timor-Leste,signed NPT,Cuba
Who authorized NPT immediately subsequent to country Timor-Leste?,NPT,country Timor-Leste,Cuba
Who signed NPT shortly after Brazil?,NPT,Brazil,Oman
Who signed the Nuclear Non-Proliferation Treaty immediately after Cuba?,Nuclear Non-Proliferation Treaty,Cuba,Brazil
Who signed NPT preceded by Cuba?,Cuba,signed NPT,Brazil
Who authorized NPT immediately subsequent to country Montenegro?,NPT,country Montenegro,Timor-Leste
Who signed NPT preceded by Montenegro?,Montenegro,signed NPT,Timor-Leste
Who signed NPT preceded by Montenegro?,Montenegro,signed NPT,Timor-Leste
Who authorized NPT immediately subsequent to country Palestine?,NPT,country Palestine,Montenegro
Which country signed NPT soon after Montenegro?,country,Montenegro,Timor-Leste
Which country signed the Nuclear Non-Proliferation Treaty immediately after country Montenegro?,country,country Montenegro,Timor-Leste
Who signed NPT just after Montenegro?,Montenegro,signed NPT,Timor-Leste
Which country signed NPT soon after Montenegro?,country,Montenegro,Timor-Leste
Who authorized NPT immediately subsequent to country Montenegro?,NPT,country Montenegro,Timor-Leste
Who signed the Nuclear Non-Proliferation Treaty immediately after Brazil?,Brazil,signed the Nuclear Non-Proliferation Treaty,Oman
Which country signed the Nuclear Non-Proliferation Treaty immediately after country Brazil?,country,country Brazil,Oman
Who signed the Nuclear Non-Proliferation Treaty immediately after Cuba?,Nuclear Non-Proliferation Treaty,Cuba,Brazil
Which country signed NPT soon after Cuba?,country,Cuba,Brazil
"Which country signed the Geneva Protocol for the Prohibition of the Use in War of Asphyxiating, Poisonous or Other Gases, and of Bacteriological Methods of Warfare right after Angola?",country,Angola,Nicaragua
Which country signed the Geneva Protocol for the Prohibition of the Use in War of Asphyxiating just after country Angola?,country,country Angola,Nicaragua
"Which country signed the Geneva Protocol for the Prohibition of the Use in War of Asphyxiating, Poisonous or Other Gases, and of Bacteriological Methods of Warfare immediately after St.Vincent & the Grenadines?",country,"St.Vincent & the Grenadines signed the Geneva Protocol for the Prohibition of the Use in War of Asphyxiating, Poisonous or Other Gases, and of Bacteriological Methods of Warfare",Slovakia
"Which country signed the Geneva Protocol for the Prohibition of the Use in War of Asphyxiating, Poisonous or Other Gases, and of Bacteriological Methods of Warfare shortly after St.Vincent & the Grenadines?",country,"St.Vincent & the Grenadines signed the Geneva Protocol for the Prohibition of the Use in War of Asphyxiating, Poisonous or Other Gases, and of Bacteriological Methods of Warfare",Slovakia
"Which country signed the Geneva Protocol for the Prohibition of the Use in War of Asphyxiating, Poisonous or Other Gases, and of Bacteriological Methods of Warfare preceded by St.Vincent & the Grenadines?",country,St.Vincent & the Grenadines,Slovakia
"Which country signed the Geneva Protocol for the Prohibition of the Use in War of Asphyxiating, Poisonous or Other Gases, and of Bacteriological Methods of Warfare immediately after Slovakia?",country,Slovakia,Algeria
"Which country signed the Geneva Protocol for the Prohibition of the Use in War of Asphyxiating, Poisonous or Other Gases, and of Bacteriological Methods of Warfare preceded by Slovakia?",country,Slovakia,Algeria
"Which country signed the Geneva Protocol for the Prohibition of the Use in War of Asphyxiating, Poisonous or Other Gases, and of Bacteriological Methods of Warfare shortly after St.Vincent & the Grenadines?",country,St.Vincent & the Grenadines,Slovakia
Which country authorized the Geneva Protocol for the Prohibition of the Use in War of Asphyxiating immediately subsequent to country St.Vincent & the Grenadines?,country,country St.Vincent & the Grenadines,Slovakia
"Which country signed the Geneva Protocol for the Prohibition of the Use in War of Asphyxiating, Poisonous or Other Gases, and of Bacteriological Methods of Warfare shortly after Liechtenstein?",country,Liechtenstein,Swaziland
Which country authorized the Geneva Protocol for the Prohibition of the Use in War of Asphyxiating immediately subsequent to country Liechtenstein?,country,country Liechtenstein,Swaziland
"Which country signed the Geneva Protocol for the Prohibition of the Use in War of Asphyxiating, Poisonous or Other Gases, and of Bacteriological Methods of Warfare shortly after Cape Verde?",country,Cape Verde,Liechtenstein
Which country authorized the Geneva Protocol for the Prohibition of the Use in War of Asphyxiating immediately subsequent to country Cape Verde?,country,country Cape Verde,Liechtenstein
"Which country signed the Geneva Protocol for the Prohibition of the Use in War of Asphyxiating, Poisonous or Other Gases, and of Bacteriological Methods of Warfare preceded by Nicaragua?",country,Nicaragua,Albania
Which country signed the Geneva Protocol for the Prohibition of the Use in War of Asphyxiating just after country St.Vincent & the Grenadines?,country,country St.Vincent & the Grenadines,Slovakia
"Which country signed the Geneva Protocol for the Prohibition of the Use in War of Asphyxiating, Poisonous or Other Gases, and of Bacteriological Methods of Warfare preceded by St.Vincent & the Grenadines?",country,St.Vincent & the Grenadines,Slovakia
"Which country signed the Geneva Protocol for the Prohibition of the Use in War of Asphyxiating, Poisonous or Other Gases, and of Bacteriological Methods of Warfare soon after Swaziland?",country,Swaziland,Angola
"Which country signed the Geneva Protocol for the Prohibition of the Use in War of Asphyxiating, Poisonous or Other Gases, and of Bacteriological Methods of Warfare immediately after Swaziland?",country,"Swaziland signed the Geneva Protocol for the Prohibition of the Use in War of Asphyxiating, Poisonous or Other Gases, and of Bacteriological Methods of Warfare",Angola
"Which country signed the Geneva Protocol for the Prohibition of the Use in War of Asphyxiating, Poisonous or Other Gases, and of Bacteriological Methods of Warfare shortly after Swaziland?",country,Swaziland,Angola
"Which country signed the Geneva Protocol for the Prohibition of the Use in War of Asphyxiating, Poisonous or Other Gases, and of Bacteriological Methods of Warfare preceded by Swaziland?",country,Swaziland,Angola
"Which country signed the Geneva Protocol for the Prohibition of the Use in War of Asphyxiating, Poisonous or Other Gases, and of Bacteriological Methods of Warfare immediately after Liechtenstein?",country,Liechtenstein,Swaziland
"Which country signed the Geneva Protocol for the Prohibition of the Use in War of Asphyxiating, Poisonous or Other Gases, and of Bacteriological Methods of Warfare preceded by Liechtenstein?",country,Liechtenstein,Swaziland
"Which country signed the Geneva Protocol for the Prohibition of the Use in War of Asphyxiating, Poisonous or Other Gases, and of Bacteriological Methods of Warfare soon after Nicaragua?",country,Nicaragua,Albania
Which country authorized the Geneva Protocol for the Prohibition of the Use in War of Asphyxiating immediately subsequent to country Nicaragua?,country,country Nicaragua,Albania
"Which country signed the Geneva Protocol for the Prohibition of the Use in War of Asphyxiating, Poisonous or Other Gases, and of Bacteriological Methods of Warfare soon after Swaziland?",country,Swaziland,Angola
"Which country signed the Geneva Protocol for the Prohibition of the Use in War of Asphyxiating, Poisonous or Other Gases, and of Bacteriological Methods of Warfare soon after Slovakia?",country,Slovakia,Algeria
"Which country signed the Geneva Protocol for the Prohibition of the Use in War of Asphyxiating, Poisonous or Other Gases, and of Bacteriological Methods of Warfare shortly after Slovakia?",country,Slovakia,Algeria
"Which country signed the Geneva Protocol for the Prohibition of the Use in War of Asphyxiating, Poisonous or Other Gases, and of Bacteriological Methods of Warfare right after Slovakia?",country,Slovakia,Algeria
"Which country signed the Geneva Protocol for the Prohibition of the Use in War of Asphyxiating, Poisonous or Other Gases, and of Bacteriological Methods of Warfare immediately after Slovakia?",country,Slovakia,Algeria
Which film was released by Rajshree Production just after Film Jeevan Mrityu?,Rajshree Production,Film Jeevan Mrityu,Uphaar
Which movie was produced by Rajshree production house immediately after movie Jeevan Mrityu?,Rajshree production house,movie Jeevan Mrityu,Uphaar
Which movie was produced by Rajshree production house immediately after movie Aarti?,Rajshree production house,movie Aarti,Dosti
Which film was released by Rajshree Production just after Film Taqdeer?,Rajshree Production,Film Taqdeer,Jeevan Mrityu
Which movie did Rajshree Production launch preceded by movie Taqdeer?,Rajshree Production,movie Taqdeer,Jeevan Mrityu
Which movie did rajshree production bring into the market just after Suraj?,rajshree production,Suraj,Taqdeer
Which movie was produced by Rajshree production house immediately after movie Suraj?,Rajshree production house,movie Suraj,Taqdeer
Which film was released by Rajshree Production right after movie Jeevan Mrityu?,Rajshree Production,movie Jeevan Mrityu,Uphaar
Which movie's promotion by Rajshree production was straight after Aarti?,Rajshree production,Aarti,Dosti
Which movie did Rajshee Production premiere just subsequent to Aarti?,Rajshee Production,Aarti,Dosti
Which film was released by Rajshree Production just after Film Suraj?,Rajshree Production,Film Suraj,Taqdeer
Which film was released by Rajshree Production right after movie Suraj?,Rajshree Production,movie Suraj,Taqdeer
Which movie's promotion by Rajshree production was straight after Taqdeer?,Rajshree production,Taqdeer,Jeevan Mrityu
Which movie did rajshree production bring into the market just after Taqdeer?,rajshree production,Taqdeer,Jeevan Mrityu
Which film was released by Rajshree Production right after movie Aarti?,Rajshree Production,movie Aarti,Dosti
Which movie did Rajshree Production launch preceded by movie Aarti?,Rajshree Production,movie Aarti,Dosti
Which movie did rajshree production bring into the market just after Suraj?,rajshree production,Suraj,Taqdeer
Which movie did rajshree production bring into the market just after Taqdeer?,rajshree production,Taqdeer,Jeevan Mrityu
Which movie did Rajshee Production premiere just subsequent to Taqdeer?,Rajshee Production,Taqdeer,Jeevan Mrityu
Which film was released by Rajshree Production just after Film Dosti?,Rajshree Production,Film Dosti,Suraj
Which movie did Rajshree Production launch preceded by movie Dosti?,Rajshree Production,movie Dosti,Suraj
Which movie's promotion by Rajshree production was straight after Suraj?,Rajshree production,Suraj,Taqdeer
Which movie did Rajshree Production launch preceded by movie Suraj?,Rajshree Production,movie Suraj,Taqdeer
Which movie was produced by Rajshree production house immediately after movie Taqdeer?,Rajshree production house,movie Taqdeer,Jeevan Mrityu
Which movie did Rajshree Production launch preceded by movie Taqdeer?,Rajshree Production,movie Taqdeer,Jeevan Mrityu
Which film was released by Rajshree Production just after Film Taqdeer?,Rajshree Production,Film Taqdeer,Jeevan Mrityu
Which movie was produced by Rajshree production house immediately after movie Taqdeer?,Rajshree production house,movie Taqdeer,Jeevan Mrityu
Which movie did Rajshee Production premiere just subsequent to Jeevan Mrityu?,Rajshee Production,Jeevan Mrityu,Uphaar
Which movie did Rajshree Production launch preceded by movie Jeevan Mrityu?,Rajshree Production,movie Jeevan Mrityu,Uphaar
Which movie's promotion by Rajshree production was straight after Taqdeer?,Rajshree production,Taqdeer,Jeevan Mrityu
Which movie did Rajshree Production launch preceded by movie Taqdeer?,Rajshree Production,movie Taqdeer,Jeevan Mrityu
Which movie's promotion by Rajshree production was straight after Jeevan Mrityu?,Rajshree production,Jeevan Mrityu,Uphaar
Which movie did Rajshree Production launch preceded by movie Jeevan Mrityu?,Rajshree Production,movie Jeevan Mrityu,Uphaar
Which film was released by Paramount Pictures right after movie Padmaavat?,Paramount Pictures,movie Padmaavat,The Cloverfield Paradox
Which movie's promotion by Paramount Pictures was straight after Padmaavat?,Paramount Pictures,Padmaavat,The Cloverfield Paradox
Which film was released by Paramount Pictures just after Film A Quiet Place?,Paramount Pictures,Film A Quiet Place,Book Club
Which movie did Paramount Pictures bring into the market just after A Quiet Place?,Paramount Pictures,A Quiet Place,Book Club
Which film was released by Paramount Pictures right after movie Book Club?,Paramount Pictures,movie Book Club,Action Point
Which movie did Paramount Pictures premiere just subsequent to Book Club?,Paramount Pictures,Book Club,Action Point
Which film was released by Paramount Pictures just after Film Book Club?,Paramount Pictures,Film Book Club,Action Point
Which movie's promotion by Paramount Pictures was straight after Book Club?,movie,Book Club,Action Point
Which movie's promotion by Paramount Pictures was straight after Downsizing?,Paramount Pictures,Downsizing,Padmaavat
Which movie did Paramount Pictures launch preceded by movie Downsizing?,Paramount Pictures,movie Downsizing,Padmaavat
Which film was released by Paramount Pictures just after Film The Cloverfield Paradox?,Paramount Pictures,Film The Cloverfield Paradox,Annihilation
Which movie did Paramount Pictures launch preceded by movie The Cloverfield Paradox?,Paramount Pictures,movie The Cloverfield Paradox,Annihilation
Which movie did Paramount Pictures bring into the market just after Sherlock Gnomes?,Paramount Pictures,Sherlock Gnomes,A Quiet Place
Which film was released by Paramount Pictures right after movie Annihilation?,Paramount Pictures,movie Annihilation,Sherlock Gnomes
Which movie's promotion by Paramount Pictures was straight after Annihilation?,Paramount Pictures,Annihilation,Sherlock Gnomes
Which movie did Paramount Pictures premiere just subsequent to Sherlock Gnomes?,Paramount Pictures,Sherlock Gnomes,A Quiet Place
Which movie did Paramount Pictures launch preceded by movie Sherlock Gnomes?,Paramount Pictures,movie Sherlock Gnomes,A Quiet Place
Which movie did Paramount Pictures bring into the market just after Downsizing?,Paramount Pictures,Downsizing,Padmaavat
Which movie was produced by Paramount Pictures production house immediately after movie Downsizing?,movie Downsizing,produced by Paramount Pictures production house,Padmaavat
Which movie did Paramount Pictures premiere just subsequent to Padmaavat?,Paramount Pictures,Padmaavat,The Cloverfield Paradox
Which film was released by Paramount Pictures right after movie Book Club?,Paramount Pictures,movie Book Club,Action Point
Which movie did Paramount Pictures bring into the market just after Book Club?,Paramount Pictures,Book Club,Action Point
Which movie did Paramount Pictures bring into the market just after A Quiet Place?,Paramount Pictures,A Quiet Place,Book Club
Which movie did Paramount Pictures premiere just subsequent to A Quiet Place?,Paramount Pictures,A Quiet Place,Book Club
Which movie's promotion by Paramount Pictures was straight after Annihilation?,Paramount Pictures,Annihilation,Sherlock Gnomes
Which movie did Paramount Pictures bring into the market just after Annihilation?,Paramount Pictures,Annihilation,Sherlock Gnomes
Which movie did Paramount Pictures bring into the market just after Sherlock Gnomes?,Paramount Pictures,Sherlock Gnomes,A Quiet Place
Which movie did Paramount Pictures launch preceded by movie Sherlock Gnomes?,Paramount Pictures,movie Sherlock Gnomes,A Quiet Place
Which movie was produced by Paramount Pictures production house immediately after movie Downsizing?,Paramount Pictures,movie Downsizing,Padmaavat
Which movie did Paramount Pictures launch preceded by movie Downsizing?,Paramount Pictures,movie Downsizing,Padmaavat
Which film was released by Paramount Pictures just after Film Downsizing?,Paramount Pictures,Film Downsizing,Padmaavat
Which film was released by Paramount Pictures right after movie Downsizing?,Paramount Pictures,movie Downsizing,Padmaavat
Which movie's promotion by Paramount Pictures was straight after Annihilation?,Paramount Pictures,Annihilation,Sherlock Gnomes
Which movie did Paramount Pictures premiere just subsequent to Annihilation?,Paramount Pictures,Annihilation,Sherlock Gnomes
Which movie did the Warner Bros. launch preceded by movie Western Stars?,Warner Bros.,movie Western Stars,Motherless Brooklyn
Which movie did WB production house bring to the market just after Motherless Brooklyn?,WB production house,Motherless Brooklyn,Doctor Sleep
Which movie did Warner Bros. premiere just subsequent to Motherless Brooklyn?,Warner Bros.,Motherless Brooklyn,Doctor Sleep
Which film was released by Warner Bros. just after Film Richard Jewell?,Film Richard Jewell,released by Warner Bros.,Just Mercy
Which movie's promotion by WB production house was straight after Western Stars?,movie,Western Stars,Motherless Brooklyn
Which movie did WB production house bring to the market just after The Good Liar?,WB production house,The Good Liar,Richard Jewell
Which movie did Warner Bros. premiere just subsequent to The Good Liar?,Warner Bros.,The Good Liar,Richard Jewell
Which movie did Warner Bros. premiere just subsequent to The Good Liar?,Warner Bros.,The Good Liar,Richard Jewell
Which movie did the Warner Bros. launch preceded by movie The Good Liar?,Warner Bros.,movie The Good Liar,Richard Jewell
Which film was released by Warner Bros. right after movie Richard Jewell?,Warner Bros.,movie Richard Jewell,Just Mercy
Which movie did WB production house bring to the market just after Richard Jewell?,WB production house,Richard Jewell,Just Mercy
Which film was released by Warner Bros. right after movie Western Stars?,movie Western Stars,released by Warner Bros.,Motherless Brooklyn
Which movie was produced by Warner Bros. production house immediately after movie Western Stars?,movie,movie Western Stars,Motherless Brooklyn
Which movie did WB production house bring to the market just after Richard Jewell?,WB production house,Richard Jewell,Just Mercy
Which movie was produced by Warner Bros. production house immediately after movie Joker?,movie Joker,produced by Warner Bros. production house,Western Stars
Which film was released by Warner Bros. right after movie Doctor Sleep?,Warner Bros.,movie Doctor Sleep,The Good Liar
Which movie did Warner Bros. premiere just subsequent to Doctor Sleep?,Warner Bros.,Doctor Sleep,The Good Liar
Which film was released by Warner Bros. just after Film Western Stars?,Warner Bros.,Film Western Stars,Motherless Brooklyn
Which movie did the Warner Bros. launch preceded by movie Doctor Sleep?,Warner Bros.,movie Doctor Sleep,The Good Liar
Which movie's promotion by WB production house was straight after Doctor Sleep?,WB production house,Doctor Sleep,The Good Liar
Which movie did the Warner Bros. launch preceded by movie Doctor Sleep?,Warner Bros.,movie Doctor Sleep,The Good Liar
Which movie's promotion by WB production house was straight after Western Stars?,movie,Western Stars,Motherless Brooklyn
Which movie did Warner Bros. premiere just subsequent to Western Stars?,Warner Bros.,Western Stars,Motherless Brooklyn
Which movie did WB production house bring to the market just after Joker?,WB production house,Joker,Western Stars
Which movie was produced by Warner Bros. production house immediately after movie The Goldfinch?,Warner Bros. production house,movie The Goldfinch,Joker
Which movie did Warner Bros. premiere just subsequent to The Goldfinch?,Warner Bros.,The Goldfinch,Joker
Which film was released by Warner Bros. right after movie The Good Liar?,Warner Bros.,movie The Good Liar,Richard Jewell
Which movie did WB production house bring to the market just after The Good Liar?,WB production house,The Good Liar,Richard Jewell
Which movie's promotion by WB production house was straight after Doctor Sleep?,movie,Doctor Sleep,The Good Liar
Which movie was produced by Warner Bros. production house immediately after movie Doctor Sleep?,Warner Bros. production house,movie Doctor Sleep,The Good Liar
Which movie was produced by Warner Bros. production house immediately after movie Western Stars?,movie,movie Western Stars,Motherless Brooklyn
Which movie did Warner Bros. premiere just subsequent to Western Stars?,Warner Bros.,Western Stars,Motherless Brooklyn
Which movie did Warner Bros. premiere just subsequent to The Good Liar?,Warner Bros.,The Good Liar,Richard Jewell
Which movie's promotion by WB production house was straight after Motherless Brooklyn?,WB production house,Motherless Brooklyn,Doctor Sleep
Which movie did WB production house bring to the market just after Motherless Brooklyn?,WB production house,Motherless Brooklyn,Doctor Sleep
Which country joined the Arab League just after Mauritania?,country,Mauritania,Somalia
Which country signed the Arab league immediately after Mauritania?,country,Mauritania,Somalia
Who joined the Arab League shortly after Oman?,the Arab League,Oman,United Arab Emirates
Which country signed the Arab league immediately after Djibouti?,country,Djibouti,Comoros
Which country was the Arab League signed by soon after Djibouti?,the Arab League,Djibouti,Comoros
Which country joined the Arab League just after Djibouti?,country,Djibouti,Comoros
Which country was the Arab League signed by soon after Djibouti?,the Arab League,Djibouti,Comoros
Which country signed the Arab league immediately after Mauritania?,country,Mauritania,Somalia
Which country was inducted into the Arab League immediately after country Mauritania?,country Mauritania,inducted into the Arab League,Somalia
Which country is arab league membership taken by preceded by United Arab Emirates?,Arab League membership,United Arab Emirates,Mauritania
Which country signed the Arab league immediately after United Arab Emirates?,country,United Arab Emirates,Mauritania
Which country became a part of the Arab League just subsequent to United Arab Emirates?,country,United Arab Emirates,Mauritania
Which country signed the Arab league immediately after Oman?,country,Oman,United Arab Emirates
Which country became a part of the Arab League just subsequent to Oman?,country,Oman,United Arab Emirates
Which country signed the Arab league immediately after Oman?,country,Oman,United Arab Emirates
Which country was inducted into the Arab League immediately after country Oman?,country,country Oman,United Arab Emirates
Which country was the Arab League signed by soon after United Arab Emirates?,Arab League,United Arab Emirates,Mauritania
Which country was inducted into the Arab League immediately after country United Arab Emirates?,country United Arab Emirates,inducted into the Arab League,Mauritania
Which country became a part of the Arab League just subsequent to Somalia?,country,Somalia,Djibouti
Who joined the Arab League shortly after Djibouti?,the Arab League,Djibouti,Comoros
Which country signed the Arab league immediately after Djibouti?,country,Djibouti,Comoros
Which country signed the Arab league immediately after Oman?,country,Oman,United Arab Emirates
Which country was the Arab League signed by soon after Oman?,the Arab League,Oman,United Arab Emirates
Which country signed the Arab league immediately after Somalia?,country,Somalia,Djibouti
Which country joined the Arab League just after Djibouti?,country,Djibouti,Comoros
Who joined the Arab League shortly after Djibouti?,Who,Djibouti,Comoros
Which country joined the Arab League just after Oman?,country,Oman,United Arab Emirates
Which country is arab league membership taken by preceded by Oman?,Arab League membership,Oman,United Arab Emirates
Which country was inducted into the Arab League immediately after country Mauritania?,country,country Mauritania,Somalia
Which country became a part of the Arab League just subsequent to Mauritania?,country,Mauritania,Somalia
Which country became a part of the Arab League just subsequent to Mauritania?,country,Mauritania,Somalia
Which country is arab league membership taken by preceded by Mauritania?,arab league membership,Mauritania,Somalia
Which country was inducted into the Arab League immediately after country Somalia?,country,country Somalia,Djibouti
Which country was the Arab League signed by soon after United Arab Emirates?,Arab League,United Arab Emirates,Mauritania
Which country became a part of the Arab League just subsequent to Djibouti?,country,Djibouti,Comoros
Which country is arab league membership taken by preceded by Djibouti?,arab league membership,Djibouti,Comoros
Which country was inducted into the Arab League immediately after country Oman?,country,country Oman,United Arab Emirates
Which country is arab league membership taken by preceded by Oman?,arab league membership,Oman,United Arab Emirates
Who joined the Arab League shortly after Mauritania?,the Arab League,Mauritania,Somalia
Which country signed the Arab league immediately after Mauritania?,country,Mauritania,Somalia
Who joined the Arab League shortly after United Arab Emirates?,Arab League,United Arab Emirates,Mauritania
Which country hosted the G20 summit right after Germany?,country,Germany,Argentina
Which country was the G20 summit hosted by shortly after Germany?,the G20 summit,Germany,Argentina
Which country organized the G20 summit just subsequent to Argentina?,country,Argentina,Japan
Which country was the G-20 summit hosted by right after China?,the G-20 summit,China,Turkey
Which country hosted the G20 summit right after South Korea?,country,South Korea,France
Which country hosted the G20 summit preceded by South Korea?,country,South Korea,France
Which country was the G-20 summit hosted by right after France?,the G-20 summit,France,South Korea
Which country hosted the G20 summit right after Turkey?,country,Turkey,China
Which country hosted the G20 summit preceded by Turkey?,G20 summit,Turkey,China
Which country was the G-20 summit hosted by right after China?,the G-20 summit,China,Turkey
Which country was the G-20 summit hosted by immediately after Russia?,the G-20 summit,Russia,Australia
Which country hosted the G20 summit just after country Russia?,country,country Russia,Australia
Which country organized the G20 summit just subsequent to Canada?,country,Canada,South Korea
Which country was the G-20 summit hosted by right after Saudi Arabia?,the G-20 summit,Saudi Arabia,Japan
Which country hosted the G20 summit right after Mexico?,country,Mexico,Russia
Which country hosted the G20 summit preceded by Mexico?,G20 summit,Mexico,Russia
Which country was the G-20 summit hosted by right after Australia?,the G-20 summit,Australia,Russia
Which country was the G20 annual summit held in right after country Russia?,the G20 annual summit,country Russia,Australia
Which country was the G-20 summit hosted by immediately after Turkey?,the G-20 summit,Turkey,China
Which country hosted the G20 summit just after country Turkey?,country,country Turkey,China
Which country hosted the G20 summit just after country South Korea?,country,country South Korea,France
Which country organized the G20 summit just subsequent to South Korea?,country,South Korea,France
Which country hosted the G20 summit just after country Argentina?,country,country Argentina,Japan
Which country hosted the G20 summit preceded by Argentina?,country,Argentina,Japan
Which country was the G-20 summit hosted by immediately after China?,the G-20 summit,China,Germany
Which country organized the G20 summit just subsequent to China?,country,China,Germany
Which country hosted the G20 summit right after Japan?,country,Japan,Saudi Arabia
Which country was the G20 annual summit held in right after country Japan?,the G20 annual summit,country Japan,Saudi Arabia
Which country hosted the G20 summit right after Argentina?,country,Argentina,Japan
Which country organized the G20 summit just subsequent to France?,country,France,Mexico
Which country was the G-20 summit hosted by immediately after Canada?,the G-20 summit,Canada,South Korea
Which country was the G20 annual summit held in right after country Canada?,G20 annual summit,country Canada,South Korea
Which country was the G-20 summit hosted by right after Argentina?,the G-20 summit,Argentina,Germany
Which country was the G20 annual summit held in right after country South Korea?,G20 annual summit,country South Korea,France
Which country organized the G20 summit just subsequent to South Korea?,country,South Korea,France
Which country hosted the G20 summit right after Germany?,country,Germany,Argentina
Which country organized the G20 summit just subsequent to Germany?,country,Germany,Argentina
Which country hosted the G20 summit just after country France?,country,country France,Mexico
Which country hosted the G20 summit preceded by France?,country,France,Mexico
Which satellite was launched by ISRO just after Rohini RS-D1?,satellite,Rohini RS-D1,APPLE
What did ISRO launch shortly after Rohini RS-D1?,ISRO,Rohini RS-D1,APPLE
What did the Indian space research organization launch immediately after Rohini RS-1?,the Indian space research organization,Rohini RS-1,Rohini RS-D1
Which satellite was launched by the Indian space research organization preceded by Rohini RS-1?,satellite,Rohini RS-1,Rohini RS-D1
What did the Indian space research organization launch immediately after Rohini RS-D1?,Indian space research organization,Rohini RS-D1,APPLE
Which satellite was put into orbit by ISRO immediately subsequent to Rohini RS-D1?,satellite,Rohini RS-D1,APPLE
What did the Indian space research organization launch immediately after Rohini Technology Payload?,Indian space research organization,Rohini Technology Payload,Rohini RS-1
"Which satellite was launched by ISRO, India shortly after Rohini Technology Payload?",satellite,Rohini Technology Payload,Rohini RS-1
Which satellite was launched by the Indian space research organization preceded by Bhaskara Sega-I?,satellite,Bhaskara Sega-I,Rohini Technology Payload
Which satellite was put into orbit by ISRO immediately subsequent to Aryabhata?,satellite,Aryabhata,Bhaskara Sega-I
Which satellite was launched by the Indian space research organization preceded by Aryabhata?,satellite,Aryabhata,Bhaskara Sega-I
"Which satellite was launched by ISRO, India shortly after APPLE?",satellite,APPLE,Bhaskara-II
Which satellite was launched by the Indian space research organization preceded by APPLE?,satellite,APPLE,Bhaskara-II
What did the Indian space research organization launch immediately after Aryabhata?,the Indian space research organization,Aryabhata,Bhaskara Sega-I
"Which satellite was launched by ISRO, India shortly after Bhaskara-II?",satellite,Bhaskara-II,INSAT-1A
Which satellite was launched by the Indian space research organization preceded by Bhaskara-II?,satellite,Bhaskara-II,INSAT-1A
What did ISRO launch shortly after Rohini Technology Payload?,ISRO,Rohini Technology Payload,Rohini RS-1
Which satellite was put into orbit by ISRO immediately subsequent to Rohini Technology Payload?,satellite,Rohini Technology Payload,Rohini RS-1
"Which satellite was launched by ISRO, India shortly after Bhaskara Sega-I?",satellite,Bhaskara Sega-I,Rohini Technology Payload
Which satellite was launched by the Indian space research organization preceded by Bhaskara Sega-I?,satellite,Bhaskara Sega-I,Rohini Technology Payload
What did ISRO launch shortly after APPLE?,ISRO,APPLE,Bhaskara-II
Which satellite was put into orbit by ISRO immediately subsequent to APPLE?,satellite,APPLE,Bhaskara-II
Which satellite was put into orbit by ISRO immediately subsequent to APPLE?,satellite,APPLE,Bhaskara-II
What did the Indian space research organization launch immediately after INSAT-1A?,the Indian space research organization,INSAT-1A,Rohini RS-D2
Which satellite was put into orbit by ISRO immediately subsequent to INSAT-1A?,satellite,INSAT-1A,Rohini RS-D2
Which satellite was launched by ISRO just after Rohini RS-1?,satellite,Rohini RS-1,Rohini RS-D1
Which satellite was put into orbit by ISRO immediately subsequent to Rohini RS-1?,satellite,Rohini RS-1,Rohini RS-D1
"Which satellite was launched by ISRO, India shortly after Rohini RS-1?",satellite,Rohini RS-1,Rohini RS-D1
Which satellite was launched by the Indian space research organization preceded by Rohini RS-1?,satellite,Rohini RS-1,Rohini RS-D1
Which satellite did ISRO launch immediately after Bhaskara-II?,ISRO,Bhaskara-II,INSAT-1A
Which satellite was launched by the Indian space research organization preceded by Bhaskara-II?,satellite,Bhaskara-II,INSAT-1A
Which satellite was put into orbit by ISRO immediately subsequent to Rohini RS-D1?,satellite,Rohini RS-D1,APPLE
Which satellite was launched by ISRO just after Rohini RS-1?,satellite,Rohini RS-1,Rohini RS-D1
What did ISRO launch shortly after Rohini RS-1?,ISRO,Rohini RS-1,Rohini RS-D1
Which spacecraft did NASA launch shortly after Explorer 2?,NASA,Explorer 2,Vanguard 1C
Which spacecraft was launched by NASA just after Explorer 4?,NASA,Explorer 4,Pioneer 0
What did the National Aeronautics and Space Administration launch immediately after Explorer 3?,National Aeronautics and Space Administration,Explorer 3,Vanguard 2A
Which spacecraft was launched by the National Aeronautics and Space Administration preceded by Explorer 3?,spacecraft,Explorer 3,Vanguard 2A
Which satellite was put into orbit by NASA immediately subsequent to Vanguard 1B?,satellite,Vanguard 1B,Explorer 2
Which spacecraft was launched by NASA just after Explorer 3?,NASA,Explorer 3,Vanguard 2A
Which satellite did NASA launch immediately after Explorer 3?,NASA,Explorer 3,Vanguard 2A
Which satellite was put into orbit by NASA immediately subsequent to Vanguard 1C?,satellite,Vanguard 1C,Explorer 3
Which spacecraft was launched by the National Aeronautics and Space Administration preceded by Vanguard 1C?,spacecraft,Vanguard 1C,Explorer 3
Which spacecraft was launched by NASA just after Explorer 2?,NASA,Explorer 2,Vanguard 1C
Which spacecraft was launched by the National Aeronautics and Space Administration preceded by Explorer 2?,spacecraft,Explorer 2,Vanguard 1C
"Which satellite was launched by NASA, USA shortly after Vanguard 1C?",satellite,Vanguard 1C,Explorer 3
Which spacecraft was launched by the National Aeronautics and Space Administration preceded by Vanguard 1C?,spacecraft,Vanguard 1C,Explorer 3
Which spacecraft did NASA launch shortly after Explorer 2?,NASA,Explorer 2,Vanguard 1C
Which satellite was put into orbit by NASA immediately subsequent to Explorer 2?,satellite,Explorer 2,Vanguard 1C
"Which satellite was launched by NASA, USA shortly after Vanguard 1A?",satellite,Vanguard 1A,Explorer 1
Which spacecraft was launched by the National Aeronautics and Space Administration preceded by Vanguard 1A?,spacecraft,Vanguard 1A,Explorer 1
What did the National Aeronautics and Space Administration launch immediately after Vanguard 2A?,National Aeronautics and Space Administration,Vanguard 2A,Vanguard 2B
Which satellite was put into orbit by NASA immediately subsequent to Vanguard 2A?,satellite,Vanguard 2A,Vanguard 2B
"Which satellite was launched by NASA, USA shortly after Vanguard 2B?",satellite,Vanguard 2B,Vanguard 2C
Which satellite was put into orbit by NASA immediately subsequent to Vanguard 2B?,satellite,Vanguard 2B,Vanguard 2C
Which spacecraft was launched by NASA just after Vanguard 2B?,NASA,Vanguard 2B,Vanguard 2C
Which spacecraft did NASA launch shortly after Vanguard 2B?,NASA,Vanguard 2B,Vanguard 2C
Which spacecraft did NASA launch shortly after Vanguard 2C?,NASA,Vanguard 2C,Explorer 4
What did the National Aeronautics and Space Administration launch immediately after Vanguard 2C?,National Aeronautics and Space Administration,Vanguard 2C,Explorer 4
Which spacecraft was launched by NASA just after Explorer 3?,NASA,Explorer 3,Vanguard 2A
Which spacecraft did NASA launch shortly after Explorer 3?,NASA,Explorer 3,Vanguard 2A
"Which satellite was launched by NASA, USA shortly after Explorer 3?",satellite,Explorer 3,Vanguard 2A
Which spacecraft was launched by the National Aeronautics and Space Administration preceded by Explorer 3?,spacecraft,Explorer 3,Vanguard 2A
"Which satellite was launched by NASA, USA shortly after Vanguard 1B?",satellite,Vanguard 1B,Explorer 2
Which satellite was put into orbit by NASA immediately subsequent to Vanguard 1B?,satellite,Vanguard 1B,Explorer 2
Which satellite did NASA launch immediately after Explorer 2?,NASA,Explorer 2,Vanguard 1C
Which spacecraft was launched by the National Aeronautics and Space Administration preceded by Explorer 2?,spacecraft,Explorer 2,Vanguard 1C
Which spacecraft did NASA launch shortly after Explorer 1?,NASA,Explorer 1,Vanguard 1B
Which satellite did NASA launch immediately after Explorer 1?,NASA,Explorer 1,Vanguard 1B
"Which satellite was launched by NASA, USA shortly after Vanguard 1C?",satellite,Vanguard 1C,Explorer 3
Which satellite did NASA launch immediately after Vanguard 1C?,NASA,Vanguard 1C,Explorer 3
Which model was released by Tata Motors right after Telcoline?,Tata Motors,Telcoline,Sierra
Which model did Tata launch preceded by Telcoline?,Tata,Telcoline,Sierra
Which car model was launched by Tata Motors shortly after car model Telcoline?,Tata Motors,car model Telcoline,Sierra
Which model did Tata launch preceded by Telcoline?,Tata,Telcoline,Sierra
Which model did Tata launch preceded by Estate?,Tata,Estate,Sumo
Which model was rolled out by Tata Motors preceded by Estate?,Tata Motors,Estate,Sumo
Which model was released by Tata Motors right after Estate?,Tata Motors,Estate,Sumo
Which model did Tata Motors bring into the market just after Estate?,Tata Motors,Estate,Sumo
Which car model was launched by Tata Motors shortly after car model Estate?,Tata Motors,car model Estate,Sumo
Which model was rolled out by Tata Motors preceded by Estate?,Tata Motors,Estate,Sumo
Which model was introduced by Tata immediately after Sierra?,Tata,Sierra,Estate
Which model's induction by Tata was straight after Tata Sierra?,Tata,Tata Sierra,Estate
Which model was introduced by Tata immediately after Telcoline?,Tata,Telcoline,Sierra
Which model was released by Tata Motors right after Telcoline?,Tata Motors,Telcoline,Sierra
Which model's induction by Tata was straight after Tata Telcoline?,Tata,Tata Telcoline,Sierra
Which model did Tata Motors bring into the market just after Telcoline?,Tata Motors,Telcoline,Sierra
Which model did Tata Motors bring into the market just after Sierra?,Tata Motors,Sierra,Estate
What did Tata Motors announce immediately subsequent to Sierra?,Tata Motors,Sierra,Estate
Which model did Tata launch preceded by Sierra?,Tata,Sierra,Estate
Which model was rolled out by Tata Motors preceded by Sierra?,Tata Motors,Sierra,Estate
Which model was released by Tata Motors right after Estate?,Tata Motors,Estate,Sumo
Which model was rolled out by Tata Motors preceded by Estate?,Tata Motors,Estate,Sumo
Which model was introduced by Tata immediately after Sierra?,Tata,Sierra,Estate
What did Tata Motors announce immediately subsequent to Sierra?,Tata Motors,Sierra,Estate
Which model's induction by Tata was straight after Tata Estate?,Tata,Tata Estate,Sumo
Which model was rolled out by Tata Motors preceded by Estate?,Tata Motors,Estate,Sumo
Which model was introduced by Tata immediately after Sierra?,Tata,Sierra,Estate
Which model did Tata launch preceded by Sierra?,Tata,Sierra,Estate
Which model was released by Tata Motors right after Telcoline?,Tata Motors,Telcoline,Sierra
Which model's induction by Tata was straight after Tata Telcoline?,Tata,Tata Telcoline,Sierra
Which model was introduced by Tata immediately after Estate?,Tata,Estate,Sumo
What did Tata Motors announce immediately subsequent to Estate?,Tata Motors,Estate,Sumo
Which model was released by Tata Motors right after Sierra?,Tata Motors,Sierra,Estate
Which model was rolled out by Tata Motors preceded by Sierra?,Tata Motors,Sierra,Estate
What did Tata Motors announce immediately subsequent to Estate?,Tata Motors,Estate,Sumo
Which model did Tata launch preceded by Estate?,Tata,Estate,Sumo
Which model was introduced by Tata immediately after Telcoline?,Tata,Telcoline,Sierra
Which model did Tata launch preceded by Telcoline?,Tata,Telcoline,Sierra
What did Tata Motors announce immediately subsequent to Telcoline?,Tata Motors,Telcoline,Sierra
Which model did Tata launch preceded by Telcoline?,Tata,Telcoline,Sierra
Which model was introduced by Tata immediately after Estate?,Tata,Estate,Sumo
Which model's induction by Tata was straight after Tata Estate?,Tata,Tata Estate,Sumo
Which model was introduced by Tata immediately after Sierra?,Tata,Sierra,Estate
Which model did Tata Motors bring into the market just after Sierra?,Tata Motors,Sierra,Estate
Which satellite was put into orbit by ESA immediately subsequent to ESRO-2B?,satellite,ESRO-2B,ESRO-1A
Which satellite was launched by the European Space Agency preceded by ESRO-2B?,satellite,ESRO-2B,ESRO-1A
What did the European Space Agency launch immediately after ESRO-2B?,the European Space Agency,ESRO-2B,ESRO-1A
What did the European Space Agency launch immediately after HEOS-A2?,European Space Agency,HEOS-A2,TD-1A
"Which satellite was launched by ESA, Europe shortly after HEOS-A2?",satellite,HEOS-A2,TD-1A
"Which satellite was launched by ESA, Europe shortly after ESRO-1B?","ESA, Europe",ESRO-1B,HEOS-A2
Which satellite was launched by the European Space Agency preceded by ESRO-1B?,satellite,ESRO-1B,HEOS-A2
What did ESA launch shortly after ESRO-2B?,ESA,ESRO-2B,ESRO-1A
"Which satellite was launched by ESA, Europe shortly after HEOS-A1?",satellite,HEOS-A1,ESRO-1B
What did ESA launch shortly after HEOS-A2?,ESA,HEOS-A2,TD-1A
What did ESA launch shortly after HEOS-A1?,ESA,HEOS-A1,ESRO-1B
Which satellite was launched by the European Space Agency preceded by HEOS-A1?,satellite,HEOS-A1,ESRO-1B
Which satellite was launched by ESA just after HEOS-A1?,satellite,HEOS-A1,ESRO-1B
Which satellite was launched by the European Space Agency preceded by HEOS-A1?,satellite,HEOS-A1,ESRO-1B
Which satellite was put into orbit by ESA immediately subsequent to ESRO-1B?,satellite,ESRO-1B,HEOS-A2
Which satellite was launched by the European Space Agency preceded by HEOS-A2?,satellite,HEOS-A2,TD-1A
Which satellite was launched by ESA just after ESRO-1B?,satellite,ESRO-1B,HEOS-A2
What did the European Space Agency launch immediately after ESRO-1B?,European Space Agency,ESRO-1B,HEOS-A2
Which satellite was put into orbit by ESA immediately subsequent to HEOS-A1?,satellite,HEOS-A1,ESRO-1B
Which satellite was launched by the European Space Agency preceded by TD-1A?,satellite,TD-1A,ESRO-4
Which satellite was put into orbit by ESA immediately subsequent to ESRO-1A?,satellite,ESRO-1A,HEOS-A1
What did the European Space Agency launch immediately after ESRO-2B?,the European Space Agency,ESRO-2B,ESRO-1A
Which satellite was launched by the European Space Agency preceded by ESRO-2B?,satellite,ESRO-2B,ESRO-1A
What did the European Space Agency launch immediately after ESRO-1B?,European Space Agency,ESRO-1B,HEOS-A2
What did ESA launch shortly after ESRO-1A?,ESA,ESRO-1A,HEOS-A1
What did ESA launch shortly after HEOS-A2?,ESA,HEOS-A2,TD-1A
"Which satellite was launched by ESA, Europe shortly after ESRO-1A?","ESA, Europe",ESRO-1A,HEOS-A1
What did the European Space Agency launch immediately after TD-1A?,the European Space Agency,TD-1A,ESRO-4
"Which satellite was launched by ESA, Europe shortly after TD-1A?",satellite,TD-1A,ESRO-4
Which satellite was launched by ESA just after HEOS-A1?,satellite,HEOS-A1,ESRO-1B
Which satellite was put into orbit by ESA immediately subsequent to HEOS-A1?,satellite,HEOS-A1,ESRO-1B
Which satellite was launched by the European Space Agency preceded by ESRO-2B?,satellite,ESRO-2B,ESRO-1A
Which film's direction was carried out by Christopher Nolan immediately after the direction of Memento?,Christopher Nolan,the direction of Memento,Insomnia
Which film's direction was taken up by Christopher Nolan shortly after Memento?,Christopher Nolan,Memento,Insomnia
Which film did Christopher Nolan direct immediately subsequent to The Dark Knight?,Christopher Nolan,The Dark Knight,Inception
Which film was directed by Christopher Nolan preceded by film The Dark Knight?,film,film The Dark Knight,Inception
Which film's direction was carried out by Christopher Nolan immediately after the direction of Insomnia?,Christopher Nolan,the direction of Insomnia,Batman Begins
Which film's direction was taken up by Christopher Nolan shortly after Insomnia?,Christopher Nolan,Insomnia,Batman Begins
Which film's direction was taken up by Christopher Nolan shortly after The Dark Knight?,Christopher Nolan,The Dark Knight,Inception
Which film was directed by Christopher Nolan preceded by film The Dark Knight?,film,film The Dark Knight,Inception
Which movie has been directed by Christopher Nolan right after The Dark Knight?,Christopher Nolan,The Dark Knight,Inception
Which film was directed by Christopher Nolan preceded by film The Dark Knight?,film,film The Dark Knight,Inception
Which film did Christopher Nolan direct immediately subsequent to The Dark Knight?,Christopher Nolan,The Dark Knight,Inception
Which film's direction was carried out by Christopher Nolan immediately after the direction of The Dark Knight?,Christopher Nolan,the direction of The Dark Knight,Inception
Which film did Christopher Nolan direct immediately subsequent to The Dark Knight?,Christopher Nolan,The Dark Knight,Inception
Which film's direction was carried out by Christopher Nolan immediately after the direction of Insomnia?,Christopher Nolan,the direction of Insomnia,Batman Begins
Which movie has been directed by Christopher Nolan right after Insomnia?,Christopher Nolan,Insomnia,Batman Begins
Which film's direction was taken up by Christopher Nolan shortly after Batman Begins?,Christopher Nolan,Batman Begins,The Prestige
Which movie has been directed by Christopher Nolan right after Batman Begins?,Christopher Nolan,Batman Begins,The Prestige
Which movie was directed by Christopher Nolan immediately after Batman Begins?,Christopher Nolan,Batman Begins,The Prestige
Which film did Christopher Nolan direct immediately subsequent to Batman Begins?,Christopher Nolan,Batman Begins,The Prestige
Which film's direction was taken up by Christopher Nolan shortly after The Dark Knight?,Christopher Nolan,The Dark Knight,Inception
Which movie has been directed by Christopher Nolan right after The Dark Knight?,Christopher Nolan,The Dark Knight,Inception
Which movie was directed by Christopher Nolan immediately after Following?,Christopher Nolan,Following,Memento
Which film's direction was carried out by Christopher Nolan immediately after the direction of Following?,Christopher Nolan,the direction of Following,Memento
Which film's direction was taken up by Christopher Nolan shortly after The Dark Knight?,Christopher Nolan,The Dark Knight,Inception
Which film did director Christopher Nolan direct just after The Dark Knight?,Christopher Nolan,The Dark Knight,Inception
Which movie was directed by Christopher Nolan immediately after The Dark Knight?,Christopher Nolan,The Dark Knight,Inception
Which movie has been directed by Christopher Nolan right after Batman Begins?,Christopher Nolan,Batman Begins,The Prestige
Which film did Christopher Nolan direct immediately subsequent to Batman Begins?,Christopher Nolan,Batman Begins,The Prestige
Which movie has been directed by Christopher Nolan right after The Dark Knight?,Christopher Nolan,The Dark Knight,Inception
Which film did director Christopher Nolan direct just after Batman Begins?,Christopher Nolan,Batman Begins,The Prestige
Which film did Christopher Nolan direct immediately subsequent to Batman Begins?,Christopher Nolan,Batman Begins,The Prestige
Which movie was directed by Christopher Nolan immediately after Batman Begins?,Christopher Nolan,Batman Begins,The Prestige
Which film was directed by Christopher Nolan preceded by film Batman Begins?,film,film Batman Begins,The Prestige
Which film's direction was taken up by Christopher Nolan shortly after Memento?,Christopher Nolan,Memento,Insomnia
Which film did director Christopher Nolan direct just after Memento?,Christopher Nolan,Memento,Insomnia
Which element did scientists detect as a new element just subsequent to Rhenium?,scientists,Rhenium,Technetium
Which element was discovered as a new element preceded by element Rhenium?,element,element Rhenium,Technetium
Which element was discovered as a new element shortly after Rhenium?,Rhenium,discovered as a new element,Technetium
Which element was discovered as a new element preceded by element Rhenium?,element,element Rhenium,Technetium
Which element was discovered as a new element preceded by element Technetium?,element,element Technetium,Francium
Which element was discovered as a new element just after Rhenium?,element,Rhenium,Technetium
Which element's discovery happened immediately after Rhenium?,element,Rhenium,Technetium
Which element was discovered as a new element shortly after Rhenium?,element,Rhenium,Technetium
Which element did scientists discover as a new element immediately after Protactinium?,scientists,Protactinium,Hafnium
Which element's discovery happened immediately after Hafnium?,element,Hafnium,Rhenium
Which element did scientists detect as a new element just subsequent to Hafnium?,scientists,Hafnium,Rhenium
Which element's discovery happened immediately after Protactinium?,element,Protactinium,Hafnium
Which element did scientists detect as a new element just subsequent to Protactinium?,scientists,Protactinium,Hafnium
Which element was discovered as a new element just after Protactinium?,element,Protactinium,Hafnium
Which element was discovered as a new element just after Europium?,Europium,discovered as a new element,Lutetium
Which element did scientists detect as a new element just subsequent to Europium?,Europium,scientists detect as a new element,Lutetium
Which element's discovery happened immediately after Lutetium?,element,Lutetium,Protactinium
Which element was discovered as a new element in the periodic table right after Lutetium?,element,Lutetium,Protactinium
Which element was discovered as a new element preceded by element Hafnium?,element,element Hafnium,Rhenium
Which element was discovered as a new element shortly after Lutetium?,Lutetium,discovered as a new element,Protactinium
Which element did scientists discover as a new element immediately after Lutetium?,scientists,Lutetium,Protactinium
Which element did scientists discover as a new element immediately after Lutetium?,scientists,Lutetium,Protactinium
Which element was discovered as a new element just after Hafnium?,element,Hafnium,Rhenium
Which element's discovery happened immediately after Hafnium?,element,Hafnium,Rhenium
Which element was discovered as a new element just after Hafnium?,element,Hafnium,Rhenium
Which element did scientists discover as a new element immediately after Hafnium?,scientists,Hafnium,Rhenium
Which element was discovered as a new element in the periodic table right after Radon?,element,Radon,Europium
Which element did scientists detect as a new element just subsequent to Radon?,scientists,Radon,Europium
Which element's discovery happened immediately after Lutetium?,element,Lutetium,Protactinium
Which element did scientists discover as a new element immediately after Lutetium?,scientists,Lutetium,Protactinium
Which element was discovered as a new element shortly after Hafnium?,element,Hafnium,Rhenium
Which element did scientists detect as a new element just subsequent to Hafnium?,scientists,Hafnium,Rhenium
Which book was written by John Grisham right after book The Firm?,John Grisham,book The Firm,The Pelican Brief
Which book did book writer John Grisham publish immediately after The Firm?,John Grisham,The Firm,The Pelican Brief
Which book was written by John Grisham immediately after The Pelican Brief?,John Grisham,The Pelican Brief,The Client
Which book did John Grisham write preceded by book The Pelican Brief?,John Grisham,book The Pelican Brief,The Client
Which book was authored by John Grisham just after The Pelican Brief?,John Grisham,The Pelican Brief,The Client
Which book did book writer John Grisham publish immediately after The Pelican Brief?,John Grisham,The Pelican Brief,The Client
Which book was written by John Grisham right after book The Client?,John Grisham,book The Client,The Chamber
Which book did John Grisham write preceded by book The Client?,John Grisham,book The Client,The Chamber
Which book did John Grisham write shortly after The Firm?,John Grisham,The Firm,The Pelican Brief
Which book was authored by John Grisham just after The Firm?,John Grisham,The Firm,The Pelican Brief
Which book was authored by John Grisham just after The Runaway Jury?,John Grisham,The Runaway Jury,The Partner
Which book did John Grisham write shortly after The Rainmaker?,John Grisham,The Rainmaker,The Runaway Jury
Which book was authored by John Grisham just after The Rainmaker?,John Grisham,The Rainmaker,The Runaway Jury
Which book was written by John Grisham right after book The Pelican Brief?,John Grisham,book The Pelican Brief,The Client
Which book did John Grisham write shortly after The Pelican Brief?,John Grisham,The Pelican Brief,The Client
Which book did John Grisham write preceded by book The Client?,John Grisham,book The Client,The Chamber
Which book was written by John Grisham immediately after The Client?,John Grisham,The Client,The Chamber
Which book did John Grisham write preceded by book The Client?,John Grisham,book The Client,The Chamber
Which book was written by John Grisham right after book The Runaway Jury?,John Grisham,book The Runaway Jury,The Partner
Which book did John Grisham write preceded by book The Runaway Jury?,John Grisham,book The Runaway Jury,The Partner
Which book was written by John Grisham right after book The Firm?,John Grisham,book The Firm,The Pelican Brief
Which book was written by John Grisham immediately after The Testament?,John Grisham,The Testament,The Brethren
Which book did John Grisham write shortly after The Testament?,John Grisham,The Testament,The Brethren
Which book was authored by John Grisham just after The Rainmaker?,John Grisham,The Rainmaker,The Runaway Jury
Which book did book writer John Grisham publish immediately after The Rainmaker?,John Grisham,The Rainmaker,The Runaway Jury
Which book did book writer John Grisham publish immediately after The Firm?,John Grisham,The Firm,The Pelican Brief
Which book did John Grisham author just subsequent to Book The Firm?,John Grisham,Book The Firm,The Pelican Brief
Which book was written by John Grisham right after book The Pelican Brief?,John Grisham,book The Pelican Brief,The Client
Which book did John Grisham author just subsequent to Book The Pelican Brief?,John Grisham,Book The Pelican Brief,The Client
Who was coronated as king in the Mughal Empire immediately after Jahangir?,king in the Mughal Empire,Jahangir,Shah Jahan
Who was declared as the ruler of Mughal Empire immediately subsequent to Jahangir?,ruler of Mughal Empire,Jahangir,Shah Jahan
Who became Mughal emperor immediately after Aurangzeb?,Mughal emperor,Aurangzeb,Azam Shah
Who did the Mughal Empire have as their king just after Jahangir?,the Mughal Empire,Jahangir,Shah Jahan
Which king throned as Mughal emperor preceded by King Jahangir?,king throned as Mughal emperor,King Jahangir,Shah Jahan
Who became Mughal emperor immediately after Akbar?,Mughal emperor,Akbar,Jahangir
Who led the Mughal Empire shortly after Akbar?,Mughal Empire,Akbar,Jahangir
Which king throned as Mughal emperor preceded by King Akbar?,king throned as Mughal emperor,King Akbar,Jahangir
Who was throned as Mughal emperor right after Humayun?,Mughal emperor,Humayun,Akbar
Who did the Mughal Empire have as their king just after Humayun?,the Mughal Empire,Humayun,Akbar
Who became Mughal emperor immediately after Jahangir?,Mughal emperor,Jahangir,Shah Jahan
Who was coronated as king in the Mughal Empire immediately after Jahangir?,king in the Mughal Empire,Jahangir,Shah Jahan
Who led the Mughal Empire shortly after Humayun?,Mughal Empire,Humayun,Akbar
Who was declared as the ruler of Mughal Empire immediately subsequent to Humayun?,Mughal Empire,Humayun,Akbar
Who did the Mughal Empire have as their king just after Aurangzeb?,the Mughal Empire,Aurangzeb,Azam Shah
Who was declared as the ruler of Mughal Empire immediately subsequent to Aurangzeb?,the ruler of Mughal Empire,Aurangzeb,Azam Shah
Who was throned as Mughal emperor right after Azam Shah?,Mughal emperor,Azam Shah,Bahadur Shah
Who did the Mughal Empire have as their king just after Azam Shah?,Mughal Empire,Azam Shah,Bahadur Shah
Who became Mughal emperor immediately after Humayun?,Mughal emperor,Humayun,Akbar
Who was declared as the ruler of Mughal Empire immediately subsequent to Humayun?,Mughal Empire,Humayun,Akbar
Who was throned as Mughal emperor right after Aurangzeb?,Mughal emperor,Aurangzeb,Azam Shah
Which king throned as Mughal emperor preceded by King Aurangzeb?,king throned as Mughal emperor,King Aurangzeb,Azam Shah
Who led the Mughal Empire shortly after Aurangzeb?,Mughal Empire,Aurangzeb,Azam Shah
Which king throned as Mughal emperor preceded by King Aurangzeb?,king throned as Mughal emperor,King Aurangzeb,Azam Shah
Who did the Mughal Empire have as their king just after Akbar?,Mughal Empire,Akbar,Jahangir
Who became Mughal emperor immediately after Jahangir?,Mughal emperor,Jahangir,Shah Jahan
Who was declared as the ruler of Mughal Empire immediately subsequent to Jahangir?,ruler of Mughal Empire,Jahangir,Shah Jahan
Who led the Mughal Empire shortly after Azam Shah?,Mughal Empire,Azam Shah,Bahadur Shah
Who became Mughal emperor immediately after Shah Jahan?,Mughal emperor,Shah Jahan,Aurangzeb
Which king throned as Mughal emperor preceded by King Shah Jahan?,king throned as Mughal emperor,King Shah Jahan,Aurangzeb
Who led the Mughal Empire shortly after Akbar?,Mughal Empire,Akbar,Jahangir
Who was coronated as king in the Mughal Empire immediately after Akbar?,king in the Mughal Empire,Akbar,Jahangir
Who was throned as Mughal emperor right after Shah Jahan?,Mughal emperor,Shah Jahan,Aurangzeb
Who did the Mughal Empire have as their king just after Shah Jahan?,Mughal Empire,Shah Jahan,Aurangzeb
Who held the Chief Executive position at Microsoft company shortly after Steve Ballmer?,Microsoft company,Steve Ballmer,Satya Nadella
Who assumed the CEO position of Microsoft preceded by Steve Ballmer?,Microsoft,Steve Ballmer,Satya Nadella
Who was the CEO of Microsoft just subsequent to Bill Gates?,Microsoft,Bill Gates,Steve Ballmer
Who assumed the CEO position of Microsoft preceded by Bill Gates?,Microsoft,Bill Gates,Steve Ballmer
Who took over the chief executive officer position at Microsoft right after Steve Ballmer?,Microsoft,Steve Ballmer,Satya Nadella
Who assumed the CEO position of Microsoft preceded by Steve Ballmer?,Microsoft,Steve Ballmer,Satya Nadella
Who was CEO of Microsoft immediately after Bill Gates?,Microsoft,Bill Gates,Steve Ballmer
Who held the Chief Executive position at Microsoft company shortly after Bill Gates?,Microsoft company,Bill Gates,Steve Ballmer
Who was CEO of Microsoft immediately after Bill Gates?,Microsoft,Bill Gates,Steve Ballmer
Who did Microsoft appoint as CEO straight after Bill Gates?,Microsoft,Bill Gates,Steve Ballmer
Who took over the chief executive officer position at Microsoft right after Steve Ballmer?,Microsoft,Steve Ballmer,Satya Nadella
Who held the Chief Executive position at Microsoft company shortly after Steve Ballmer?,Microsoft company,Steve Ballmer,Satya Nadella
Who did Microsoft appoint as CEO straight after Bill Gates?,Microsoft,Bill Gates,Steve Ballmer
Who assumed the CEO position of Microsoft just after Bill Gates?,Microsoft,Bill Gates,Steve Ballmer
Who did Microsoft appoint as CEO straight after Steve Ballmer?,Microsoft,Steve Ballmer,Satya Nadella
Who assumed the CEO position of Microsoft preceded by Steve Ballmer?,Microsoft,Steve Ballmer,Satya Nadella
Who took over the chief executive officer position at Microsoft right after Steve Ballmer?,Microsoft,Steve Ballmer,Satya Nadella
Who assumed the CEO position of Microsoft just after Steve Ballmer?,Microsoft,Steve Ballmer,Satya Nadella
Who did Microsoft appoint as CEO straight after Bill Gates?,Microsoft,Bill Gates,Steve Ballmer
Who was CEO of Microsoft immediately after Steve Ballmer?,Microsoft,Steve Ballmer,Satya Nadella
Who assumed the CEO position of Microsoft preceded by Bill Gates?,Microsoft,Bill Gates,Steve Ballmer
Who did Microsoft appoint as CEO straight after Bill Gates?,Microsoft,Bill Gates,Steve Ballmer
Who assumed the CEO position of Microsoft preceded by Bill Gates?,Microsoft,Bill Gates,Steve Ballmer
Who assumed the CEO position of Microsoft just after Bill Gates?,Microsoft,Bill Gates,Steve Ballmer
Who was the CEO of Microsoft just subsequent to Bill Gates?,Microsoft,Bill Gates,Steve Ballmer
Who was CEO of Microsoft immediately after Steve Ballmer?,Microsoft,Steve Ballmer,Satya Nadella
Who held the Chief Executive position at Microsoft company shortly after Steve Ballmer?,Microsoft company,Steve Ballmer,Satya Nadella
Who did Microsoft appoint as CEO straight after Steve Ballmer?,Microsoft,Steve Ballmer,Satya Nadella
Who held the Chief Executive position at Microsoft company shortly after Steve Ballmer?,Microsoft company,Steve Ballmer,Satya Nadella
Who held the Chief Executive position at Microsoft company shortly after Bill Gates?,Microsoft company,Bill Gates,Steve Ballmer
Who assumed the CEO position of Microsoft preceded by Bill Gates?,Microsoft,Bill Gates,Steve Ballmer
Who was the CEO of Microsoft just subsequent to Steve Ballmer?,Microsoft,Steve Ballmer,Satya Nadella
Who assumed the CEO position of Microsoft preceded by Steve Ballmer?,Microsoft,Steve Ballmer,Satya Nadella
Who held the Chief Executive position at Microsoft company shortly after Steve Ballmer?,Microsoft company,Steve Ballmer,Satya Nadella
Who did Apple appoint as CEO straight after Michael Scott?,Apple,Michael Scott,Mike Markkula
Who held the Chief Executive position at Apple company shortly after Michael Scott?,Apple company,Michael Scott,Mike Markkula
Who was CEO of Apple immediately after Mike Markkula?,Apple,Mike Markkula,John Sculley
Who assumed the CEO position of Apple preceded by Mike Markkula?,Apple,Mike Markkula,John Sculley
Who was the CEO of Apple just subsequent to Mike Markkula?,Apple,Mike Markkula,John Sculley
Who took over the chief executive officer position at Apple right after Mike Markkula?,Apple,Mike Markkula,John Sculley
Who assumed the CEO position of Apple preceded by Mike Markkula?,Apple,Mike Markkula,John Sculley
Who did Apple appoint as CEO straight after Mike Markkula?,Apple,Mike Markkula,John Sculley
Who assumed the CEO position of Apple just after Mike Markkula?,Apple,Mike Markkula,John Sculley
Who assumed the CEO position of Apple preceded by Steve Jobs?,Apple,Steve Jobs,Tim Cook
Who assumed the CEO position of Apple just after John Sculley?,Apple,John Sculley,Michael Spindler
Who held the Chief Executive position at Apple company shortly after John Sculley?,Chief Executive position at Apple company,John Sculley,Michael Spindler
Who was CEO of Apple immediately after Mike Markkula?,Apple,Mike Markkula,John Sculley
Who was the CEO of Apple just subsequent to Mike Markkula?,Apple,Mike Markkula,John Sculley
Who took over the chief executive officer position at Apple right after John Sculley?,Apple,John Sculley,Michael Spindler
Who assumed the CEO position of Apple just after John Sculley?,Apple,John Sculley,Michael Spindler
Who was CEO of Apple immediately after Steve Jobs?,Apple,Steve Jobs,Tim Cook
Who took over the chief executive officer position at Apple right after Steve Jobs?,Apple,Steve Jobs,Tim Cook
Who held the Chief Executive position at Apple company shortly after Steve Jobs?,Apple company,Steve Jobs,Tim Cook
Who took over the chief executive officer position at Apple right after Steve Jobs?,Apple,Steve Jobs,Tim Cook
Who held the Chief Executive position at Apple company shortly after Steve Jobs?,Apple company,Steve Jobs,Tim Cook
Who held the Chief Executive position at Apple company shortly after Mike Markkula?,Apple company,Mike Markkula,John Sculley
Who assumed the CEO position of Apple preceded by Mike Markkula?,Apple,Mike Markkula,John Sculley
Who was CEO of Apple immediately after John Sculley?,Apple,John Sculley,Michael Spindler
Who assumed the CEO position of Apple just after John Sculley?,Apple,John Sculley,Michael Spindler
Who held the Chief Executive position at Apple company shortly after Michael Spindler?,Apple company,Michael Spindler,Gil Amelio
Who was CEO of Apple immediately after Gil Amelio?,Apple,Gil Amelio,Steve Jobs
Who held the Chief Executive position at Apple company shortly after Gil Amelio?,Apple company,Gil Amelio,Steve Jobs
Which country hosted the F1 Grand Prix for the 1970 season right after France?,country,France,England
Which country did the Formula One race for the 1970 F1 World Championship happen in right after France?,the Formula One race for the 1970 F1 World Championship,France,England
Where did the F1 race of the 1970 season happen immediately after South Africa?,F1 race of the 1970 season,South Africa,Spain
Which country hosted the F1 Grand Prix for the 1970 Formula One World Championship right after South Africa?,country,South Africa,Spain
Where did the F1 race of the 1970 season happen immediately after Canada?,F1 race of the 1970 season,Canada,United States of America
Where did the F1 race of the 1970 season happen preceded by Canada?,F1 race of the 1970 season,Canada,United States of America
Which country hosted the F1 Grand Prix for the 1970 season right after France?,F1 Grand Prix for the 1970 season,France,England
Which country hosted the F1 Grand Prix for the 1970 Formula One World Championship right after France?,country,France,England
Which country hosted the F1 Grand Prix for the 1970 Formula One World Championship right after Netherlands?,country,Netherlands,France
Which country hosted the F1 Grand Prix for the 1970 F1 World Championship immediately after Netherlands?,1970 F1 World Championship,Netherlands,France
Where did the F1 race of the 1970 season happen immediately after Italy?,F1 race of the 1970 season,Italy,Canada
Which country hosted the Formula One Grand Prix for the 1970 season soon after Italy?,country,Italy,Canada
Which country hosted the F1 Grand Prix for the 1970 season right after England?,country,England,Germany
Which country hosted the Formula One Grand Prix for the 1970 season soon after England?,country,England,Germany
Where did the F1 race of the 1970 season happen immediately after Netherlands?,F1 race of the 1970 season,Netherlands,France
Which country hosted the F1 Grand Prix for the 1970 season right after Netherlands?,country,Netherlands,France
Which country hosted the Formula One Grand Prix for the 1970 season soon after South Africa?,country,South Africa,Spain
Which country hosted the F1 Grand Prix for the 1970 F1 World Championship immediately after South Africa?,the F1 Grand Prix for the 1970 F1 World Championship,South Africa,Spain
Which country hosted the Formula One Grand Prix for the 1970 season soon after Netherlands?,country,Netherlands,France
Where did the F1 race of the 1970 season happen preceded by Netherlands?,F1 race of the 1970 season,Netherlands,France
Which country did the Formula One race for the 1970 F1 World Championship happen in soon after South Africa?,the Formula One race for the 1970 F1 World Championship,South Africa,Spain
Which country hosted the Formula One Grand Prix for the 1970 season soon after South Africa?,country,South Africa,Spain
Which country hosted the F1 Grand Prix for the 1970 Formula One World Championship right after Austria?,country,Austria,Italy
Which country hosted the Formula One Grand Prix for the 1970 season soon after Austria?,country,Austria,Italy
Which country did the Formula One race for the 1970 F1 World Championship happen in right after United States of America?,the Formula One race for the 1970 F1 World Championship,United States of America,Mexico
Where did the F1 race of the 1970 season happen preceded by United States of America?,F1 race of the 1970 season,United States of America,Mexico
Which country did the Formula One race for the 1970 F1 World Championship happen in soon after South Africa?,the Formula One race for the 1970 F1 World Championship,South Africa,Spain
Which country did the Formula One race for the 1970 F1 World Championship happen in right after South Africa?,the Formula One race for the 1970 F1 World Championship,South Africa,Spain
Which country hosted the F1 Grand Prix for the 1970 Formula One World Championship right after Italy?,the F1 Grand Prix for the 1970 Formula One World Championship,Italy,Canada
Which country hosted the Formula One Grand Prix for the 1970 season soon after Italy?,country,Italy,Canada
Which country hosted the Formula One Grand Prix for the 1970 season soon after Spain?,country,Spain,Monaco
Which country did the Formula One race for the 1970 F1 World Championship happen in right after Spain?,the Formula One race for the 1970 F1 World Championship,Spain,Monaco
Which country did the Formula One race for the 1970 F1 World Championship happen in soon after Netherlands?,the Formula One race for the 1970 F1 World Championship,Netherlands,France
Which country hosted the F1 Grand Prix for the 1970 F1 World Championship immediately after Netherlands?,1970 F1 World Championship,Netherlands,France
Where did the F1 race of the 1970 season happen immediately after Netherlands?,F1 race of the 1970 season,Netherlands,France
Which country hosted the Formula One Grand Prix for the 1970 season soon after Netherlands?,country,Netherlands,France
Which country hosted the F1 Grand Prix for the 1970 season right after Monaco?,the F1 Grand Prix for the 1970 season,Monaco,Belgium
Where did the F1 race of the 1970 season happen preceded by Monaco?,F1 race of the 1970 season,Monaco,Belgium
Which country did the Formula One race for the 1970 F1 World Championship happen in right after Belgium?,the Formula One race for the 1970 F1 World Championship,Belgium,Netherlands
Which country hosted the F1 Grand Prix for the 1970 F1 World Championship immediately after Belgium?,the F1 Grand Prix for the 1970 F1 World Championship,Belgium,Netherlands
Where did the F1 race of the 1970 season happen immediately after Austria?,F1 race of the 1970 season,Austria,Italy
Which country hosted the F1 Grand Prix for the 1970 Formula One World Championship right after Austria?,country,Austria,Italy
Which country did the Formula One race for the 1970 F1 World Championship happen in soon after Spain?,the Formula One race for the 1970 F1 World Championship,Spain,Monaco
Which country did the Formula One race for the 1970 F1 World Championship happen in right after Spain?,the Formula One race for the 1970 F1 World Championship,Spain,Monaco
Where did the F1 race of the 1970 season happen immediately after United States of America?,F1 race of the 1970 season,United States of America,Mexico
Which country hosted the F1 Grand Prix for the 1970 season right after United States of America?,country,United States of America,Mexico
Which album did English band The Beatles release right after album A Hard Day's Night?,English band The Beatles,album A Hard Day's Night,Beatles For Sale
Which album was launched by The Beatles preceded by A Hard Day's Night?,The Beatles,A Hard Day's Night,Beatles For Sale
Which album did The Beatles disclose straight after the release of the album Abbey Road?,The Beatles,the release of the album Abbey Road,Let It Be
Which album did English band The Beatles release right after album Abbey Road?,English band The Beatles,album Abbey Road,Let It Be
Which album did The Beatles disclose straight after the release of the album Rubber Soul?,The Beatles,the release of the album Rubber Soul,Revolver
Which album was announced by The Beatles just subsequent to Rubber Soul?,The Beatles,Rubber Soul,Revolver
Which album did The Beatles release right after the album Please Please Me?,The Beatles,the album Please Please Me,With The Beatles
Which album was launched by The Beatles preceded by Please Please Me?,The Beatles,Please Please Me,With The Beatles
Which album was propagated by The Beatles just after With The Beatles?,The Beatles,With The Beatles,A Hard Day's Night
Which album was propagated by The Beatles preceded by With The Beatles?,The Beatles,With The Beatles,A Hard Day's Night
Which album was released by The Beatles immediately after Yellow Submarine?,The Beatles,Yellow Submarine,Abbey Road
Which album was launched by The Beatles preceded by Yellow Submarine?,The Beatles,Yellow Submarine,Abbey Road
Which album did The Beatles release right after the album Abbey Road?,The Beatles,the album Abbey Road,Let It Be
Which album did English band The Beatles release right after album Abbey Road?,English band The Beatles,album Abbey Road,Let It Be
Which album did The Beatles release right after the album Help!?,The Beatles,the album Help!,Rubber Soul
Which album was launched by The Beatles preceded by Help!?,The Beatles,Help!,Rubber Soul
Which album did English band The Beatles release right after album Beatles For Sale?,English band The Beatles,album Beatles For Sale,Help!
Which album was announced by The Beatles just subsequent to Beatles For Sale?,The Beatles,Beatles For Sale,Help!
Which album did The Beatles release right after the album Revolver?,The Beatles,the album Revolver,Yellow Submarine
Which album was announced by The Beatles just subsequent to Revolver?,The Beatles,Revolver,Yellow Submarine
Which album was announced by The Beatles just subsequent to Please Please Me?,The Beatles,Please Please Me,With The Beatles
Which album was propagated by The Beatles preceded by Please Please Me?,The Beatles,Please Please Me,With The Beatles
Which album did English band The Beatles release right after album Please Please Me?,English band The Beatles,album Please Please Me,With The Beatles
Which album was launched by The Beatles preceded by Please Please Me?,The Beatles,Please Please Me,With The Beatles
Which album was released by The Beatles immediately after Rubber Soul?,The Beatles,Rubber Soul,Revolver
Which album did English band The Beatles release right after album Rubber Soul?,English band The Beatles,album Rubber Soul,Revolver
Which album did The Beatles disclose straight after the release of the album Abbey Road?,The Beatles,the release of the album Abbey Road,Let It Be
Which album was launched by The Beatles preceded by Abbey Road?,The Beatles,Abbey Road,Let It Be
Which album was released by The Beatles immediately after Rubber Soul?,The Beatles,Rubber Soul,Revolver
Which album was announced by The Beatles just subsequent to Rubber Soul?,The Beatles,Rubber Soul,Revolver
Which album was released by The Beatles immediately after Please Please Me?,The Beatles,Please Please Me,With The Beatles
Which album did English band The Beatles release right after album Please Please Me?,English band The Beatles,album Please Please Me,With The Beatles
Which album was announced by The Beatles just subsequent to With The Beatles?,The Beatles,With The Beatles,A Hard Day's Night
Which album was launched by The Beatles preceded by With The Beatles?,The Beatles,With The Beatles,A Hard Day's Night
Which album was announced by The Beatles just subsequent to Yellow Submarine?,The Beatles,Yellow Submarine,Abbey Road
Which album was propagated by The Beatles preceded by Yellow Submarine?,The Beatles,Yellow Submarine,Abbey Road
Which album did The Beatles release right after the album A Hard Day's Night?,The Beatles,the album A Hard Day's Night,Beatles For Sale
Which album was announced by The Beatles just subsequent to A Hard Day's Night?,The Beatles,A Hard Day's Night,Beatles For Sale
Which album was propagated by The Beatles preceded by Help!?,The Beatles,Help!,Rubber Soul
Which album was launched by The Beatles preceded by Help!?,The Beatles,Help!,Rubber Soul
Which album was propagated by The Beatles just after Revolver?,The Beatles,Revolver,Yellow Submarine
Which album did English band The Beatles release right after album Revolver?,English band The Beatles,album Revolver,Yellow Submarine
Which album did Kanye West disclose straight after the release of the album Graduation?,Kanye West,the release of the album Graduation,808s & Heartbreak
Which album was propagated by Kanye West preceded by Graduation?,Kanye West,Graduation,808s & Heartbreak
Which album was propagated by Kanye West just after My Beautiful Dark Twisted Fantasy?,Kanye West,My Beautiful Dark Twisted Fantasy,Yeezus
Which album was propagated by Kanye West preceded by My Beautiful Dark Twisted Fantasy?,Kanye West,My Beautiful Dark Twisted Fantasy,Yeezus
Which album did Kanye West release right after the album Yeezus?,Kanye West,the album Yeezus,The Life of Pablo
Which album was propagated by Kanye West just after Yeezus?,Kanye West,Yeezus,The Life of Pablo
Which album was announced by Kanye West just subsequent to Yeezus?,Kanye West,Yeezus,The Life of Pablo
Which album was launched by Kanye West preceded by Yeezus?,Kanye West,Yeezus,The Life of Pablo
Which album was released by Kanye West immediately after Graduation?,Kanye West,Graduation,808s & Heartbreak
Which album was launched by Kanye West preceded by Graduation?,Kanye West,Graduation,808s & Heartbreak
Which album was released by Kanye West immediately after The College Dropout?,Kanye West,The College Dropout,Late Registration
Which album was propagated by Kanye West preceded by The College Dropout?,Kanye West,The College Dropout,Late Registration
Which album was announced by Kanye West just subsequent to ye?,Kanye West,ye,Jesus Is King
Which album was propagated by Kanye West preceded by ye?,Kanye West,ye,Jesus Is King
Which album was released by Kanye West immediately after 808s & Heartbreak?,Kanye West,808s & Heartbreak,My Beautiful Dark Twisted Fantasy
Which album was launched by Kanye West preceded by 808s & Heartbreak?,Kanye West,808s & Heartbreak,My Beautiful Dark Twisted Fantasy
Which album did Kanye West release right after the album Graduation?,Kanye West,the album Graduation,808s & Heartbreak
Which album did American singer Kanye West release right after album Graduation?,American singer Kanye West,album Graduation,808s & Heartbreak
Which album did American singer Kanye West release right after album The Life of Pablo?,American singer Kanye West,album The Life of Pablo,ye
Which album was announced by Kanye West just subsequent to The Life of Pablo?,Kanye West,The Life of Pablo,ye
Which album was released by Kanye West immediately after My Beautiful Dark Twisted Fantasy?,Kanye West,My Beautiful Dark Twisted Fantasy,Yeezus
Which album was launched by Kanye West preceded by My Beautiful Dark Twisted Fantasy?,Kanye West,My Beautiful Dark Twisted Fantasy,Yeezus
Which album did Kanye West disclose straight after the release of the album The Life of Pablo?,Kanye West,the release of the album The Life of Pablo,ye
Which album was propagated by Kanye West just after The Life of Pablo?,Kanye West,The Life of Pablo,ye
Which album did Kanye West release right after the album Late Registration?,Kanye West,the album Late Registration,Graduation
Which album was propagated by Kanye West just after Late Registration?,Kanye West,Late Registration,Graduation
Which album did Kanye West release right after the album ye?,Kanye West,the album ye,Jesus Is King
Which album did Kanye West disclose straight after the release of the album ye?,Kanye West,the release of the album ye,Jesus Is King
Which album was propagated by Kanye West just after The College Dropout?,Kanye West,The College Dropout,Late Registration
Which album was announced by Kanye West just subsequent to The College Dropout?,Kanye West,The College Dropout,Late Registration
Which album was announced by Kanye West just subsequent to ye?,Kanye West,ye,Jesus Is King
Which album was launched by Kanye West preceded by ye?,Kanye West,ye,Jesus Is King
Which album did Kanye West release right after the album The College Dropout?,Kanye West,the album The College Dropout,Late Registration
Which album was propagated by Kanye West preceded by The College Dropout?,Kanye West,The College Dropout,Late Registration
Which album did Kanye West release right after the album Late Registration?,Kanye West,the album Late Registration,Graduation
Which album was launched by Kanye West preceded by Late Registration?,Kanye West,Late Registration,Graduation
Which album was propagated by Kanye West just after Yeezus?,Kanye West,Yeezus,The Life of Pablo
Which album was launched by Kanye West preceded by Yeezus?,Kanye West,Yeezus,The Life of Pablo
Which album was propagated by Kanye West preceded by ye?,Kanye West,ye,Jesus Is King
Which album was launched by Kanye West preceded by ye?,Kanye West,ye,Jesus Is King
Which album did Kanye West release right after the album ye?,Kanye West,the album ye,Jesus Is King
Which album was launched by Kanye West preceded by ye?,Kanye West,ye,Jesus Is King
Which album did Kanye West disclose straight after the release of the album ye?,Kanye West,the release of the album ye,Jesus Is King
Which album was announced by Kanye West just subsequent to ye?,Kanye West,ye,Jesus Is King
Which model was Maruti brought into the market just after Omni?,Maruti,Omni,Gypsy E
What did Maruti announce immediately subsequent to Omni?,Maruti,Omni,Gypsy E
Which model was Maruti brought into the market just after 1000?,Maruti,1000,Zen
What did Maruti launch preceded by 1000?,Maruti,1000,Zen
Which car model was launched by Maruti industry shortly after car model Gypsy E?,car model,car model Gypsy E,Gypsy King
What did Maruti launch preceded by Gypsy E?,Maruti,Gypsy E,Gypsy King
Which model was introduced by Maruti immediately after Omni?,Maruti,Omni,Gypsy E
Which model was rolled out by Maruti preceded by Omni?,Maruti,Omni,Gypsy E
Which model was Maruti brought into the market just after Omni?,Maruti,Omni,Gypsy E
What did Maruti launch preceded by Omni?,Maruti,Omni,Gypsy E
Which variant of Maruti was inducted straight after Omni?,Maruti,Omni,Gypsy E
Which car model was launched by Maruti industry shortly after car model Omni?,car model,car model Omni,Gypsy E
Which model was Maruti brought into the market just after Omni?,Maruti,Omni,Gypsy E
Which car model was launched by Maruti industry shortly after car model Omni?,car model,car model Omni,Gypsy E
Which model was Maruti brought into the market just after Omni?,Maruti,Omni,Gypsy E
Which model was rolled out by Maruti preceded by Omni?,Maruti,Omni,Gypsy E
Which model was released by Maruti right after Gypsy E?,Maruti,Gypsy E,Gypsy King
Which car model was launched by Maruti industry shortly after car model Gypsy E?,car model,car model Gypsy E,Gypsy King
Which model was introduced by Maruti immediately after Omni?,Maruti,Omni,Gypsy E
Which model was Maruti brought into the market just after Omni?,Maruti,Omni,Gypsy E
Which model was introduced by Maruti immediately after Gypsy E?,Maruti,Gypsy E,Gypsy King
Which model was rolled out by Maruti preceded by Gypsy E?,Maruti,Gypsy E,Gypsy King
Which car model was launched by Maruti industry shortly after car model 800?,Maruti industry,car model 800,Omni
Which model was rolled out by Maruti preceded by 800?,Maruti,800,Omni
Which car model was launched by Maruti industry shortly after car model Omni?,car model,car model Omni,Gypsy E
What did Maruti announce immediately subsequent to Omni?,Maruti,Omni,Gypsy E
What did Maruti launch preceded by Gypsy King?,Maruti,Gypsy King,1000
Which model was rolled out by Maruti preceded by Gypsy King?,Maruti,Gypsy King,1000
What did Maruti announce immediately subsequent to Gypsy E?,Maruti,Gypsy E,Gypsy King
What did Maruti launch preceded by Gypsy E?,Maruti,Gypsy E,Gypsy King
Which model was introduced by Maruti immediately after 1000?,Maruti,1000,Zen
Which model was Maruti brought into the market just after 1000?,Maruti,1000,Zen
What did Maruti announce immediately subsequent to Omni?,Maruti,Omni,Gypsy E
Which model was rolled out by Maruti preceded by Omni?,Maruti,Omni,Gypsy E
Which model was introduced by Maruti immediately after Gypsy E?,Maruti,Gypsy E,Gypsy King
Which model was Maruti brought into the market just after Gypsy E?,Maruti,Gypsy E,Gypsy King
Which model was introduced by Maruti immediately after 1000?,Maruti,1000,Zen
What did Maruti launch preceded by 1000?,Maruti,1000,Zen
Which variant of Maruti was inducted straight after 800?,Maruti,800,Omni
Which model was Maruti brought into the market just after 800?,Maruti,800,Omni
Which album was released by Eminem immediately after The Eminem Show?,Eminem,The Eminem Show,Encore
Which album did American rapper Eminem release right after album The Eminem Show?,Eminem,album The Eminem Show,Encore
Which album was announced by Eminem just subsequent to Kamikaze?,Eminem,Kamikaze,Music to Be Murdered By
Which album was launched by Eminem preceded by Kamikaze?,Eminem,Kamikaze,Music to Be Murdered By
Which album did Eminem disclose straight after the release of the album Recovery?,Eminem,the release of the album Recovery,Revival
Which album was launched by Eminem preceded by Recovery?,Eminem,Recovery,Revival
Which album was released by Eminem immediately after The Slim Shady LP?,Eminem,The Slim Shady LP,The Eminem Show
Which album was launched by Eminem preceded by The Slim Shady LP?,Eminem,The Slim Shady LP,The Eminem Show
Which album was released by Eminem immediately after Encore?,Eminem,Encore,Relapse
Which album was propagated by Eminem just after Encore?,Eminem,Encore,Relapse
Which album was announced by Eminem just subsequent to Recovery?,Eminem,Recovery,Revival
Which album was propagated by Eminem preceded by Recovery?,Eminem,Recovery,Revival
Which album was released by Eminem immediately after Kamikaze?,Eminem,Kamikaze,Music to Be Murdered By
Which album was announced by Eminem just subsequent to Kamikaze?,Eminem,Kamikaze,Music to Be Murdered By
Which album was released by Eminem immediately after Encore?,Eminem,Encore,Relapse
Which album did Eminem disclose straight after the release of the album Encore?,Eminem,the release of the album Encore,Relapse
Which album did Eminem release right after the album Revival?,Eminem,the album Revival,Kamikaze
Which album did American rapper Eminem release right after album Revival?,Eminem,album Revival,Kamikaze
Which album was announced by Eminem just subsequent to Encore?,Eminem,Encore,Relapse
Which album was propagated by Eminem preceded by Encore?,Eminem,Encore,Relapse
Which album was released by Eminem immediately after The Slim Shady LP?,Eminem,The Slim Shady LP,The Eminem Show
Which album did Eminem disclose straight after the release of the album The Slim Shady LP?,Eminem,the release of the album The Slim Shady LP,The Eminem Show
Which album did American rapper Eminem release right after album Recovery?,Eminem,album Recovery,Revival
Which album was propagated by Eminem preceded by Recovery?,Eminem,Recovery,Revival
Which album did Eminem release right after the album Relapse?,Eminem,the album Relapse,Recovery
Which album did Eminem disclose straight after the release of the album Relapse?,Eminem,the release of the album Relapse,Recovery
Which album did American rapper Eminem release right after album The Eminem Show?,Eminem,album The Eminem Show,Encore
Which album was announced by Eminem just subsequent to The Eminem Show?,Eminem,The Eminem Show,Encore
Which album did Eminem release right after the album Revival?,Eminem,the album Revival,Kamikaze
Which album was announced by Eminem just subsequent to Revival?,Eminem,Revival,Kamikaze
Which album did Eminem disclose straight after the release of the album Relapse?,Eminem,the release of the album Relapse,Recovery
Which album was announced by Eminem just subsequent to Relapse?,Eminem,Relapse,Recovery
Which album did American rapper Eminem release right after album Encore?,Eminem,album Encore,Relapse
Which album was propagated by Eminem preceded by Encore?,Eminem,Encore,Relapse
Which album was propagated by Eminem preceded by Kamikaze?,Eminem,Kamikaze,Music to Be Murdered By
Which album was launched by Eminem preceded by Kamikaze?,Eminem,Kamikaze,Music to Be Murdered By
Which album did American rapper Eminem release right after album Encore?,Eminem,album Encore,Relapse
Which album was announced by Eminem just subsequent to Encore?,Eminem,Encore,Relapse
Which version of Android was released by Google immediately after Android KitKat?,Android,Android KitKat,Lollipop
Which version of Android was introduced by Google right after Android KitKat?,Android,Android KitKat,Lollipop
Which version of Android did Google launch straight after Android Froyo?,Google,Android Froyo,Gingerbread
Which OS did Google launch shortly after OS Froyo?,Google,OS Froyo,Gingerbread
Which version of Android did Google sell just after Android Eclair?,Google,Android Eclair,Froyo
What did Google company release preceded by Eclair?,Google company,Eclair,Froyo
Which version of Android was introduced by Google right after Android Lollipop?,Android,Android Lollipop,Marshmallow
What did Google company release preceded by Lollipop?,Google company,Lollipop,Marshmallow
Which version of Android did Google launch straight after Android Nougat?,Google,Android Nougat,Oreo
Which OS was created by Google just subsequent to Nougat?,Google,Nougat,Oreo
Which OS did Google launch shortly after OS Froyo?,Google,OS Froyo,Gingerbread
Which OS was created by Google just subsequent to Froyo?,Google,Froyo,Gingerbread
Which version of Android did Google launch straight after Android Lollipop?,Android,Android Lollipop,Marshmallow
What did Google company release preceded by Lollipop?,Google company,Lollipop,Marshmallow
Which version of Android did Google sell just after Android Gingerbread?,Google,Android Gingerbread,Honeycomb
Which OS did Google launch shortly after OS Gingerbread?,Google,OS Gingerbread,Honeycomb
Which version of Android was released by Google immediately after Android Nougat?,Android,Android Nougat,Oreo
Which OS did Google launch shortly after OS Nougat?,Google,OS Nougat,Oreo
Which OS did Google launch shortly after OS Ice Cream Sandwich?,Google,OS Ice Cream Sandwich,Jelly Bean
Which version of Android did Google sell just after Android KitKat?,Google,Android KitKat,Lollipop
What did Google company release preceded by KitKat?,Google company,KitKat,Lollipop
Which version of Android did Google sell just after Android Marshmallow?,Google,Android Marshmallow,Nougat
Which version of Android did Google launch straight after Android Froyo?,Google,Android Froyo,Gingerbread
Which version of Android was introduced by Google right after Android Jelly Bean?,Android,Android Jelly Bean,KitKat
Which version of Android did Google launch straight after Android Jelly Bean?,Google,Android Jelly Bean,KitKat
Which OS did Google launch shortly after OS Lollipop?,Google,OS Lollipop,Marshmallow
Which OS was created by Google just subsequent to Ice Cream Sandwich?,Google,Ice Cream Sandwich,Jelly Bean
What did Google company release preceded by Marshmallow?,Google company,Marshmallow,Nougat
Which version of Android was released by Google immediately after Android Lollipop?,Android,Android Lollipop,Marshmallow
Which version of Android was introduced by Google right after Android Lollipop?,Android,Android Lollipop,Marshmallow
What did Google company release preceded by Oreo?,Google company,Oreo,Pie
Which version of Android was released by Google immediately after Android Froyo?,Android,Android Froyo,Gingerbread
Which version of Android did Google launch straight after Android Froyo?,Google,Android Froyo,Gingerbread
Which version of Android was introduced by Google right after Android Lollipop?,Android,Android Lollipop,Marshmallow
Which OS did Google launch shortly after OS Lollipop?,Google,OS Lollipop,Marshmallow
Which version of Android was released by Google immediately after Android Eclair?,Android,Android Eclair,Froyo
Which OS did Google launch shortly after OS Eclair?,Google,OS Eclair,Froyo
Which version of Android did Google launch straight after Android Oreo?,Google,Android Oreo,Pie
Which OS did Google launch shortly after OS Oreo?,Google,OS Oreo,Pie
Who achieved 10K runs in ODI cricket immediately after Tillakaratne Dilshan?,Tillakaratne Dilshan,achieved 10K runs in ODI cricket,MS Dhoni
Who completed 10K runs in ODI cricket immediately subsequent to Tillakaratne Dilshan?,Who,Tillakaratne Dilshan,MS Dhoni
Who achieved 10000 runs in ODI cricket just after Brian Lara?,Who,Brian Lara,Rahul Dravid
Who completed 10K runs in ODI cricket immediately subsequent to Brian Lara?,Who,Brian Lara,Rahul Dravid
Which cricket player completed 10K ODI runs soon after Sachin Tendulkar?,cricket player,Sachin Tendulkar,Inzamam-ul-Haq
Which cricket player completed 10K ODI runs right after MS Dhoni?,cricket player,MS Dhoni,Chris Gayle
Who achieved 10000 runs in ODI cricket shortly after Ricky Ponting?,Who,Ricky Ponting,Jacques Kallis
Who achieved 10K runs in ODI cricket immediately after Ricky Ponting?,Ricky Ponting,achieved 10K runs in ODI cricket,Jacques Kallis
Who achieved 10000 runs in ODI cricket just after Sanath Jayasuriya?,Who,Sanath Jayasuriya,Brian Lara
Which cricket player completed 10K ODI runs right after Sanath Jayasuriya?,cricket player,Sanath Jayasuriya completed 10K ODI runs,Brian Lara
Who achieved 10000 runs in ODI cricket soon after Mahela Jayawardene?,Who,Mahela Jayawardene,Kumar Sangakkara
Who completed 10K runs in ODI cricket immediately subsequent to Mahela Jayawardene?,Mahela Jayawardene,completed 10K runs in ODI cricket,Kumar Sangakkara
Which cricket player completed 10K ODI runs right after Sourav Ganguly?,cricket player,Sourav Ganguly,Sanath Jayasuriya
Who achieved 10000 runs in ODI cricket shortly after MS Dhoni?,Who,MS Dhoni,Chris Gayle
Which cricket player completed 10K ODI runs right after MS Dhoni?,cricket player,MS Dhoni,Chris Gayle
Who achieved 10000 runs in ODI cricket just after Mahela Jayawardene?,Who,Mahela Jayawardene,Kumar Sangakkara
Which cricket player completed 10K ODI runs soon after Mahela Jayawardene?,cricket player,Mahela Jayawardene,Kumar Sangakkara
Who achieved 10000 runs in ODI cricket just after Ricky Ponting?,10000 runs in ODI cricket,Ricky Ponting,Jacques Kallis
Who achieved 10000 runs in ODI cricket soon after Ricky Ponting?,Ricky Ponting,achieved 10000 runs in ODI cricket,Jacques Kallis
Which cricket player completed 10K ODI runs right after Sourav Ganguly?,cricket player,Sourav Ganguly,Sanath Jayasuriya
Who achieved 10000 runs in ODI cricket soon after Sourav Ganguly?,Who,Sourav Ganguly,Sanath Jayasuriya
Who achieved 10000 runs in ODI cricket just after Brian Lara?,Brian Lara,achieved 10000 runs in ODI cricket,Rahul Dravid
Who achieved 10000 runs in ODI cricket soon after Brian Lara?,Who,Brian Lara,Rahul Dravid
Who achieved 10000 runs in ODI cricket just after Jacques Kallis?,10000 runs in ODI cricket,Jacques Kallis,Mahela Jayawardene
Which cricket player completed 10K ODI runs soon after Jacques Kallis?,cricket player,Jacques Kallis,Mahela Jayawardene
Who achieved 10000 runs in ODI cricket shortly after Rahul Dravid?,Who,Rahul Dravid,Ricky Ponting
Who completed 10K runs in ODI cricket immediately subsequent to Rahul Dravid?,Rahul Dravid,completed 10K runs in ODI cricket,Ricky Ponting
Who achieved 10K runs in ODI cricket immediately after Mahela Jayawardene?,Who,Mahela Jayawardene,Kumar Sangakkara
Which cricket player completed 10K ODI runs soon after Sanath Jayasuriya?,cricket player,Sanath Jayasuriya,Brian Lara
Who achieved 10000 runs in ODI cricket shortly after Rahul Dravid?,Who,Rahul Dravid,Ricky Ponting
Which cricket player completed 10K ODI runs right after Rahul Dravid?,cricket player,Rahul Dravid completed 10K ODI runs,Ricky Ponting
Who achieved 10000 runs in ODI cricket shortly after Kumar Sangakkara?,Kumar Sangakkara,achieved 10000 runs in ODI cricket,Tillakaratne Dilshan
Who achieved 10000 runs in ODI cricket soon after Kumar Sangakkara?,Kumar Sangakkara,achieved 10000 runs in ODI cricket,Tillakaratne Dilshan
Who achieved 10000 runs in ODI cricket just after Jacques Kallis?,Jacques Kallis,achieved 10000 runs in ODI cricket,Mahela Jayawardene
Who achieved 10000 runs in ODI cricket shortly after Ricky Ponting?,Who,Ricky Ponting,Jacques Kallis
Which cricket player completed 10K ODI runs right after Ricky Ponting?,cricket player,Ricky Ponting,Jacques Kallis
Which country was NATO signed by right after Montenegro?,NATO,Montenegro,North Macedonia
Which country signed the NATO preceded by Montenegro?,country,Montenegro,North Macedonia
Which country signed the NATO soon after Montenegro?,country,Montenegro,North Macedonia
Which country was North Atlantic Treaty Organization signed by right after Montenegro?,North Atlantic Treaty Organization,Montenegro,North Macedonia
Which country was NATO signed by right after Montenegro?,NATO,Montenegro,North Macedonia
Which country was North Atlantic Treaty Organization signed by right after Montenegro?,North Atlantic Treaty Organization,Montenegro,North Macedonia
Which country signed the NATO soon after Montenegro?,country,Montenegro,North Macedonia
Which country was NATO signed by right after Montenegro?,NATO,Montenegro,North Macedonia
Which country was NATO signed by right after Montenegro?,NATO,Montenegro,North Macedonia
Which country became a member of NATO immediately subsequent to Montenegro?,country,Montenegro,North Macedonia
Which country was North Atlantic Treaty Organization signed by right after Montenegro?,North Atlantic Treaty Organization,Montenegro,North Macedonia
Which country signed the NATO preceded by Montenegro?,country,Montenegro,North Macedonia
Which country signed the NATO soon after Montenegro?,country,Montenegro,North Macedonia
Which country joined the North Atlantic Treaty Organization immediately after Montenegro?,country,Montenegro,North Macedonia
Which country signed the NATO soon after Montenegro?,country,Montenegro,North Macedonia
Which country was North Atlantic Treaty Organization signed by right after Montenegro?,North Atlantic Treaty Organization,Montenegro,North Macedonia
Which country became a member of NATO immediately subsequent to Montenegro?,country,Montenegro,North Macedonia
Which country signed the NATO preceded by Montenegro?,country,Montenegro,North Macedonia
Which country joined the North Atlantic Treaty Organization immediately after Montenegro?,country,Montenegro,North Macedonia
Which country was North Atlantic Treaty Organization signed by right after Montenegro?,North Atlantic Treaty Organization,Montenegro,North Macedonia
Which country joined the NATO just after Montenegro?,country,Montenegro,North Macedonia
Which country signed the NATO soon after Montenegro?,country,Montenegro,North Macedonia
Which country joined the NATO just after Montenegro?,country,Montenegro,North Macedonia
Which country was NATO signed by right after Montenegro?,NATO,Montenegro,North Macedonia
Which country joined the North Atlantic Treaty Organization immediately after Montenegro?,country,Montenegro,North Macedonia
Which country became a member of NATO immediately subsequent to Montenegro?,country,Montenegro,North Macedonia
Which country joined the North Atlantic Treaty Organization immediately after Montenegro?,country,Montenegro,North Macedonia
Which country was NATO signed by right after Montenegro?,NATO,Montenegro,North Macedonia
Which country signed the NATO soon after Montenegro?,country,Montenegro,North Macedonia
Which country signed the NATO preceded by Montenegro?,country,Montenegro,North Macedonia
Which country joined the NATO just after Montenegro?,country,Montenegro,North Macedonia
Which country was NATO signed by right after Montenegro?,NATO,Montenegro,North Macedonia
Which country was North Atlantic Treaty Organization signed by right after Montenegro?,North Atlantic Treaty Organization,Montenegro,North Macedonia
Which country became a member of NATO immediately subsequent to Montenegro?,country,Montenegro,North Macedonia
Which film won the Best Picture Academy Award just after Argo?,film,Argo,12 Years a Slave
Which movie won the Oscar for Best Picture right after Argo?,movie,Argo,12 Years a Slave
Which film won the Oscar for Best Picture immediately subsequent to The Shape of Water?,film,The Shape of Water,Green Book
Which film won the Academy Award for Best Picture soon after The Shape of Water?,film,The Shape of Water,Green Book
Which movie won the Academy Award for Best Picture right after Birdman?,movie,Birdman,Spotlight
Which film was awarded the Academy Award for Best Picture immediately after Birdman?,film,Birdman,Spotlight
Which film won the Academy Award for Best Picture immediately after Spotlight?,film,Spotlight,Moonlight
Which film won the Oscar for Best Picture immediately subsequent to Spotlight?,film,Spotlight,Moonlight
Which film won the Academy Award for Best Picture immediately after The Departed?,film,The Departed,No Country for Old Men
Which film won the Academy Award for Best Picture soon after The Departed?,film,The Departed,No Country for Old Men
Which movie won the Oscar for Best Picture right after No Country for Old Men?,movie,No Country for Old Men,Slumdog Millionaire
Which film was awarded the Academy Award for Best Picture immediately after No Country for Old Men?,film,No Country for Old Men,Slumdog Millionaire
Which movie won the Oscar for Best Picture right after The Artist?,movie,The Artist,Argo
Which film won the Academy Award for Best Picture soon after The Artist?,film,The Artist,Argo
Which film won the Academy Award for Best Picture soon after The Artist?,film,The Artist,Argo
Which film won the Best Picture Academy Award preceded by The Artist?,film,The Artist,Argo
Which movie won the Academy Award for Best Picture right after 12 Years a Slave?,movie,12 Years a Slave,Birdman
Which film won the Best Picture Academy Award preceded by 12 Years a Slave?,film,12 Years a Slave,Birdman
Which film won the Academy Award for Best Picture soon after The Departed?,film,The Departed,No Country for Old Men
Which film was awarded the Academy Award for Best Picture immediately after The Departed?,film,The Departed,No Country for Old Men
Which film won the Academy Award for Best Picture soon after The Hurt Locker?,film,The Hurt Locker,The King's Speech
Which film won the Best Picture Academy Award preceded by The Hurt Locker?,film,The Hurt Locker,The King's Speech
Which film was awarded the Academy Award for Best Picture immediately after Argo?,film,Argo,12 Years a Slave
Which film won the Best Picture Academy Award preceded by Argo?,film,Argo,12 Years a Slave
Which film won the Best Picture Academy Award just after The King's Speech?,film,The King's Speech,The Artist
Which movie won the Academy Award for Best Picture right after The King's Speech?,movie,The King's Speech,The Artist
Which film won the Academy Award for Best Picture soon after The Departed?,film,The Departed,No Country for Old Men
Which film won the Best Picture Academy Award preceded by The Departed?,film,The Departed,No Country for Old Men
Which film won the Academy Award for Best Picture immediately after Million Dollar Baby?,film,Million Dollar Baby,Crash
Which film won the Best Picture Academy Award preceded by Million Dollar Baby?,film,Million Dollar Baby,Crash
Which film won the Oscar for Best Picture immediately subsequent to Green Book?,film,Green Book,Parasite
Which film was awarded the Academy Award for Best Picture immediately after Green Book?,Green Book,the Academy Award for Best Picture,Parasite
Which movie won the Academy Award for Best Picture right after Birdman?,movie,Birdman,Spotlight
Which film won the Best Picture Academy Award preceded by Birdman?,film,Birdman,Spotlight
Which film won the National Film Award for Best Feature Film right after Kathapurushan?,film,Kathapurushan,Lal Darja
Which film won the National Film Award for Best Feature Film immediately subsequent to Kathapurushan?,film,Kathapurushan,Lal Darja
Which film won the Best Feature Film award just after Shantham?,film,Shantham,Dweepa
Which film won the National Film Award for Best Feature Film right after Shantham?,film,Shantham,Dweepa
Which film won the National Film Award for Best Feature Film soon after Kutty Srank?,film,Kutty Srank,Adaminte Makan Abu
Which film was awarded the National Film Award for Best Feature Film immediately after Kutty Srank?,Kutty Srank,awarded the National Film Award for Best Feature Film,Adaminte Makan Abu
Which movie won the National Film Award for Best Feature Film right after Shantham?,movie,Shantham,Dweepa
Which film won the Best Feature Film Award preceded by Shantham?,film,Shantham,Dweepa
Which film won the National Film Award for Best Feature Film soon after Thaayi Saheba?,film,Thaayi Saheba,Samar
Which film won the Best Feature Film Award preceded by Thaayi Saheba?,film,Thaayi Saheba,Samar
Which film won the National Film Award for Best Feature Film immediately subsequent to Page 3?,film,Page 3,Kaalpurush
Which film won the Best Feature Film Award preceded by Page 3?,film,Page 3,Kaalpurush
Which film won the Best Feature Film award just after Kanchivaram?,film,Kanchivaram,Antaheen
Which film won the National Film Award for Best Feature Film immediately subsequent to Kanchivaram?,film,Kanchivaram,Antaheen
Which film won the National Film Award for Best Feature Film right after Kutty Srank?,film,Kutty Srank,Adaminte Makan Abu
Which film won the National Film Award for Best Feature Film immediately subsequent to Kutty Srank?,film,Kutty Srank,Adaminte Makan Abu
Which film won the National Film Award for Best Feature Film immediately subsequent to Thaayi Saheba?,film,Thaayi Saheba,Samar
Which film was awarded the National Film Award for Best Feature Film immediately after Thaayi Saheba?,Thaayi Saheba,awarded the National Film Award for Best Feature Film,Samar
Which film won the National Film Award for Best Feature Film immediately after Kanchivaram?,film,Kanchivaram,Antaheen
Which film won the Best Feature Film award just after Kanchivaram?,film,Kanchivaram,Antaheen
Which film won the National Film Award for Best Feature Film immediately subsequent to Antaheen?,film,Antaheen,Kutty Srank
Which film won the National Film Award for Best Feature Film soon after Antaheen?,film,Antaheen,Kutty Srank
Which film won the National Film Award for Best Feature Film right after Pulijanmam?,film,Pulijanmam,Kanchivaram
Which film won the National Film Award for Best Feature Film soon after Pulijanmam?,film,Pulijanmam,Kanchivaram
Which film won the Best Feature Film award just after Lal Darja?,film,Lal Darja,Thaayi Saheba
Which film won the Best Feature Film Award preceded by Lal Darja?,film,Lal Darja,Thaayi Saheba
Which film won the National Film Award for Best Feature Film right after Thaayi Saheba?,film,Thaayi Saheba,Samar
Which movie won the National Film Award for Best Feature Film right after Thaayi Saheba?,movie,Thaayi Saheba,Samar
Which film won the National Film Award for Best Feature Film right after Shwaas?,film,Shwaas,Page 3
Which film won the National Film Award for Best Feature Film soon after Shwaas?,film,Shwaas,Page 3
Which film won the National Film Award for Best Feature Film right after Kaalpurush?,Kaalpurush,won the National Film Award for Best Feature Film,Pulijanmam
Which movie won the National Film Award for Best Feature Film right after Kaalpurush?,Kaalpurush,won the National Film Award for Best Feature Film,Pulijanmam
Which film won the Best Feature Film award just after Shwaas?,film,Shwaas,Page 3
Which film won the Best Feature Film Award preceded by Shwaas?,film,Shwaas,Page 3
Which film won the Best Feature Film award just after Samar?,film,Samar,Vanaprastham
Which film won the Best Feature Film Award preceded by Samar?,film,Samar,Vanaprastham
Which film won the National Film Award for Best Feature Film right after Samar?,film,Samar,Vanaprastham
Which film won the National Film Award for Best Feature Film soon after Samar?,film,Samar,Vanaprastham
Which state in the United States of America joined the Union immediately after Virginia?,state in the United States of America,Virginia,New York
Which U.S. state took admission to the Union immediately subsequent to Virginia?,U.S. state,Virginia,New York
Which state in the United States of America joined the Union right after New York?,state in the United States of America,New York joined the Union,North Carolina
Which state observed the admission to the Union of the United States of America preceded by New York?,state,the admission to the Union of the United States of America,North Carolina
Which state in the United States of America joined the Union immediately after Rhode Island?,state in the United States of America,Rhode Island joined the Union,Vermont
Which state observed the admission to the Union of the United States of America preceded by Rhode Island?,state,the admission to the Union of the United States of America,Vermont
Which U.S. state took admission to the Union immediately after Connecticut?,U.S. state,admission to the Union,Massachusetts
Which U.S. state took admission to the Union immediately subsequent to Connecticut?,U.S. state,admission to the Union,Massachusetts
Which state observed the admission to the Union of the United States of America soon after New Jersey?,state,the admission to the Union of the United States of America,Georgia
Which U.S. state took admission to the Union immediately after Massachusetts?,U.S. state,admission to the Union,Maryland
Which state observed the admission to the Union of the United States of America preceded by Massachusetts?,state,the admission to the Union of the United States of America,Maryland
Which state in the United States of America joined the Union immediately after New Hampshire?,state in the United States of America,New Hampshire,Virginia
Which state shared its sovereignty with the federal government of the United States just after New Hampshire?,state,New Hampshire,Virginia
Which state shared its sovereignty with the federal government of the United States just after Kentucky?,state,Kentucky,Tennessee
Which state in the United States of America joined the Union right after Kentucky?,state in the United States of America,Kentucky,Tennessee
Which state in the United States of America joined the Union immediately after Vermont?,state in the United States of America,Vermont,Kentucky
Which state observed the admission to the Union of the United States of America preceded by Vermont?,state,the admission to the Union of the United States of America,Kentucky
Which state in the United States of America joined the Union immediately after Georgia?,state in the United States of America,Georgia,Connecticut
Which state observed the admission to the Union of the United States of America soon after Georgia?,state,the admission to the Union of the United States of America,Connecticut
Which state in the United States of America joined the Union immediately after Kentucky?,state in the United States of America,Kentucky,Tennessee
Which state shared its sovereignty with the federal government of the United States just after Delaware?,state,Delaware,Pennysylvania
Which state in the United States of America joined the Union right after Delaware?,state in the United States of America,Delaware,Pennysylvania
Which state observed the admission to the Union of the United States of America soon after Virginia?,state,the admission to the Union of the United States of America,New York
Which state in the United States of America joined the Union right after Virginia?,state in the United States of America,Virginia,New York
Which state shared its sovereignty with the federal government of the United States just after Connecticut?,state,Connecticut,Massachusetts
Which state in the United States of America joined the Union right after Connecticut?,state in the United States of America,Connecticut,Massachusetts
Which state shared its sovereignty with the federal government of the United States just after Vermont?,state,Vermont,Kentucky
Which state observed the admission to the Union of the United States of America soon after Vermont?,state,the admission to the Union of the United States of America,Kentucky
Which state shared its sovereignty with the federal government of the United States just after Virginia?,state,Virginia,New York
Which U.S. state took admission to the Union immediately subsequent to Virginia?,U.S. state,Virginia,New York
Which state observed the admission to the Union of the United States of America preceded by Vermont?,state,the admission to the Union of the United States of America,Kentucky
Which state shared its sovereignty with the federal government of the United States just after Vermont?,state,Vermont,Kentucky
Which U.S. state took admission to the Union immediately subsequent to Vermont?,U.S. state,admission to the Union,Kentucky
Which state observed the admission to the Union of the United States of America preceded by Georgia?,state,the admission to the Union of the United States of America,Connecticut
Which state shared its sovereignty with the federal government of the United States just after New Hampshire?,state,New Hampshire,Virginia
Which state observed the admission to the Union of the United States of America preceded by New Hampshire?,state,the admission to the Union of the United States of America,Virginia
Which U.S. state took admission to the Union immediately subsequent to Delaware?,U.S. state,admission to the Union,Pennysylvania
Which state observed the admission to the Union of the United States of America preceded by Delaware?,state,the admission to the Union of the United States of America,Pennysylvania
Which game won The Game Award for Game of the Year immediately after Sekiro: Shadows Die Twice?,The Game Award for Game of the Year,Sekiro: Shadows Die Twice,The Last of Us Part II
Which game won The Game Award for Game of the Year soon after Sekiro: Shadows Die Twice?,game,Sekiro: Shadows Die Twice,The Last of Us Part II
Which game won the Game Award for Game of the Year immediately subsequent to The Witcher 3: Wild Hunt?,game,The Witcher 3: Wild Hunt,Overwatch
Which game won the Game Award for Game of the Year preceded by The Witcher 3: Wild Hunt?,game,The Witcher 3: Wild Hunt,Overwatch
Which game won the Game of the Year Award just after God of War?,game,God of War,Sekiro: Shadows Die Twice
Which game won the Game Award for Game of the Year preceded by God of War?,game,God of War,Sekiro: Shadows Die Twice
Which game won the Game Award for Game of the Year right after Sekiro: Shadows Die Twice?,game,Sekiro: Shadows Die Twice,The Last of Us Part II
Which game won the Game Award for Game of the Year preceded by Sekiro: Shadows Die Twice?,game,Sekiro: Shadows Die Twice,The Last of Us Part II
Which game won The Game Award for Game of the Year immediately after God of War?,The Game Award for Game of the Year,God of War,Sekiro: Shadows Die Twice
Which game won the Game Award for Game of the Year right after God of War?,game,God of War,Sekiro: Shadows Die Twice
Which game won the Game Award for Game of the Year right after The Legend of Zelda: Breath of the Wild?,game,The Legend of Zelda: Breath of the Wild,God of War
Which game was awarded the Game Award for Game of the Year immediately after The Legend of Zelda: Breath of the Wild?,game,The Legend of Zelda: Breath of the Wild,God of War
Which game won the Game Award for Game of the Year immediately subsequent to Overwatch?,game,Overwatch,The Legend of Zelda: Breath of the Wild
Which game won the Game Award for Game of the Year preceded by Overwatch?,game,Overwatch,The Legend of Zelda: Breath of the Wild
Which game won the Game of the Year Award just after Dragon Age: Inquisition?,game,Dragon Age: Inquisition,The Witcher 3: Wild Hunt
Which game was awarded the Game Award for Game of the Year immediately after Dragon Age: Inquisition?,Game Award for Game of the Year,Dragon Age: Inquisition,The Witcher 3: Wild Hunt
Which game won the Game Award for Game of the Year right after Dragon Age: Inquisition?,game,Dragon Age: Inquisition,The Witcher 3: Wild Hunt
Which game won The Game Award for Game of the Year soon after Dragon Age: Inquisition?,The Game Award for Game of the Year,Dragon Age: Inquisition,The Witcher 3: Wild Hunt
Which game won the Game Award for Game of the Year right after God of War?,game,God of War,Sekiro: Shadows Die Twice
Which game won the Game Award for Game of the Year preceded by God of War?,game,God of War,Sekiro: Shadows Die Twice
Which game won the Game of the Year Award just after The Witcher 3: Wild Hunt?,game,The Witcher 3: Wild Hunt,Overwatch
Which game won the Game Award for Game of the Year right after The Witcher 3: Wild Hunt?,game,The Witcher 3: Wild Hunt,Overwatch
Which game won the Game Award for Game of the Year right after The Legend of Zelda: Breath of the Wild?,game,The Legend of Zelda: Breath of the Wild,God of War
Which game won the Game Award for Game of the Year immediately subsequent to The Legend of Zelda: Breath of the Wild?,game,The Legend of Zelda: Breath of the Wild,God of War
Which game won the Game of the Year Award just after God of War?,game,God of War,Sekiro: Shadows Die Twice
Which game was awarded the Game Award for Game of the Year immediately after God of War?,Game Award for Game of the Year,God of War,Sekiro: Shadows Die Twice
Which game won The Game Award for Game of the Year immediately after Dragon Age: Inquisition?,The Game Award for Game of the Year,Dragon Age: Inquisition,The Witcher 3: Wild Hunt
Which game won the Game Award for Game of the Year preceded by Dragon Age: Inquisition?,game,Dragon Age: Inquisition,The Witcher 3: Wild Hunt
Which game won the Game Award for Game of the Year immediately subsequent to The Witcher 3: Wild Hunt?,game,The Witcher 3: Wild Hunt,Overwatch
Which game was awarded the Game Award for Game of the Year immediately after The Witcher 3: Wild Hunt?,game,The Witcher 3: Wild Hunt,Overwatch
Which game won The Game Award for Game of the Year immediately after God of War?,The Game Award for Game of the Year,God of War,Sekiro: Shadows Die Twice
Which game won the Game of the Year Award just after God of War?,game,God of War,Sekiro: Shadows Die Twice
Which game won The Game Award for Game of the Year immediately after The Legend of Zelda: Breath of the Wild?,The Game Award for Game of the Year,The Legend of Zelda: Breath of the Wild,God of War
Which game was awarded the Game Award for Game of the Year immediately after The Legend of Zelda: Breath of the Wild?,game,The Legend of Zelda: Breath of the Wild,God of War
Which game won the Game Award for Game of the Year immediately subsequent to Dragon Age: Inquisition?,game,Dragon Age: Inquisition,The Witcher 3: Wild Hunt
Which game won The Game Award for Game of the Year soon after Dragon Age: Inquisition?,The Game Award for Game of the Year,Dragon Age: Inquisition,The Witcher 3: Wild Hunt
Which game won the Game Award for Game of the Year right after God of War?,game,God of War,Sekiro: Shadows Die Twice
Which game won the Game Award for Game of the Year immediately subsequent to God of War?,Game Award for Game of the Year,God of War,Sekiro: Shadows Die Twice
Which game won The Game Award for Game of the Year immediately after Overwatch?,The Game Award for Game of the Year,Overwatch,The Legend of Zelda: Breath of the Wild
Which game was awarded the Game Award for Game of the Year immediately after Overwatch?,game,Overwatch,The Legend of Zelda: Breath of the Wild
Which game won the Game of the Year Award just after Overwatch?,game,Overwatch,The Legend of Zelda: Breath of the Wild
Which game was awarded the Game Award for Game of the Year immediately after Overwatch?,game,Overwatch,The Legend of Zelda: Breath of the Wild
Which game won the Game Award for Best Independent Game right after Rocket League?,game,Rocket League,Inside
Which game won The Game Award for Best Independent Game soon after Rocket League?,Rocket League,The Game Award for Best Independent Game,Inside
Which game won The Game Award for Best Independent Game immediately after Cuphead?,The Game Award for Best Independent Game,Cuphead,Celeste
Which game won the Game Award for Best Independent Game right after Cuphead?,game,Cuphead,Celeste
Which game won the Game Award for Best Independent Game right after Disco Elysium?,game,Disco Elysium,Hades
Which game won the Game Award for Best Independent Game preceded by Disco Elysium?,game,Disco Elysium,Hades
Which game won the Game Award for Best Independent Game right after Shovel Knight?,game,Shovel Knight,Rocket League
Which game won the Game Award for Best Independent Game right after Shovel Knight?,game,Shovel Knight,Rocket League
Which game won the Game Award for Best Independent Game right after Shovel Knight?,game,Shovel Knight,Rocket League
Which game won The Game Award for Best Independent Game soon after Shovel Knight?,Shovel Knight,The Game Award for Best Independent Game,Rocket League
Which game won the Game Award for Best Independent Game immediately subsequent to Disco Elysium?,game,Disco Elysium,Hades
Which game was awarded the Game Award for Best Independent Game immediately after Disco Elysium?,Disco Elysium,the Game Award for Best Independent Game,Hades
Which game won The Game Award for Best Independent Game immediately after Rocket League?,The Game Award for Best Independent Game,Rocket League,Inside
Which game won the Best Independent Game Award just after Rocket League?,game,Rocket League,Inside
Which game won the Best Independent Game Award just after Disco Elysium?,game,Disco Elysium,Hades
Which game won the Game Award for Best Independent Game immediately subsequent to Disco Elysium?,game,Disco Elysium,Hades
Which game won the Game Award for Best Independent Game right after Inside?,game,Inside,Cuphead
Which game won the Game Award for Best Independent Game preceded by Inside?,game,Inside,Cuphead
Which game won the Game Award for Best Independent Game right after Celeste?,game,Celeste,Disco Elysium
Which game won the Game Award for Best Independent Game preceded by Celeste?,game,Celeste,Disco Elysium
Which game won the Best Independent Game Award just after Cuphead?,game,Cuphead,Celeste
Which game won the Game Award for Best Independent Game preceded by Cuphead?,game,Cuphead,Celeste
Which game won The Game Award for Best Independent Game immediately after Cuphead?,The Game Award for Best Independent Game,Cuphead,Celeste
Which game won the Game Award for Best Independent Game right after Cuphead?,game,Cuphead,Celeste
Which game won The Game Award for Best Independent Game immediately after Cuphead?,The Game Award for Best Independent Game,Cuphead,Celeste
Which game won The Game Award for Best Independent Game soon after Cuphead?,game,Cuphead,Celeste
Which game won the Best Independent Game Award just after Rocket League?,game,Rocket League,Inside
Which game was awarded the Game Award for Best Independent Game immediately after Rocket League?,Rocket League,the Game Award for Best Independent Game,Inside
Which game won the Best Independent Game Award just after Celeste?,game,Celeste,Disco Elysium
Which game won The Game Award for Best Independent Game soon after Celeste?,The Game Award for Best Independent Game,Celeste,Disco Elysium
Which game won the Game Award for Best Independent Game right after Inside?,game,Inside,Cuphead
Which game was awarded the Game Award for Best Independent Game immediately after Inside?,game,Inside,Cuphead
Which game won The Game Award for Best Independent Game immediately after Celeste?,The Game Award for Best Independent Game,Celeste,Disco Elysium
Which game was awarded the Game Award for Best Independent Game immediately after Celeste?,game,Celeste,Disco Elysium
Which game won the Game Award for Best Independent Game right after Celeste?,game,Celeste,Disco Elysium
Which game won the Game Award for Best Independent Game preceded by Celeste?,game,Celeste,Disco Elysium
Which game won The Game Award for Best Independent Game immediately after Shovel Knight?,Shovel Knight,The Game Award for Best Independent Game,Rocket League
Which game won the Game Award for Best Independent Game immediately subsequent to Shovel Knight?,game,Shovel Knight,Rocket League
Which game won the Best Independent Game Award just after Disco Elysium?,game,Disco Elysium,Hades
Which game won the Game Award for Best Independent Game right after Disco Elysium?,game,Disco Elysium,Hades
Which game won the Game Award for Best Independent Game right after Inside?,game,Inside,Cuphead
Which game was awarded the Game Award for Best Independent Game immediately after Inside?,game,Inside,Cuphead
Which game won the Best Independent Game Award just after Rocket League?,game,Rocket League,Inside
Which game won the Game Award for Best Independent Game right after Rocket League?,game,Rocket League,Inside
Which movie was directed by Quentin Tarantino right after Inglourious Basterds?,Quentin Tarantino,Inglourious Basterds,Django Unchained
Which movie was directed by Quentin Tarantino right after Jackie Brown?,Quentin Tarantino,Jackie Brown,Kill Bill: Volume 1
Which movie did director Quentin Tarantino direct just after Jackie Brown?,Quentin Tarantino,Jackie Brown,Kill Bill: Volume 1
Which film did Quentin Tarantino direct immediately subsequent to Jackie Brown?,Quentin Tarantino,Jackie Brown,Kill Bill: Volume 1
Which film's direction was carried out by Quentin Tarantino immediately after the direction of Kill Bill: Volume 1?,Quentin Tarantino,the direction of Kill Bill: Volume 1,Kill Bill: Volume 2
Which film was directed by Quentin Tarantino preceded by film Kill Bill: Volume 1?,Quentin Tarantino,film Kill Bill: Volume 1,Kill Bill: Volume 2
Which film was directed by Quentin Tarantino immediately after Kill Bill: Volume 1?,Quentin Tarantino,Kill Bill: Volume 1,Kill Bill: Volume 2
Which film's direction was carried out by Quentin Tarantino immediately after the direction of Kill Bill: Volume 1?,Quentin Tarantino,the direction of Kill Bill: Volume 1,Kill Bill: Volume 2
Which film was directed by Quentin Tarantino immediately after The Hateful Eight?,Quentin Tarantino,The Hateful Eight,Once Upon a Time in Hollywood
Which film's direction was carried out by Quentin Tarantino immediately after the direction of The Hateful Eight?,Quentin Tarantino,the direction of The Hateful Eight,Once Upon a Time in Hollywood
Which movie did director Quentin Tarantino direct just after Resevoir Dogs?,director Quentin Tarantino,Resevoir Dogs,Pulp Fiction
Which movie was directed by Quentin Tarantino right after Resevoir Dogs?,Quentin Tarantino,Resevoir Dogs,Pulp Fiction
Which film's direction was taken up by Quentin Tarantino shortly after Django Unchained?,Quentin Tarantino,Django Unchained,The Hateful Eight
Which movie was directed by Quentin Tarantino right after Django Unchained?,Quentin Tarantino,Django Unchained,The Hateful Eight
Which movie was directed by Quentin Tarantino right after Inglourious Basterds?,Quentin Tarantino,Inglourious Basterds,Django Unchained
Which film was directed by Quentin Tarantino preceded by film Inglourious Basterds?,Quentin Tarantino,film Inglourious Basterds,Django Unchained
Which film's direction was carried out by Quentin Tarantino immediately after the direction of Kill Bill: Volume 2?,Quentin Tarantino,the direction of Kill Bill: Volume 2,Death Proof
Which movie was directed by Quentin Tarantino right after Kill Bill: Volume 2?,Quentin Tarantino,Kill Bill: Volume 2,Death Proof
Which film was directed by Quentin Tarantino immediately after The Hateful Eight?,Quentin Tarantino,The Hateful Eight,Once Upon a Time in Hollywood
Which movie was directed by Quentin Tarantino right after The Hateful Eight?,Quentin Tarantino,The Hateful Eight,Once Upon a Time in Hollywood
Which film was directed by Quentin Tarantino immediately after Death Proof?,Quentin Tarantino,Death Proof,Inglourious Basterds
Which film did Quentin Tarantino direct immediately subsequent to Death Proof?,Quentin Tarantino,Death Proof,Inglourious Basterds
Which movie was filmed by Quentin Tarantino preceded by Death Proof?,Quentin Tarantino,Death Proof,Kill Bill: Volume 2
Which film was directed by Quentin Tarantino immediately after The Hateful Eight?,Quentin Tarantino,The Hateful Eight,Once Upon a Time in Hollywood
Which film did Quentin Tarantino direct immediately subsequent to The Hateful Eight?,Quentin Tarantino,The Hateful Eight,Once Upon a Time in Hollywood
Which film's direction was carried out by Quentin Tarantino immediately after the direction of Kill Bill: Volume 2?,Quentin Tarantino,the direction of Kill Bill: Volume 2,Death Proof
Which film's direction was taken up by Quentin Tarantino shortly after Kill Bill: Volume 2?,Quentin Tarantino,Kill Bill: Volume 2,Death Proof
Which movie was filmed by Quentin Tarantino preceded by Pulp Fiction?,Quentin Tarantino,Pulp Fiction,Resevoir Dogs
Which film's direction was carried out by Quentin Tarantino immediately after the direction of Kill Bill: Volume 2?,Quentin Tarantino,the direction of Kill Bill: Volume 2,Death Proof
Which movie did director Quentin Tarantino direct just after Kill Bill: Volume 2?,Quentin Tarantino,Kill Bill: Volume 2,Death Proof
Which movie was directed by Quentin Tarantino right after Death Proof?,Quentin Tarantino,Death Proof,Inglourious Basterds
Which film was directed by Quentin Tarantino preceded by film Death Proof?,Quentin Tarantino,film Death Proof,Inglourious Basterds
Which film's direction was taken up by Quentin Tarantino shortly after The Hateful Eight?,Quentin Tarantino,The Hateful Eight,Once Upon a Time in Hollywood
Which film did Quentin Tarantino direct immediately subsequent to The Hateful Eight?,Quentin Tarantino,The Hateful Eight,Once Upon a Time in Hollywood
Which film's direction was taken up by Quentin Tarantino shortly after Kill Bill: Volume 1?,Quentin Tarantino,Kill Bill: Volume 1,Kill Bill: Volume 2
Which movie did director Quentin Tarantino direct just after Kill Bill: Volume 1?,Quentin Tarantino,Kill Bill: Volume 1,Kill Bill: Volume 2
Which film did Quentin Tarantino direct immediately subsequent to Inglourious Basterds?,Quentin Tarantino,Inglourious Basterds,Django Unchained
Which film was directed by Quentin Tarantino preceded by film Inglourious Basterds?,Quentin Tarantino,film Inglourious Basterds,Django Unchained
Which movie was filmed by Quentin Tarantino preceded by Jackie Brown?,Quentin Tarantino,Jackie Brown,Pulp Fiction
Which version of Mac OS did Apple sell just after Mac OS 10.2 Jaguar?,Mac OS,Mac OS 10.2 Jaguar,10.3 Panther
Which version did Apple retail off just subsequent to 10.2 Jaguar?,Apple,10.2 Jaguar,10.3 Panther
Which version of Mac OS was introduced by Apple corporation right after Mac OS 11 Big Sur?,Mac OS,Mac OS 11 Big Sur,12 Monterey
Which version of Mac OS did Apple launch straight after Mac OS 11 Big Sur?,Mac OS,Mac OS 11 Big Sur,12 Monterey
Which version of Mac OS did Apple launch straight after Mac OS 10.3 Panther?,Mac OS,Mac OS 10.3 Panther,10.4 Tiger
Which version did Apple retail off just subsequent to 10.3 Panther?,Apple,10.3 Panther,10.4 Tiger
Which version of Mac OS was released by Apple immediately after Mac OS 11 Big Sur?,Mac OS,Mac OS 11 Big Sur,12 Monterey
Which OS did Apple corporation launch shortly after OS 11 Big Sur?,Apple corporation,OS 11 Big Sur,12 Monterey
Which version of Mac OS did Apple sell just after Mac OS 10.15 Catalina?,Mac OS,Mac OS 10.15 Catalina,11 Big Sur
Which version did Apple company release preceded by 10.15 Catalina?,Apple company,10.15 Catalina,11 Big Sur
Which version of Mac OS was introduced by Apple corporation right after Mac OS 10.11 El Capitan?,Mac OS,Mac OS 10.11 El Capitan,10.12 Sierra
Which version of Mac OS did Apple launch straight after Mac OS 10.11 El Capitan?,Mac OS,Mac OS 10.11 El Capitan,10.12 Sierra
Which version of Mac OS did Apple launch straight after Mac OS 10.2 Jaguar?,Mac OS,Mac OS 10.2 Jaguar,10.3 Panther
Which version did Apple retail off just subsequent to 10.2 Jaguar?,Apple,10.2 Jaguar,10.3 Panther
Which version of Mac OS was released by Apple immediately after Mac OS 10.15 Catalina?,Mac OS,Mac OS 10.15 Catalina,11 Big Sur
Which version of Mac OS did Apple launch straight after Mac OS 10.15 Catalina?,Mac OS,Mac OS 10.15 Catalina,11 Big Sur
Which version of Mac OS did Apple launch straight after Mac OS 10.4 Tiger?,Mac OS,Mac OS 10.4 Tiger,10.5 Leopard
Which version of Mac OS did Apple sell just after Mac OS 10.4 Tiger?,Mac OS,Mac OS 10.4 Tiger,10.5 Leopard
Which version of Mac OS did Apple launch straight after Mac OS 10.14 Mojave?,Mac OS,Mac OS 10.14 Mojave,10.15 Catalina
Which OS was announced by Apple succeeding OS 10.14 Mojave?,Apple,OS 10.14 Mojave,10.15 Catalina
Which OS did Apple corporation launch shortly after OS 10.10 Yosemite?,Apple corporation,OS 10.10 Yosemite,10.11 El Capitan
Which version did Apple company release preceded by 10.10 Yosemite?,Apple company,10.10 Yosemite,10.11 El Capitan
Which OS did Apple corporation launch shortly after OS 10.5 Leopard?,Apple corporation,OS 10.5 Leopard,10.6 Snow Leopard
Which version did Apple company release preceded by 10.5 Leopard?,Apple company,10.5 Leopard,10.6 Snow Leopard
Which version of Mac OS was released by Apple immediately after Mac OS 10.14 Mojave?,Mac OS,Mac OS 10.14 Mojave,10.15 Catalina
Which OS did Apple corporation launch shortly after OS 10.14 Mojave?,Apple corporation,OS 10.14 Mojave,10.15 Catalina
Which OS was announced by Apple succeeding OS 10.6 Snow Leopard?,Apple,OS 10.6 Snow Leopard,10.7 Lion
Which version did Apple company release preceded by 10.6 Snow Leopard?,Apple company,10.6 Snow Leopard,10.7 Lion
Which version of Mac OS did Apple launch straight after Mac OS 10.3 Panther?,Mac OS,Mac OS 10.3 Panther,10.4 Tiger
Which OS was announced by Apple succeeding OS 10.3 Panther?,Apple,OS 10.3 Panther,10.4 Tiger
Which OS was announced by Apple succeeding OS 10.14 Mojave?,Apple,OS 10.14 Mojave,10.15 Catalina
Which version did Apple company release preceded by 10.14 Mojave?,Apple company,10.14 Mojave,10.15 Catalina
Which version of Mac OS was introduced by Apple corporation right after Mac OS 10.14 Mojave?,Mac OS,Mac OS 10.14 Mojave,10.15 Catalina
Which OS did Apple corporation launch shortly after OS 10.14 Mojave?,Apple corporation,OS 10.14 Mojave,10.15 Catalina
Which version of Mac OS was introduced by Apple corporation right after Mac OS 10.8 Mountain Lion?,Mac OS,Mac OS 10.8 Mountain Lion,10.9 Mavericks
Which version did Apple retail off just subsequent to 10.8 Mountain Lion?,Apple,10.8 Mountain Lion,10.9 Mavericks
Which book was written by Robin Cook right after book Mortal Fear?,Robin Cook,book Mortal Fear,Mutation
Which book did Robin Cook write preceded by book Mortal Fear?,Robin Cook,book Mortal Fear,Mutation
Which book did Robin Cook write shortly after Mindbend?,Robin Cook,Mindbend,Outbreak
Which book did Robin Cook publish immediately after Mindbend?,Robin Cook,Mindbend,Outbreak
Which book did Robin Cook write shortly after Year of the Intern?,Robin Cook,Year of the Intern,Coma
Which book was authored by Robin Cook just after Year of the Intern?,Robin Cook,Year of the Intern,Coma
Which book did Robin Cook write shortly after Fever?,Robin Cook,Fever,Godplayer
Which book did American novelist Robin Cook write immediately subsequent to Fever?,American novelist Robin Cook,Fever,Godplayer
Which book was written by Robin Cook immediately after Harmful Intent?,Robin Cook,Harmful Intent,Vital Signs
Which book was written by Robin Cook right after book Harmful Intent?,Robin Cook,book Harmful Intent,Vital Signs
Which book was authored by Robin Cook just after Coma?,Robin Cook,Coma,Sphinx
Which book did Robin Cook write preceded by book Coma?,Robin Cook,book Coma,Sphinx
Which novel did American novelist Robin Cook write just after Coma?,American novelist Robin Cook,Coma,Sphinx
Which book did American novelist Robin Cook write immediately subsequent to Coma?,American novelist Robin Cook,Coma,Sphinx
Which book did Robin Cook publish immediately after Harmful Intent?,Robin Cook,Harmful Intent,Vital Signs
Which book did Robin Cook write preceded by book Harmful Intent?,Robin Cook,book Harmful Intent,Vital Signs
Which book did American novelist Robin Cook write immediately subsequent to Brain?,American novelist Robin Cook,Brain,Fever
Which book did Robin Cook write preceded by book Brain?,Robin Cook,book Brain,Fever
Which book was written by Robin Cook right after book Year of the Intern?,Robin Cook,book Year of the Intern,Coma
Which book did American novelist Robin Cook write immediately subsequent to Year of the Intern?,American novelist Robin Cook,Year of the Intern,Coma
Which book was written by Robin Cook right after book Harmful Intent?,Robin Cook,book Harmful Intent,Vital Signs
Which novel did American novelist Robin Cook write just after Harmful Intent?,American novelist Robin Cook,Harmful Intent,Vital Signs
Which novel did American novelist Robin Cook write just after Mindbend?,American novelist Robin Cook,Mindbend,Outbreak
Which book did Robin Cook write preceded by book Mindbend?,Robin Cook,book Mindbend,Outbreak
Which book was authored by Robin Cook just after Coma?,Robin Cook,Coma,Sphinx
Which book did American novelist Robin Cook write immediately subsequent to Coma?,American novelist Robin Cook,Coma,Sphinx
Which book was written by Robin Cook immediately after Mutation?,Robin Cook,Mutation,Harmful Intent
Which book did American novelist Robin Cook write immediately subsequent to Mutation?,American novelist Robin Cook,Mutation,Harmful Intent
Which book was written by Robin Cook immediately after Fever?,Robin Cook,Fever,Godplayer
Which book did Robin Cook publish immediately after Fever?,Robin Cook,Fever,Godplayer
Which book was written by Robin Cook right after book Sphinx?,Robin Cook,book Sphinx,Brain
Which book did Robin Cook publish immediately after Sphinx?,Robin Cook,Sphinx,Brain
Which book did Robin Cook publish immediately after Sphinx?,Robin Cook,Sphinx,Brain
Which book did Robin Cook write preceded by book Sphinx?,Robin Cook,book Sphinx,Brain
Which book did Robin Cook publish immediately after Coma?,Robin Cook,Coma,Sphinx
Which book did American novelist Robin Cook write immediately subsequent to Coma?,American novelist Robin Cook,Coma,Sphinx
Which book did Robin Cook write shortly after Godplayer?,Robin Cook,Godplayer,Mindbend
Which book did Robin Cook publish immediately after Godplayer?,Robin Cook,Godplayer,Mindbend
Which book was written by Robin Cook right after book Godplayer?,Robin Cook,book Godplayer,Mindbend
Which book did American novelist Robin Cook write immediately subsequent to Godplayer?,American novelist Robin Cook,Godplayer,Mindbend
Which book was written by Robin Cook immediately after Brain?,Robin Cook,Brain,Fever
Which book was authored by Robin Cook just after Brain?,Robin Cook,Brain,Fever
Which book was written by Robin Cook immediately after Mutation?,Robin Cook,Mutation,Harmful Intent
Which book did Robin Cook write preceded by book Mutation?,Robin Cook,book Mutation,Harmful Intent
Which book was written by Robin Cook right after book Fever?,Robin Cook,book Fever,Godplayer
Which book was authored by Robin Cook just after Fever?,Robin Cook,Fever,Godplayer
Who was the CEO of Infosys just subsequent to UB Pravin Rao?,Infosys,UB Pravin Rao,Salil S. Parekh
Who was CEO of Infosys immediately after Vishal Sikka?,Infosys,Vishal Sikka,UB Pravin Rao
Who did Infosys appoint as CEO straight after Vishal Sikka?,Infosys,Vishal Sikka,UB Pravin Rao
Who was CEO of Infosys immediately after Nandan Nilekani?,Infosys,Nandan Nilekani,Kris Gopalakrishnan
Who held the Chief Executive position at Infosys company shortly after Nandan Nilekani?,Chief Executive position at Infosys company,Nandan Nilekani,Kris Gopalakrishnan
Who did Infosys appoint as CEO straight after UB Pravin Rao?,Infosys,UB Pravin Rao,Salil S. Parekh
Who assumed the CEO position of Infosys preceded by UB Pravin Rao?,Infosys,UB Pravin Rao,Salil S. Parekh
Who was CEO of Infosys immediately after Kris Gopalakrishnan?,Infosys,Kris Gopalakrishnan,S.D. Shibulal
Who assumed the CEO position of Infosys preceded by Kris Gopalakrishnan?,Infosys,Kris Gopalakrishnan,S.D. Shibulal
Who did Infosys appoint as CEO straight after Kris Gopalakrishnan?,Infosys,Kris Gopalakrishnan,S.D. Shibulal
Who held the Chief Executive position at Infosys company shortly after Kris Gopalakrishnan?,Infosys company,Kris Gopalakrishnan,S.D. Shibulal
Who was the CEO of Infosys just subsequent to Narayan Murthy?,Infosys,Narayan Murthy,Nandan Nilekani
Who assumed the CEO position of Infosys preceded by Narayan Murthy?,Infosys,Narayan Murthy,Nandan Nilekani
Who assumed the CEO position of Infosys just after Narayan Murthy?,Infosys,Narayan Murthy,Nandan Nilekani
Who held the Chief Executive position at Infosys company shortly after Narayan Murthy?,Infosys company,Narayan Murthy,Nandan Nilekani
Who did Infosys appoint as CEO straight after UB Pravin Rao?,Infosys,UB Pravin Rao,Salil S. Parekh
Who held the Chief Executive position at Infosys company shortly after UB Pravin Rao?,Infosys company,UB Pravin Rao,Salil S. Parekh
Who assumed the CEO position of Infosys just after Nandan Nilekani?,Infosys,Nandan Nilekani,Kris Gopalakrishnan
Who took over the chief executive officer position at Infosys right after Vishal Sikka?,Infosys,Vishal Sikka,UB Pravin Rao
Who assumed the CEO position of Infosys just after Vishal Sikka?,Infosys,Vishal Sikka,UB Pravin Rao
Who did Infosys appoint as CEO straight after Kris Gopalakrishnan?,Infosys,Kris Gopalakrishnan,S.D. Shibulal
Who assumed the CEO position of Infosys just after Kris Gopalakrishnan?,Infosys,Kris Gopalakrishnan,S.D. Shibulal
Who was the CEO of Infosys just subsequent to Kris Gopalakrishnan?,Infosys,Kris Gopalakrishnan,S.D. Shibulal
Who assumed the CEO position of Infosys preceded by Kris Gopalakrishnan?,Infosys,Kris Gopalakrishnan,S.D. Shibulal
Who held the Chief Executive position at Infosys company shortly after Nandan Nilekani?,Nandan Nilekani,held the Chief Executive position at Infosys company,Kris Gopalakrishnan
Who assumed the CEO position of Infosys preceded by Nandan Nilekani?,Infosys,Nandan Nilekani,Kris Gopalakrishnan
Who was CEO of Infosys immediately after UB Pravin Rao?,Infosys,UB Pravin Rao,Salil S. Parekh
Who assumed the CEO position of Infosys preceded by UB Pravin Rao?,Infosys,UB Pravin Rao,Salil S. Parekh
Who did Infosys appoint as CEO straight after Narayan Murthy?,Infosys,Narayan Murthy,Nandan Nilekani
Who was the CEO of Infosys just subsequent to Narayan Murthy?,Infosys,Narayan Murthy,Nandan Nilekani
Who was the CEO of Infosys just subsequent to S.D. Shibulal?,Infosys,S.D. Shibulal,Vishal Sikka
Who assumed the CEO position of Volkswagen preceded by Ferdinand K. Piech?,Volkswagen,Ferdinand K. Piech,Bernd Pischetsrieder
Who did Volkswagen appoint as CEO straight after Kurt Lotz?,Volkswagen,Kurt Lotz,Rudolf Leiding
Who assumed the CEO position of Volkswagen preceded by Kurt Lotz?,Volkswagen,Kurt Lotz,Rudolf Leiding
Who took over the chief executive officer position at Volkswagen right after Carl Hahn?,Volkswagen,Carl Hahn,Ferdinand K. Piech
Who assumed the CEO position of Volkswagen just after Carl Hahn?,Volkswagen,Carl Hahn,Ferdinand K. Piech
Who was the CEO of Volkswagen just subsequent to Ferdinand K. Piech?,Volkswagen,Ferdinand K. Piech,Bernd Pischetsrieder
Who assumed the CEO position of Volkswagen just after Bernd Pischetsrieder?,Volkswagen,Bernd Pischetsrieder,Martin Winterkom
Who assumed the CEO position of Volkswagen preceded by Bernd Pischetsrieder?,Volkswagen,Bernd Pischetsrieder,Martin Winterkom
Who was CEO of Volkswagen immediately after Martin Winterkom?,Volkswagen,Martin Winterkom,Matthias Muller
Who was the CEO of Volkswagen just subsequent to Martin Winterkom?,Volkswagen,Martin Winterkom,Matthias Muller
Who took over the chief executive officer position at Volkswagen right after Martin Winterkom?,Volkswagen,Martin Winterkom,Matthias Muller
Who was the CEO of Volkswagen just subsequent to Martin Winterkom?,Volkswagen,Martin Winterkom,Matthias Muller
Who was CEO of Volkswagen immediately after Kurt Lotz?,Volkswagen,Kurt Lotz,Rudolf Leiding
Who assumed the CEO position of Volkswagen preceded by Kurt Lotz?,Volkswagen,Kurt Lotz,Rudolf Leiding
Who did Volkswagen appoint as CEO straight after Toni Schmucker?,Volkswagen,Toni Schmucker,Carl Hahn
Who took over the chief executive officer position at Volkswagen right after Matthias Muller?,Volkswagen,Matthias Muller,Herbert Diess
Who assumed the CEO position of Volkswagen preceded by Matthias Muller?,Volkswagen,Matthias Muller,Herbert Diess
Who took over the chief executive officer position at Volkswagen right after Rudolf Leiding?,Volkswagen,Rudolf Leiding,Toni Schmucker
Who did Volkswagen appoint as CEO straight after Rudolf Leiding?,Volkswagen,Rudolf Leiding,Toni Schmucker
Who did Volkswagen appoint as CEO straight after Toni Schmucker?,Volkswagen,Toni Schmucker,Carl Hahn
Who was the CEO of Volkswagen just subsequent to Toni Schmucker?,Volkswagen,Toni Schmucker,Carl Hahn
Who did Volkswagen appoint as CEO straight after Kurt Lotz?,Volkswagen,Kurt Lotz,Rudolf Leiding
Who held the Chief Executive position at Volkswagen company shortly after Kurt Lotz?,Volkswagen company,Kurt Lotz,Rudolf Leiding
Who assumed the CEO position of Volkswagen just after Rudolf Leiding?,Volkswagen,Rudolf Leiding,Toni Schmucker
Who assumed the CEO position of Volkswagen preceded by Rudolf Leiding?,Volkswagen,Rudolf Leiding,Toni Schmucker
Who held the Chief Executive position at Volkswagen company shortly after Carl Hahn?,Volkswagen company,Carl Hahn,Ferdinand K. Piech
Who assumed the CEO position of Volkswagen preceded by Martin Winterkom?,Volkswagen,Martin Winterkom,Matthias Muller
Who assumed the CEO position of Volkswagen just after Matthias Muller?,Volkswagen,Matthias Muller,Herbert Diess
Who assumed the CEO position of Volkswagen preceded by Matthias Muller?,Volkswagen,Matthias Muller,Herbert Diess
Who was CEO of Volkswagen immediately after Martin Winterkom?,Volkswagen,Martin Winterkom,Matthias Muller
Who assumed the CEO position of Volkswagen preceded by Toni Schmucker?,Volkswagen,Toni Schmucker,Carl Hahn
Who assumed the CEO position of Volkswagen just after Martin Winterkom?,Volkswagen,Martin Winterkom,Matthias Muller
Who assumed the CEO position of Volkswagen just after Bernd Pischetsrieder?,Volkswagen,Bernd Pischetsrieder,Martin Winterkom
Who held the Chief Executive position at Volkswagen company shortly after Bernd Pischetsrieder?,Volkswagen company,Bernd Pischetsrieder,Martin Winterkom
Who held the Chief Executive position at Volkswagen company shortly after Bernd Pischetsrieder?,Volkswagen company,Bernd Pischetsrieder,Martin Winterkom
Who did Volkswagen appoint as CEO straight after Rudolf Leiding?,Volkswagen,Rudolf Leiding,Toni Schmucker
Who held the Chief Executive position at Volkswagen company shortly after Rudolf Leiding?,Volkswagen company,Rudolf Leiding,Toni Schmucker
Which song won the Oscar for Best Original Song right after I Need To Wake Up?,song,I Need To Wake Up,Falling Slowly
Which song was awarded the Academy Award for Best Original Song immediately after I Need To Wake Up?,I Need To Wake Up,the Academy Award for Best Original Song,Falling Slowly
Which movie won the Academy Award for Best Original Song right after Man Or Muppet?,movie,Man Or Muppet,Skyfall
Which song won the Best Original Song Academy Award preceded by Man Or Muppet?,song,Man Or Muppet,Skyfall
Which song won the Academy Award for Best Original Song soon after We Belong Together?,song,We Belong Together,Man Or Muppet
Which song was awarded the Academy Award for Best Original Song immediately after We Belong Together?,song,We Belong Together,Man Or Muppet
Which song won the Oscar for Best Original Song immediately subsequent to The Weary Kind?,song,The Weary Kind,We Belong Together
Which song won the Academy Award for Best Original Song soon after The Weary Kind?,song,The Weary Kind,We Belong Together
Which song won the Best Original Song Academy Award just after I Need To Wake Up?,song,I Need To Wake Up,Falling Slowly
Which song won the Best Original Song Academy Award preceded by I Need To Wake Up?,song,I Need To Wake Up,Falling Slowly
Which song won the Academy Award for Best Original Song immediately after Writing's On The Wall?,song,Writing's On The Wall,City Of Stars
Which song won the Best Original Song Academy Award just after Writing's On The Wall?,song,Writing's On The Wall,City Of Stars
Which song won the Academy Award for Best Original Song soon after Falling Slowly?,song,Falling Slowly,Jai Ho
Which song was awarded the Academy Award for Best Original Song immediately after Falling Slowly?,song,Falling Slowly,Jai Ho
Which song won the Academy Award for Best Original Song soon after It's Hard Out Here For A Pimp?,song,It's Hard Out Here For A Pimp,I Need To Wake Up
Which song was awarded the Academy Award for Best Original Song immediately after It's Hard Out Here For A Pimp?,song,It's Hard Out Here For A Pimp,I Need To Wake Up
Which song won the Oscar for Best Original Song right after Into the West?,song,Into the West,Al Otro Lado Del Rio
Which song won the Oscar for Best Original Song immediately subsequent to Into the West?,song,Into the West,Al Otro Lado Del Rio
Which song won the Academy Award for Best Original Song immediately after Man Or Muppet?,song,Man Or Muppet,Skyfall
Which song won the Best Original Song Academy Award preceded by Man Or Muppet?,song,Man Or Muppet,Skyfall
Which song won the Best Original Song Academy Award just after Let It Go?,song,Let It Go,Glory
Which song was awarded the Academy Award for Best Original Song immediately after Let It Go?,song,Let It Go,Glory
Which song was awarded the Academy Award for Best Original Song immediately after We Belong Together?,song,We Belong Together,Man Or Muppet
Which song won the Best Original Song Academy Award preceded by We Belong Together?,song,We Belong Together,Man Or Muppet
Which song won the Academy Award for Best Original Song immediately after If I Didn't Have You?,song,If I Didn't Have You,Lose Yourself
Which song won the Best Original Song Academy Award preceded by If I Didn't Have You?,song,If I Didn't Have You,Lose Yourself
Which song won the Best Original Song Academy Award just after Man Or Muppet?,song,Man Or Muppet,Skyfall
Which movie won the Academy Award for Best Original Song right after Man Or Muppet?,movie,Man Or Muppet,Skyfall
Which song won the Oscar for Best Original Song immediately subsequent to Man Or Muppet?,song,Man Or Muppet,Skyfall
Which song won the Academy Award for Best Original Song soon after Man Or Muppet?,song,Man Or Muppet,Skyfall
Which song won the Best Original Song Academy Award just after I Need To Wake Up?,song,I Need To Wake Up,Falling Slowly
Which song was awarded the Academy Award for Best Original Song immediately after I Need To Wake Up?,I Need To Wake Up,awarded the Academy Award for Best Original Song,Falling Slowly
Which country was the International Conference on Machine Learning hosted by right after USA?,International Conference on Machine Learning,USA,Scotland
Which country hosted the International Conference on Machine Learning immediately after USA?,country,International Conference on Machine Learning,China
In which country was the International Conference on Machine Learning held right after country USA?,International Conference on Machine Learning,country USA,China
Which country was the International Conference on Machine Learning hosted by right after China?,the International Conference on Machine Learning,China,USA
Which country was the ICML Conference hosted by shortly after China?,ICML Conference,China,France
Which country hosted the International Conference on Machine Learning immediately after Scotland?,the International Conference on Machine Learning,Scotland,USA
Which country hosted the International Conference on Machine Learning immediately after Scotland?,country,Scotland,USA
Which country organized the ICML Conference just subsequent to Scotland?,ICML Conference,Scotland,USA
Which country hosted the International Conference on Machine Learning immediately after USA?,country,International Conference on Machine Learning,China
Which country hosted the ICML Conference just after country USA?,country,ICML Conference,China
Which country hosted the International Conference on Machine Learning immediately after China?,International Conference on Machine Learning,China,France
In which country was the International Conference on Machine Learning held right after country China?,International Conference on Machine Learning,country China,France
In which country was the International Conference on Machine Learning held right after country China?,International Conference on Machine Learning,country China,France
In which country was the International Conference on Machine Learning held right after country Scotland?,International Conference on Machine Learning,country Scotland,USA
Which country was the International Conference on Machine Learning hosted by right after France?,the International Conference on Machine Learning,France,China
Which country organized the ICML Conference just subsequent to China?,ICML Conference,China,France
Which country was the International Conference on Machine Learning hosted by right after France?,the International Conference on Machine Learning,France,China
Which country hosted the ICML Conference just after country China?,ICML Conference,country China,France
In which country was the International Conference on Machine Learning held right after country China?,International Conference on Machine Learning,country China,France
Which country was the International Conference on Machine Learning hosted by right after China?,the International Conference on Machine Learning,China,USA
Which country hosted the ICML Conference just after country USA?,country,ICML Conference,China
Which country hosted the ICML Conference preceded by USA?,ICML Conference,USA,China
Which country was the ICML Conference hosted by shortly after Scotland?,ICML Conference,Scotland,USA
In which country was the International Conference on Machine Learning held right after country Scotland?,International Conference on Machine Learning,country Scotland,USA
Which country hosted the ICML Conference just after country China?,ICML Conference,country China,France
Which country hosted the ICML Conference preceded by China?,ICML Conference,China,France
Which country hosted the ICML Conference just after country Scotland?,country,country Scotland,USA
Which country hosted the ICML Conference preceded by Scotland?,ICML Conference,Scotland,USA
Which country hosted the International Conference on Machine Learning immediately after Scotland?,country,Scotland,USA
In which country was the International Conference on Machine Learning held right after country Scotland?,International Conference on Machine Learning,country Scotland,USA
Which country was the International Conference on Machine Learning hosted by right after USA?,International Conference on Machine Learning,USA,Scotland
Which country was the International Conference on Machine Learning hosted by right after China?,the International Conference on Machine Learning,China,USA
Which country was the ICML Conference hosted by shortly after USA?,ICML Conference,USA,China
Which country was the ICML Conference hosted by shortly after Scotland?,ICML Conference,Scotland,USA
Which country hosted the ICML Conference preceded by Scotland?,ICML Conference,Scotland,USA
Which country was the ICML Conference hosted by shortly after USA?,ICML Conference,USA,China
Which country hosted the International Conference on Machine Learning immediately after USA?,country,International Conference on Machine Learning,China
Which movie has been directed by Yash Chopra right after Waqt?,Yash Chopra,Waqt,Aadmi Aur Insaan
Which film did director Yash Chopra direct just after Waqt?,Yash Chopra,Waqt,Aadmi Aur Insaan
Which movie was filmed by Yash Chopra preceded by Joshila?,Yash Chopra,Joshila,Daag
Which movie was filmed by Yash Chopra preceded by Ittefaq?,Yash Chopra,Ittefaq,Aadmi Aur Insaan
Which film's direction was carried out by Yash Chopra immediately after the direction of Dharmputra?,Yash Chopra,the direction of Dharmputra,Waqt
Which film did director Yash Chopra direct just after Dharmputra?,Yash Chopra,Dharmputra,Waqt
Which film was directed by Yash Chopra immediately after Aadmi Aur Insaan?,Yash Chopra,Aadmi Aur Insaan,Ittefaq
Which movie was filmed by Yash Chopra preceded by Daag?,Yash Chopra,Daag,Ittefaq
Which movie was filmed by Yash Chopra preceded by Ittefaq?,Yash Chopra,Ittefaq,Aadmi Aur Insaan
Which movie was filmed by Yash Chopra preceded by Ittefaq?,Yash Chopra,Ittefaq,Aadmi Aur Insaan
Which film did director Yash Chopra direct just after Daag?,Yash Chopra,Daag,Joshila
Which film did Yash Chopra direct immediately subsequent to Daag?,Yash Chopra,Daag,Joshila
Which film was directed by Yash Chopra preceded by film Daag?,Yash Chopra,film Daag,Joshila
Which film was directed by Yash Chopra preceded by film Waqt?,Yash Chopra,film Waqt,Aadmi Aur Insaan
Which film was directed by Yash Chopra immediately after Dharmputra?,Yash Chopra,Dharmputra,Waqt
Which film's direction was taken up by Yash Chopra shortly after Daag?,Yash Chopra,Daag,Joshila
Which film did director Yash Chopra direct just after Daag?,Yash Chopra,Daag,Joshila
Which film was directed by Yash Chopra immediately after Daag?,Yash Chopra,Daag,Joshila
Which film's direction was carried out by Yash Chopra immediately after the direction of Daag?,Yash Chopra,the direction of Daag,Joshila
Which film was directed by Yash Chopra immediately after Dharmputra?,Yash Chopra,Dharmputra,Waqt
Which film's direction was carried out by Yash Chopra immediately after the direction of Dharmputra?,Yash Chopra,the direction of Dharmputra,Waqt
Which film's direction was carried out by Yash Chopra immediately after the direction of Joshila?,Yash Chopra,the direction of Joshila,Deewaar
Which film's direction was carried out by Yash Chopra immediately after the direction of Dharmputra?,Yash Chopra,the direction of Dharmputra,Waqt
Which movie has been directed by Yash Chopra right after Dharmputra?,Yash Chopra,Dharmputra,Waqt
Which movie has been directed by Yash Chopra right after Daag?,Yash Chopra,Daag,Joshila
Which film was directed by Yash Chopra preceded by film Daag?,Yash Chopra,film Daag,Joshila
Which movie was filmed by Yash Chopra preceded by Dharmputra?,Yash Chopra,Dharmputra,Dhool Ka Phool
Which movie has been directed by S. S. Rajamouli right after Vikramarkudu?,S. S. Rajamouli,Vikramarkudu,Yamadonga
Which film was directed by S. S. Rajamouli preceded by film Vikramarkudu?,S. S. Rajamouli,film Vikramarkudu,Yamadonga
Which film's direction was taken up by S. S. Rajamouli shortly after Simhadri?,S. S. Rajamouli,Simhadri,Sye
Which movie has been directed by S. S. Rajamouli right after Simhadri?,S. S. Rajamouli,Simhadri,Sye
Which movie's direction was carried out by S. S. Rajamouli immediately after the direction of Simhadri?,S. S. Rajamouli,the direction of Simhadri,Sye
Which movie did Director S. S. Rajamouli direct just after Maryada Ramanna?,Director S. S. Rajamouli,Maryada Ramanna,Eega
Which film was directed by S. S. Rajamouli preceded by film Maryada Ramanna?,film,film Maryada Ramanna,Eega
Which movie was directed by S. S. Rajamouli immediately after Baahubali: The Beginning?,S. S. Rajamouli,Baahubali: The Beginning,Baahubali 2: The Conclusion
Which movie has been directed by S. S. Rajamouli right after Baahubali: The Beginning?,S. S. Rajamouli,Baahubali: The Beginning,Baahubali 2: The Conclusion
Which film was directed by S. S. Rajamouli preceded by film Chatrapathi?,S. S. Rajamouli,film Chatrapathi,Vikramarkudu
Which movie was filmed by S. S. Rajamouli preceded by Sye?,S. S. Rajamouli,Sye,Simhadri
Which movie was filmed by S. S. Rajamouli preceded by Vikramarkudu?,S. S. Rajamouli,Vikramarkudu,Chatrapathi
Which movie has been directed by S. S. Rajamouli right after Yamadonga?,S. S. Rajamouli,Yamadonga,Magadheera
Which film was directed by S. S. Rajamouli preceded by film Yamadonga?,film,film Yamadonga,Magadheera
Which movie has been directed by S. S. Rajamouli right after Eega?,S. S. Rajamouli,Eega,Baahubali: The Beginning
Which film was directed by S. S. Rajamouli preceded by film Eega?,film,film Eega,Baahubali: The Beginning
Which movie did Director S. S. Rajamouli direct just after Yamadonga?,Director S. S. Rajamouli,Yamadonga,Magadheera
Which film's direction was taken up by S. S. Rajamouli shortly after Magadheera?,S. S. Rajamouli,Magadheera,Maryada Ramanna
Which film was directed by S. S. Rajamouli preceded by film Magadheera?,film,film Magadheera,Maryada Ramanna
Which movie did Director S. S. Rajamouli direct just after Student No: 1?,Director S. S. Rajamouli,Student No: 1,Simhadri
Which movie did S. S. Rajamouli direct immediately subsequent to Student No: 1?,S. S. Rajamouli,Student No: 1,Simhadri
Which film's direction was taken up by S. S. Rajamouli shortly after Magadheera?,S. S. Rajamouli,Magadheera,Maryada Ramanna
Which movie did Director S. S. Rajamouli direct just after Magadheera?,Director S. S. Rajamouli,Magadheera,Maryada Ramanna
Which movie was directed by S. S. Rajamouli immediately after Baahubali: The Beginning?,S. S. Rajamouli,Baahubali: The Beginning,Baahubali 2: The Conclusion
Which film was directed by S. S. Rajamouli preceded by film Baahubali: The Beginning?,S. S. Rajamouli,film Baahubali: The Beginning,Baahubali 2: The Conclusion
Which film was directed by S. S. Rajamouli preceded by film Baahubali: The Beginning?,S. S. Rajamouli,film Baahubali: The Beginning,Baahubali 2: The Conclusion
Which movie has been directed by S. S. Rajamouli right after Yamadonga?,S. S. Rajamouli,Yamadonga,Magadheera
Which movie did S. S. Rajamouli direct immediately subsequent to Yamadonga?,S. S. Rajamouli,Yamadonga,Magadheera
Which movie did Director S. S. Rajamouli direct just after Chatrapathi?,Director S. S. Rajamouli,Chatrapathi,Vikramarkudu
Which movie was filmed by S. S. Rajamouli preceded by Chatrapathi?,S. S. Rajamouli,Chatrapathi,Sye
Which movie's direction was carried out by S. S. Rajamouli immediately after the direction of Simhadri?,S. S. Rajamouli,the direction of Simhadri,Sye
Which movie did S. S. Rajamouli direct immediately subsequent to Simhadri?,S. S. Rajamouli,Simhadri,Sye
Which movie was directed by S. S. Rajamouli immediately after Eega?,S. S. Rajamouli,Eega,Baahubali: The Beginning
Which movie has been directed by S. S. Rajamouli right after Eega?,S. S. Rajamouli,Eega,Baahubali: The Beginning
Which movie's direction was carried out by S. S. Rajamouli immediately after the direction of Maryada Ramanna?,S. S. Rajamouli,the direction of Maryada Ramanna,Eega
Which film was directed by S. S. Rajamouli preceded by film Maryada Ramanna?,S. S. Rajamouli,film Maryada Ramanna,Eega
Which movie's direction was carried out by S. S. Rajamouli immediately after the direction of Eega?,S. S. Rajamouli,the direction of Eega,Baahubali: The Beginning
Which movie has been directed by S. S. Rajamouli right after Eega?,S. S. Rajamouli,Eega,Baahubali: The Beginning
Which movie was directed by S. S. Rajamouli immediately after Eega?,S. S. Rajamouli,Eega,Baahubali: The Beginning
Which movie did Director S. S. Rajamouli direct just after Eega?,Director S. S. Rajamouli,Eega,Baahubali: The Beginning
Which movie has been directed by S. S. Rajamouli right after Student No: 1?,S. S. Rajamouli,Student No: 1,Simhadri
Which movie was directed by S. S. Rajamouli immediately after Maryada Ramanna?,S. S. Rajamouli,Maryada Ramanna,Eega
Which film's direction was taken up by S. S. Rajamouli shortly after Maryada Ramanna?,S. S. Rajamouli,Maryada Ramanna,Eega
Which movie was directed by S. S. Rajamouli immediately after Baahubali 2: The Conclusion?,S. S. Rajamouli,Baahubali 2: The Conclusion,RRR
Which movie did S. S. Rajamouli direct immediately subsequent to Baahubali 2: The Conclusion?,S. S. Rajamouli,Baahubali 2: The Conclusion,RRR
Which spacecraft was launched by Roscosmos just after Luna 3?,Roscosmos,Luna 3,Korabl-Sputnik 1
"Which satellite was launched by Roscosmos, India shortly after Luna 3?","Roscosmos, India",Luna 3,Korabl-Sputnik 1
Which satellite did Roscosmos launch immediately after Korabl-Sputnik 1?,Roscosmos,Korabl-Sputnik 1,Korabl-Sputnik 2
Which spacecraft was launched by the Roscosmos preceded by Korabl-Sputnik 1?,spacecraft,Korabl-Sputnik 1,Korabl-Sputnik 2
Which spacecraft was launched by Roscosmos just after Venera 7?,Roscosmos,Venera 7,Luna 16
Which spacecraft was put into orbit by Roscosmos immediately subsequent to Venera 7?,Roscosmos,Venera 7,Luna 16
Which spacecraft was launched by Roscosmos just after Luna 9?,Roscosmos,Luna 9,Venera 7
"Which satellite was launched by Roscosmos, India shortly after Luna 9?","Roscosmos, India",Luna 9,Venera 7
Which spacecraft was launched by the Roscosmos preceded by Sputnik 3?,spacecraft,Sputnik 3,Luna 1
What did the Roscosmos launch immediately after Luna 1?,Roscosmos,Luna 1,Luna 2
Which spacecraft was put into orbit by Roscosmos immediately subsequent to Luna 1?,spacecraft,Luna 1,Luna 2
"Which satellite was launched by Roscosmos, India shortly after Sputnik 2?","Roscosmos, India",Sputnik 2,Sputnik 3
Which spacecraft was put into orbit by Roscosmos immediately subsequent to Sputnik 2?,spacecraft,Sputnik 2,Sputnik 3
What did the Roscosmos launch immediately after Sputnik 1?,Roscosmos,Sputnik 1,Sputnik 2
Which satellite did Roscosmos launch immediately after Sputnik 1?,Roscosmos,Sputnik 1,Sputnik 2
What did Roscosmos launch shortly after Luna 1?,Roscosmos,Luna 1,Luna 2
Which spacecraft was put into orbit by Roscosmos immediately subsequent to Luna 1?,spacecraft,Luna 1,Luna 2
"Which satellite was launched by Roscosmos, India shortly after Venera 1?","Roscosmos, India",Venera 1,Luna 9
Which spacecraft was launched by the Roscosmos preceded by Venera 1?,spacecraft,Venera 1,Luna 9
Which spacecraft was launched by Roscosmos just after Korabl-Sputnik 1?,spacecraft,Korabl-Sputnik 1,Korabl-Sputnik 2
Which spacecraft was launched by the Roscosmos preceded by Korabl-Sputnik 1?,spacecraft,Korabl-Sputnik 1,Korabl-Sputnik 2
"Which satellite was launched by Roscosmos, India shortly after Korabl-Sputnik 2?","Roscosmos, India",Korabl-Sputnik 2,Venera 1
Which satellite did Roscosmos launch immediately after Korabl-Sputnik 2?,Roscosmos,Korabl-Sputnik 2,Venera 1
Which spacecraft was launched by Roscosmos just after Sputnik 3?,Roscosmos,Sputnik 3,Luna 1
Which satellite did Roscosmos launch immediately after Sputnik 3?,Roscosmos,Sputnik 3,Luna 1
Which spacecraft was launched by Roscosmos just after Korabl-Sputnik 1?,Roscosmos,Korabl-Sputnik 1,Korabl-Sputnik 2
What did Roscosmos launch shortly after Korabl-Sputnik 1?,Roscosmos,Korabl-Sputnik 1,Korabl-Sputnik 2
Which spacecraft was launched by Roscosmos just after Sputnik 1?,spacecraft,Sputnik 1,Sputnik 2
Which spacecraft was launched by the Roscosmos preceded by Sputnik 1?,spacecraft,Sputnik 1,Sputnik 2
Which satellite did Roscosmos launch immediately after Luna 9?,Roscosmos,Luna 9,Venera 7
Which spacecraft was launched by the Roscosmos preceded by Luna 9?,spacecraft,Luna 9,Venera 7
What did Roscosmos launch shortly after Venera 7?,Roscosmos,Venera 7,Luna 16
"Which satellite was launched by Roscosmos, India shortly after Luna 3?","Roscosmos, India",Luna 3,Korabl-Sputnik 1
Which spacecraft was launched by the Roscosmos preceded by Luna 3?,spacecraft,Luna 3,Korabl-Sputnik 1
Which satellite did Roscosmos launch immediately after Korabl-Sputnik 1?,Roscosmos,Korabl-Sputnik 1,Korabl-Sputnik 2
"Which satellite was launched by Roscosmos, India shortly after Venera 7?","Roscosmos, India",Venera 7,Luna 16
Which spacecraft was put into orbit by Roscosmos immediately subsequent to Venera 7?,Roscosmos,Venera 7,Luna 16
Which satellite did Roscosmos launch immediately after Korabl-Sputnik 2?,Roscosmos,Korabl-Sputnik 2,Venera 1
Which spacecraft was launched by Roscosmos just after Sputnik 3?,Roscosmos,Sputnik 3,Luna 1
"Which satellite was launched by Roscosmos, India shortly after Sputnik 3?","Roscosmos, India",Sputnik 3,Luna 1
Which book was written by Chetan Bhagat immediately after What Young India Wants?,Chetan Bhagat,What Young India Wants,Half Girlfriend
Which book was written by Chetan Bhagat right after book What Young India Wants?,Chetan Bhagat,book What Young India Wants,Half Girlfriend
Which book did Chetan Bhagat author just subsequent to Book 2 States?,Chetan Bhagat,Book 2 States,Revolution 2020
Which book did Chetan Bhagat write preceded by book One Indian Girl?,Chetan Bhagat,book One Indian Girl,The Girl in Room 105
Which book was authored by Chetan Bhagat just after One Indian Girl?,Chetan Bhagat,One Indian Girl,The Girl in Room 105
Which book was authored by Chetan Bhagat just after One Night at the Call Center?,Chetan Bhagat,One Night at the Call Center,The 3 Mistakes of My Life
Which book did Chetan Bhagat author just subsequent to Book One Night at the Call Center?,Chetan Bhagat,Book One Night at the Call Center,The 3 Mistakes of My Life
Which book was written by Chetan Bhagat right after book One Indian Girl?,Chetan Bhagat,book One Indian Girl,The Girl in Room 105
Which book did Chetan Bhagat write shortly after One Indian Girl?,Chetan Bhagat,One Indian Girl,The Girl in Room 105
Which book did Chetan Bhagat write shortly after One Indian Girl?,Chetan Bhagat,One Indian Girl,The Girl in Room 105
Which book was authored by Chetan Bhagat just after One Indian Girl?,Chetan Bhagat,One Indian Girl,The Girl in Room 105
Which book did Chetan Bhagat publish immediately after One Night at the Call Center?,Chetan Bhagat,One Night at the Call Center,The 3 Mistakes of My Life
Which book did Chetan Bhagat author just subsequent to Book One Night at the Call Center?,Chetan Bhagat,Book One Night at the Call Center,The 3 Mistakes of My Life
Which book was authored by Chetan Bhagat just after 2 States?,Chetan Bhagat,2 States,Revolution 2020
Which book did Chetan Bhagat write preceded by book 2 States?,Chetan Bhagat,book 2 States,Revolution 2020
Which book was written by Chetan Bhagat immediately after Five Point Someone?,Chetan Bhagat,Five Point Someone,One Night at the Call Center
Which book did Chetan Bhagat author just subsequent to Book Five Point Someone?,Chetan Bhagat,Book Five Point Someone,One Night at the Call Center
Which book did Chetan Bhagat write preceded by book What Young India Wants?,Chetan Bhagat,book What Young India Wants,Half Girlfriend
Which book was written by Chetan Bhagat right after book Making India Awesome?,Chetan Bhagat,book Making India Awesome,One Indian Girl
Which book did Chetan Bhagat write preceded by book Making India Awesome?,Chetan Bhagat,book Making India Awesome,One Indian Girl
Which book did Chetan Bhagat write shortly after India Positive?,Chetan Bhagat,India Positive,One Arranged Murder
Which book was authored by Chetan Bhagat just after India Positive?,Chetan Bhagat,India Positive,One Arranged Murder
Which book did Chetan Bhagat author just subsequent to Book One Arranged Murder?,Chetan Bhagat,Book One Arranged Murder,400 Days
Which book did Chetan Bhagat write preceded by book One Arranged Murder?,Chetan Bhagat,book One Arranged Murder,400 Days
Which book was written by Chetan Bhagat right after book India Positive?,Chetan Bhagat,book India Positive,One Arranged Murder
Which book was written by Chetan Bhagat immediately after The 3 Mistakes of My Life?,Chetan Bhagat,The 3 Mistakes of My Life,2 States
Which book did Chetan Bhagat publish immediately after The 3 Mistakes of My Life?,Chetan Bhagat,The 3 Mistakes of My Life,2 States
Which book was written by Chetan Bhagat right after book 2 States?,Chetan Bhagat,book 2 States,Revolution 2020
Which book did Chetan Bhagat write shortly after 2 States?,Chetan Bhagat,2 States,Revolution 2020
Which book did Chetan Bhagat write shortly after One Indian Girl?,Chetan Bhagat,One Indian Girl,The Girl in Room 105
Which book did Chetan Bhagat write preceded by book One Indian Girl?,Chetan Bhagat,book One Indian Girl,The Girl in Room 105
Which book was written by Chetan Bhagat right after book One Night at the Call Center?,Chetan Bhagat,book One Night at the Call Center,The 3 Mistakes of My Life
Which book did Chetan Bhagat publish immediately after One Night at the Call Center?,Chetan Bhagat,One Night at the Call Center,The 3 Mistakes of My Life
Which book was written by Chetan Bhagat right after book Half Girlfriend?,Chetan Bhagat,book Half Girlfriend,Making India Awesome
Which book did Chetan Bhagat author just subsequent to Book Half Girlfriend?,Chetan Bhagat,Book Half Girlfriend,Making India Awesome
Which book was written by Chetan Bhagat right after book Half Girlfriend?,Chetan Bhagat,book Half Girlfriend,Making India Awesome
Which book was written by Chetan Bhagat right after book One Night at the Call Center?,Chetan Bhagat,book One Night at the Call Center,The 3 Mistakes of My Life
Which book was authored by Chetan Bhagat just after One Night at the Call Center?,Chetan Bhagat,One Night at the Call Center,The 3 Mistakes of My Life
Which film won the Oscar for Best Cinematography immediately subsequent to American Beauty?,film,American Beauty,"Crouching Tiger, Hidden Dragon"
Which film won the Academy Award for Best Cinematography soon after American Beauty?,film,American Beauty,"Crouching Tiger, Hidden Dragon"
Which film won the Oscar for Best Cinematography immediately subsequent to Master and Commander: The Far Side of the World?,film,Master and Commander: The Far Side of the World,The Aviator
Which film won the Best Cinematography Academy Award preceded by Master and Commander: The Far Side of the World?,film,Master and Commander: The Far Side of the World,The Aviator
Which film was awarded the Academy Award for Best Cinematography immediately after Master and Commander: The Far Side of the World?,film,Master and Commander: The Far Side of the World,The Aviator
Which film won the Best Cinematography Academy Award preceded by Master and Commander: The Far Side of the World?,film,Master and Commander: The Far Side of the World,The Aviator
Which movie won the Academy Award for Best Cinematography right after American Beauty?,movie,American Beauty,"Crouching Tiger, Hidden Dragon"
Which film won the Oscar for Best Cinematography immediately subsequent to American Beauty?,film,American Beauty,"Crouching Tiger, Hidden Dragon"
"Which film won the Academy Award for Best Cinematography soon after Crouching Tiger, Hidden Dragon?",film,"Crouching Tiger, Hidden Dragon",The Lord of the Rings: The Fellowship of the Ring
"Which film was awarded the Academy Award for Best Cinematography immediately after Crouching Tiger, Hidden Dragon?",film,"Crouching Tiger, Hidden Dragon",The Lord of the Rings: The Fellowship of the Ring
Which film won the Oscar for Best Cinematography immediately subsequent to There Will Be Blood?,film,There Will Be Blood,Slumdog Millionaire
Which film was awarded the Academy Award for Best Cinematography immediately after There Will Be Blood?,film,There Will Be Blood,Slumdog Millionaire
Which film won the Academy Award for Best Cinematography soon after There Will Be Blood?,film,There Will Be Blood,Slumdog Millionaire
Which film was awarded the Academy Award for Best Cinematography immediately after There Will Be Blood?,film,There Will Be Blood,Slumdog Millionaire
Which movie won the Academy Award for Best Cinematography right after Memoirs of a Geisha?,movie,Memoirs of a Geisha,Pan's Labyrinth
Which film was awarded the Academy Award for Best Cinematography immediately after Memoirs of a Geisha?,film,Memoirs of a Geisha,Pan's Labyrinth
Which film won the Academy Award for Best Cinematography immediately after Road to Perdition?,film,Road to Perdition,Master and Commander: The Far Side of the World
Which film won the Oscar for Best Cinematography immediately subsequent to Road to Perdition?,film,Road to Perdition,Master and Commander: The Far Side of the World
Which film won the Oscar for Best Cinematography right after Inception?,film,Inception,Hugo
Which film was awarded the Academy Award for Best Cinematography immediately after Inception?,film,Inception,Hugo
Which film won the Academy Award for Best Cinematography immediately after Road to Perdition?,film,Road to Perdition,Master and Commander: The Far Side of the World
Which film won the Oscar for Best Cinematography right after Road to Perdition?,film,Road to Perdition,Master and Commander: The Far Side of the World
Which film won the Best Cinematography Academy Award just after Slumdog Millionaire?,film,Slumdog Millionaire,Avatar
Which film won the Oscar for Best Cinematography immediately subsequent to Slumdog Millionaire?,film,Slumdog Millionaire,Avatar
Which film won the Best Cinematography Academy Award just after Avatar?,film,Avatar,Inception
Which film won the Oscar for Best Cinematography right after Avatar?,film,Avatar,Inception
Which movie won the Academy Award for Best Cinematography right after American Beauty?,movie,American Beauty,"Crouching Tiger, Hidden Dragon"
Which film won the Best Cinematography Academy Award preceded by American Beauty?,film,American Beauty,"Crouching Tiger, Hidden Dragon"
Which film won the Academy Award for Best Cinematography immediately after Pan's Labyrinth?,film,Pan's Labyrinth,There Will Be Blood
Which film won the Oscar for Best Cinematography right after Pan's Labyrinth?,film,Pan's Labyrinth,There Will Be Blood
Which film won the Best Cinematography Academy Award just after Life of Pi?,film,Life of Pi,Gravity
Which film was awarded the Academy Award for Best Cinematography immediately after Life of Pi?,film,Life of Pi,Gravity
"Which film won the Academy Award for Best Cinematography immediately after Crouching Tiger, Hidden Dragon?",film,"Crouching Tiger, Hidden Dragon",The Lord of the Rings: The Fellowship of the Ring
"Which film won the Best Cinematography Academy Award just after Crouching Tiger, Hidden Dragon?","Crouching Tiger, Hidden Dragon",won the Best Cinematography Academy Award,The Lord of the Rings: The Fellowship of the Ring
Which film won the Best Cinematography Academy Award just after Saving Private Ryan?,film,Saving Private Ryan,American Beauty
Which film won the Oscar for Best Cinematography right after Saving Private Ryan?,film,Saving Private Ryan,American Beauty
Which film won the Oscar for Best Cinematography right after Memoirs of a Geisha?,film,Memoirs of a Geisha,Pan's Labyrinth
Which film won the Best Cinematography Academy Award preceded by Memoirs of a Geisha?,film,Memoirs of a Geisha,Pan's Labyrinth
Which film won the Academy Award for Best Cinematography immediately after Avatar?,film,Avatar,Inception
Which film won the Best Cinematography Academy Award just after Avatar?,film,Avatar,Inception
Which film won the Academy Award for Best Cinematography soon after Memoirs of a Geisha?,film,Memoirs of a Geisha,Pan's Labyrinth
Which film won the Best Cinematography Academy Award preceded by Memoirs of a Geisha?,film,Memoirs of a Geisha,Pan's Labyrinth
Which country started playing test cricket immediately after South Africa?,country,South Africa,West Indies
Which country got test cricket status right after country South Africa?,country,country South Africa,West Indies
Which country got test cricket status right after country West Indies?,country,country West Indies,New Zealand
Which country debuted in test cricket straight after country West Indies?,country,country West Indies,New Zealand
Which country acquired Test status in cricket shortly after West Indies?,country,West Indies,New Zealand
Which country had received test status preceded by West Indies?,country,West Indies,New Zealand
Which country debuted in test cricket straight after country Pakistan?,country,country Pakistan,Sri Lanka
Which country acquired Test status in cricket shortly after Pakistan?,country,Pakistan,Sri Lanka
Which country started playing test cricket immediately after New Zealand?,country,New Zealand,India
Which country got test cricket status right after country New Zealand?,country,country New Zealand,India
Which country acquired Test status in cricket shortly after West Indies?,country,West Indies,New Zealand
Which country was the inception of done in Test Cricket right after the inception of West Indies?,Test Cricket,the inception of West Indies,New Zealand
Which country acquired Test status in cricket shortly after Pakistan?,country,Pakistan,Sri Lanka
Which country was introduced in Test Cricket immediately subsequent to Pakistan?,country,Pakistan,Sri Lanka
Which country started playing test cricket immediately after India?,country,India,Pakistan
Which country had received test status preceded by India?,country,India,Pakistan
Which country got test cricket status right after country Sri Lanka?,country,country Sri Lanka,Zimbabwe
Which country had received test status preceded by Sri Lanka?,country,test status,Zimbabwe
Which country started playing test cricket immediately after Pakistan?,country,Pakistan,Sri Lanka
Which country was introduced in Test Cricket immediately subsequent to Pakistan?,country,Pakistan,Sri Lanka
Which country got test cricket status right after country South Africa?,country South Africa,test cricket status,West Indies
Which country was the inception of done in Test Cricket right after the inception of South Africa?,Test Cricket,the inception of South Africa,West Indies
Which country debuted in test cricket straight after country India?,country,country India,Pakistan
Which country was introduced in Test Cricket immediately subsequent to India?,country,India,Pakistan
Which country debuted in test cricket straight after country New Zealand?,country,country New Zealand,India
Which country was introduced in Test Cricket immediately subsequent to New Zealand?,country,New Zealand,India
Which country started playing test cricket immediately after Pakistan?,country,Pakistan,Sri Lanka
Which country got test cricket status right after country Pakistan?,country Pakistan,test cricket status,Sri Lanka
Which country got test cricket status right after country West Indies?,country,country West Indies,New Zealand
Which country had received test status just after West Indies?,country,West Indies,New Zealand
Which country had received test status just after South Africa?,country,South Africa,West Indies
Which country acquired Test status in cricket shortly after South Africa?,country,South Africa,West Indies
Which country started playing test cricket immediately after New Zealand?,country,New Zealand,India
Which country had received test status just after New Zealand?,country,New Zealand,India
Which country started playing test cricket immediately after New Zealand?,country,New Zealand,India
Which country had received test status preceded by New Zealand?,country,New Zealand,India
Which movie was directed by Ridley Scott immediately after The Duellists?,Ridley Scott,The Duellists,Alien
Which film's direction was carried out by Ridley Scott immediately after the direction of The Duellists?,Ridley Scott,the direction of The Duellists,Alien
Which movie was filmed by Ridley Scott preceded by White Squall?,Ridley Scott,White Squall,1492: Conquest of Paradise
Which movie did Director Ridley Scott direct just after The Duellists?,Director Ridley Scott,The Duellists,Alien
Which film was directed by Ridley Scott preceded by film The Duellists?,Ridley Scott,film The Duellists,Alien
Which movie was directed by Ridley Scott immediately after Someone to Watch Over Me?,Ridley Scott,Someone to Watch Over Me,Black Rain
Which film was directed by Ridley Scott preceded by film Someone to Watch Over Me?,Ridley Scott,film Someone to Watch Over Me,Black Rain
Which movie was filmed by Ridley Scott preceded by Blade Runner?,Ridley Scott,Blade Runner,Alien
Which film was directed by Ridley Scott preceded by film White Squall?,Ridley Scott,film White Squall,G.I. Jane
Which movie was directed by Ridley Scott immediately after Blade Runner?,Ridley Scott,Blade Runner,Legend
Which movie has been directed by Ridley Scott right after Blade Runner?,Ridley Scott,Blade Runner,Legend
Which movie has been directed by Ridley Scott right after White Squall?,Ridley Scott,White Squall,G.I. Jane
Which movie did Director Ridley Scott direct just after White Squall?,Director Ridley Scott,White Squall,G.I. Jane
Which movie has been directed by Ridley Scott right after Blade Runner?,Ridley Scott,Blade Runner,Legend
Which movie was directed by Ridley Scott immediately after Legend?,Ridley Scott,Legend,Someone to Watch Over Me
Which movie has been directed by Ridley Scott right after Legend?,Ridley Scott,Legend,Someone to Watch Over Me
Which movie was filmed by Ridley Scott preceded by White Squall?,Ridley Scott,White Squall,1492: Conquest of Paradise
Which film's direction was taken up by Ridley Scott shortly after Blade Runner?,Ridley Scott,Blade Runner,Legend
Which movie has been directed by Ridley Scott right after Blade Runner?,Ridley Scott,Blade Runner,Legend
Which film's direction was taken up by Ridley Scott shortly after Someone to Watch Over Me?,Ridley Scott,Someone to Watch Over Me,Black Rain
Which film did Ridley Scott direct immediately subsequent to Someone to Watch Over Me?,Ridley Scott,Someone to Watch Over Me,Black Rain
Which movie did Director Ridley Scott direct just after Someone to Watch Over Me?,Director Ridley Scott,Someone to Watch Over Me,Black Rain
Which film was directed by Ridley Scott preceded by film Someone to Watch Over Me?,Ridley Scott,film Someone to Watch Over Me,Black Rain
Which movie was directed by Ridley Scott immediately after Thelma & Louise?,Ridley Scott,Thelma & Louise,1492: Conquest of Paradise
Which film's direction was taken up by Ridley Scott shortly after Thelma & Louise?,Ridley Scott,Thelma & Louise,1492: Conquest of Paradise
Which movie did Director Ridley Scott direct just after G.I. Jane?,Director Ridley Scott,G.I. Jane,Gladiator
Which film was directed by Ridley Scott preceded by film G.I. Jane?,Ridley Scott,film G.I. Jane,Gladiator
Which film did Ridley Scott direct immediately subsequent to 1492: Conquest of Paradise?,Ridley Scott,1492: Conquest of Paradise,White Squall
Which film was directed by Ridley Scott preceded by film 1492: Conquest of Paradise?,Ridley Scott,film 1492: Conquest of Paradise,White Squall
Which film's direction was carried out by Ridley Scott immediately after the direction of 1492: Conquest of Paradise?,Ridley Scott,the direction of 1492: Conquest of Paradise,White Squall
Which movie has been directed by Ridley Scott right after 1492: Conquest of Paradise?,Ridley Scott,1492: Conquest of Paradise,White Squall
Which film's direction was carried out by Ridley Scott immediately after the direction of Someone to Watch Over Me?,Ridley Scott,the direction of Someone to Watch Over Me,Black Rain
Which film did Ridley Scott direct immediately subsequent to Someone to Watch Over Me?,Ridley Scott,Someone to Watch Over Me,Black Rain
Which movie was directed by Ridley Scott immediately after G.I. Jane?,Ridley Scott,G.I. Jane,Gladiator
Which film's direction was taken up by Ridley Scott shortly after G.I. Jane?,Ridley Scott,G.I. Jane,Gladiator
Which movie was directed by Ridley Scott immediately after White Squall?,Ridley Scott,White Squall,G.I. Jane
Which film's direction was carried out by Ridley Scott immediately after the direction of Blade Runner?,Ridley Scott,the direction of Blade Runner,Legend
Which movie has been directed by Ridley Scott right after Blade Runner?,Ridley Scott,Blade Runner,Legend
Which film was directed by Ridley Scott preceded by film The Duellists?,Ridley Scott,film The Duellists,Alien
Which film's direction was carried out by Ridley Scott immediately after the direction of White Squall?,Ridley Scott,the direction of White Squall,G.I. Jane
Which film did Ridley Scott direct immediately subsequent to White Squall?,Ridley Scott,White Squall,G.I. Jane
Which movie was directed by Ridley Scott immediately after White Squall?,Ridley Scott,White Squall,G.I. Jane
Which film's direction was taken up by Ridley Scott shortly after White Squall?,Ridley Scott,White Squall,G.I. Jane
Which movie has been directed by Francis Ford Coppola right after New York Stories?,Francis Ford Coppola,New York Stories,The Godfather III
Which movie did Director Francis Ford Coppola direct just after New York Stories?,Director Francis Ford Coppola,New York Stories,The Godfather III
Which film did Francis Ford Coppola direct immediately subsequent to Youth Without Youth?,Francis Ford Coppola,Youth Without Youth,Tetro
Which film was directed by Francis Ford Coppola preceded by film Youth Without Youth?,film,film Youth Without Youth,Tetro
Which film was filmed by Francis Ford Coppola preceded by The Godfather III?,Francis Ford Coppola,The Godfather III,New York Stories
Which film's direction was taken up by Francis Ford Coppola shortly after Youth Without Youth?,Francis Ford Coppola,Youth Without Youth,Tetro
Which movie did Director Francis Ford Coppola direct just after Youth Without Youth?,Director Francis Ford Coppola,Youth Without Youth,Tetro
Which film was directed by Francis Ford Coppola immediately after New York Stories?,Francis Ford Coppola,New York Stories,The Godfather III
Which movie has been directed by Francis Ford Coppola right after New York Stories?,Francis Ford Coppola,New York Stories,The Godfather III
Which film's direction was carried out by Francis Ford Coppola immediately after the direction of Tetro?,Francis Ford Coppola,the direction of Tetro,Twixt
Which film's direction was taken up by Francis Ford Coppola shortly after Tetro?,Francis Ford Coppola,Tetro,Twixt
Which film was directed by Francis Ford Coppola immediately after The Rainmaker?,Francis Ford Coppola,The Rainmaker,Youth Without Youth
Which film's direction was taken up by Francis Ford Coppola shortly after The Rainmaker?,Francis Ford Coppola,The Rainmaker,Youth Without Youth
Which film's direction was taken up by Francis Ford Coppola shortly after Bram Stoker's Dracula?,Francis Ford Coppola,Bram Stoker's Dracula,Jack
Which film was directed by Francis Ford Coppola preceded by film Bram Stoker's Dracula?,Francis Ford Coppola,film Bram Stoker's Dracula,Jack
Which film was directed by Francis Ford Coppola immediately after The Godfather III?,Francis Ford Coppola,The Godfather III,Bram Stoker's Dracula
Which movie has been directed by Francis Ford Coppola right after New York Stories?,Francis Ford Coppola,New York Stories,The Godfather III
Which film was directed by Francis Ford Coppola preceded by film New York Stories?,film,film New York Stories,The Godfather III
Which movie has been directed by Francis Ford Coppola right after Bram Stoker's Dracula?,Francis Ford Coppola,Bram Stoker's Dracula,Jack
Which film's direction was carried out by Francis Ford Coppola immediately after the direction of Tucker: The Man and His Dream?,Francis Ford Coppola,the direction of Tucker: The Man and His Dream,New York Stories
Which movie did Director Francis Ford Coppola direct just after Tucker: The Man and His Dream?,Director Francis Ford Coppola,Tucker: The Man and His Dream,New York Stories
Which movie did Director Francis Ford Coppola direct just after Tucker: The Man and His Dream?,Director Francis Ford Coppola,Tucker: The Man and His Dream,New York Stories
Which film did Francis Ford Coppola direct immediately subsequent to Tucker: The Man and His Dream?,Francis Ford Coppola,Tucker: The Man and His Dream,New York Stories
Which film was directed by Francis Ford Coppola immediately after Youth Without Youth?,Francis Ford Coppola,Youth Without Youth,Tetro
Which film was directed by Francis Ford Coppola preceded by film Youth Without Youth?,Francis Ford Coppola,film Youth Without Youth,Tetro
Which film's direction was carried out by Francis Ford Coppola immediately after the direction of Jack?,Francis Ford Coppola,the direction of Jack,The Rainmaker
Which film's direction was carried out by Francis Ford Coppola immediately after the direction of The Godfather III?,Francis Ford Coppola,the direction of The Godfather III,Bram Stoker's Dracula
Which film was directed by Francis Ford Coppola preceded by film The Godfather III?,Francis Ford Coppola,film The Godfather III,Bram Stoker's Dracula
Which film was directed by Francis Ford Coppola preceded by film Bram Stoker's Dracula?,Francis Ford Coppola,film Bram Stoker's Dracula,Jack
Which film's direction was carried out by Francis Ford Coppola immediately after the direction of New York Stories?,Francis Ford Coppola,the direction of New York Stories,The Godfather III
Which film's direction was taken up by Francis Ford Coppola shortly after New York Stories?,Francis Ford Coppola,New York Stories,The Godfather III
Which film was filmed by Francis Ford Coppola preceded by Youth Without Youth?,Francis Ford Coppola,Youth Without Youth,The Rainmaker
Which movie has been directed by Francis Ford Coppola right after Bram Stoker's Dracula?,Francis Ford Coppola,Bram Stoker's Dracula,Jack
Which movie did Director Francis Ford Coppola direct just after Bram Stoker's Dracula?,Director Francis Ford Coppola,Bram Stoker's Dracula,Jack
Which movie did Director Francis Ford Coppola direct just after Bram Stoker's Dracula?,Director Francis Ford Coppola,Bram Stoker's Dracula,Jack
Which film was filmed by Francis Ford Coppola preceded by Tetro?,Francis Ford Coppola,Tetro,Youth Without Youth
Which film's direction was carried out by Francis Ford Coppola immediately after the direction of Jack?,Francis Ford Coppola,the direction of Jack,The Rainmaker
Which film's direction was taken up by Francis Ford Coppola shortly after Jack?,Francis Ford Coppola,Jack,The Rainmaker
Which film was directed by Francis Ford Coppola immediately after Youth Without Youth?,Francis Ford Coppola,Youth Without Youth,Tetro
Which film's direction was carried out by Francis Ford Coppola immediately after the direction of Youth Without Youth?,Francis Ford Coppola,the direction of Youth Without Youth,Tetro
Which country was the FIFA U-17 World Cup held in right after country China?,FIFA U-17 World Cup,country China,Canada
Which country hosted the FIFA U-17 World Cup right after Mexico?,FIFA U-17 World Cup,Mexico,United Arab Emirates
Which country organized the FIFA U-17 World Cup just subsequent to Mexico?,country,Mexico,United Arab Emirates
Which country was the FIFA U-17 World Cup hosted by immediately after Mexico?,FIFA U-17 World Cup,Mexico,United Arab Emirates
Which country hosted the FIFA U-17 World Cup preceded by Mexico?,FIFA U-17 World Cup,Mexico,United Arab Emirates
Which country was the FIFA U-17 World Cup hosted by right after Italy?,FIFA U-17 World Cup,Italy,Scotland
Which country was the FIFA U-17 World Cup hosted by immediately after Japan?,FIFA U-17 World Cup,Japan,Ecuador
Which country organized the FIFA U-17 World Cup just subsequent to Japan?,country,Japan,Ecuador
Which country hosted the FIFA U-17 World Cup right after Italy?,country,Italy,Japan
Which country was the FIFA U-17 World Cup held in right after country Italy?,FIFA U-17 World Cup,country Italy,Japan
Which country was the FIFA U-17 World Cup hosted by shortly after Scotland?,FIFA U-17 World Cup,Scotland,Italy
Which country organized the FIFA U-17 World Cup just subsequent to Scotland?,country,Scotland,Italy
Which country was the FIFA U-17 World Cup hosted by shortly after South Korea?,FIFA U-17 World Cup,South Korea,Nigeria
Which country was the FIFA U-17 World Cup hosted by immediately after South Korea?,the FIFA U-17 World Cup,South Korea,Nigeria
Which country was the FIFA U-17 World Cup held in right after country United Arab Emirates?,FIFA U-17 World Cup,country United Arab Emirates,Chile
Which country hosted the FIFA U-17 World Cup preceded by United Arab Emirates?,country,United Arab Emirates,Chile
Which country was the FIFA U-17 World Cup hosted by right after Nigeria?,FIFA U-17 World Cup,Nigeria,South Korea
Which country organized the FIFA U-17 World Cup just subsequent to United Arab Emirates?,country,United Arab Emirates,Chile
Which country was the FIFA U-17 World Cup hosted by immediately after Scotland?,FIFA U-17 World Cup,Scotland,Italy
Which country was the FIFA U-17 World Cup held in right after country Scotland?,FIFA U-17 World Cup,country Scotland,Italy
Which country organized the FIFA U-17 World Cup just subsequent to Japan?,country,Japan,Ecuador
Which country hosted the FIFA U-17 World Cup preceded by Japan?,country,Japan,Ecuador
Which country organized the FIFA U-17 World Cup just subsequent to South Korea?,country,South Korea,Nigeria
Which country hosted the FIFA U-17 World Cup preceded by South Korea?,FIFA U-17 World Cup,South Korea,Nigeria
Which country was the FIFA U-17 World Cup hosted by right after Finland?,FIFA U-17 World Cup,Finland,Trinidad and Tobago
Which country organized the FIFA U-17 World Cup just subsequent to Nigeria?,country,Nigeria,Mexico
Which country hosted the FIFA U-17 World Cup preceded by Nigeria?,FIFA U-17 World Cup,Nigeria,Mexico
Which country was the FIFA U-17 World Cup hosted by immediately after Japan?,the FIFA U-17 World Cup,Japan,Ecuador
Which country was the FIFA U-17 World Cup held in right after country Japan?,FIFA U-17 World Cup,country Japan,Ecuador
Which country was the FIFA U-17 World Cup hosted by right after New Zealand?,FIFA U-17 World Cup,New Zealand,Egypt
Which country was the FIFA U-17 World Cup hosted by immediately after Egypt?,FIFA U-17 World Cup,Egypt,New Zealand
Which country hosted the FIFA U-17 World Cup just after country Egypt?,country,country Egypt,New Zealand
Which country was the FIFA U-17 World Cup hosted by right after United Arab Emirates?,FIFA U-17 World Cup,United Arab Emirates,Mexico
Which country hosted the FIFA Futsal World Cup preceded by Netherlands?,FIFA Futsal World Cup,Netherlands,Hong Kong
Which country was the FIFA Futsal World Cup hosted by shortly after Spain?,the FIFA Futsal World Cup,Spain,Guatemala
Which country was the FIFA Futsal World Cup hosted by immediately after Spain?,FIFA Futsal World Cup,Spain,Guatemala
Who hosted the FIFA Futsal World Cup right after Hong Kong?,FIFA Futsal World Cup,Hong Kong,Spain
Which country was the FIFA Futsal World Cup hosted by shortly after Taiwan?,FIFA Futsal World Cup,Taiwan,Brazil
Which country was the FIFA Futsal World Cup hosted by immediately after Taiwan?,FIFA Futsal World Cup,Taiwan,Brazil
Which country was the FIFA Futsal World Cup hosted by immediately after Thailand?,FIFA Futsal World Cup,Thailand,Colombia
Which country was the FIFA Futsal World Cup held in right after country Thailand?,FIFA Futsal World Cup,country Thailand,Colombia
Which country hosted the FIFA Futsal World Cup preceded by Thailand?,FIFA Futsal World Cup,Thailand,Colombia
Which country organized the FIFA Futsal World Cup just subsequent to Netherlands?,FIFA Futsal World Cup,Netherlands,Hong Kong
Which country hosted the FIFA Futsal World Cup preceded by Netherlands?,FIFA Futsal World Cup,Netherlands,Hong Kong
Which country hosted the FIFA Futsal World Cup just after country Spain?,country,country Spain,Guatemala
Which country was the FIFA Futsal World Cup held in right after country Spain?,FIFA Futsal World Cup,country Spain,Guatemala
Which country was the FIFA Futsal World Cup hosted by immediately after Thailand?,FIFA Futsal World Cup,Thailand,Colombia
Which country hosted the FIFA Futsal World Cup just after country Thailand?,FIFA Futsal World Cup,country Thailand,Colombia
Which country was the FIFA Futsal World Cup held in right after country Thailand?,FIFA Futsal World Cup,country Thailand,Colombia
Which country was the FIFA Futsal World Cup hosted by shortly after Hong Kong?,FIFA Futsal World Cup,Hong Kong,Spain
Which country organized the FIFA Futsal World Cup just subsequent to Hong Kong?,FIFA Futsal World Cup,Hong Kong,Spain
Which country was the FIFA Futsal World Cup hosted by right after Taiwan?,FIFA Futsal World Cup,Taiwan,Guatemala
Which country hosted the FIFA Futsal World Cup just after country Spain?,country,country Spain,Guatemala
Which country hosted the FIFA Futsal World Cup preceded by Spain?,country,Spain,Guatemala
Which country was the FIFA Futsal World Cup hosted by right after Guatemala?,FIFA Futsal World Cup,Guatemala,Spain
Which country was the FIFA Futsal World Cup hosted by immediately after Brazil?,FIFA Futsal World Cup,Brazil,Thailand
Which country organized the FIFA Futsal World Cup just subsequent to Brazil?,FIFA Futsal World Cup,Brazil,Thailand
Who hosted the FIFA Futsal World Cup right after Brazil?,FIFA Futsal World Cup,Brazil,Thailand
Which country was the FIFA Futsal World Cup hosted by immediately after Brazil?,the FIFA Futsal World Cup,Brazil,Thailand
Which country was the FIFA Futsal World Cup held in right after country Taiwan?,FIFA Futsal World Cup,country Taiwan,Brazil
Which country hosted the FIFA Futsal World Cup preceded by Taiwan?,FIFA Futsal World Cup,Taiwan,Brazil
Who hosted the FIFA Futsal World Cup right after Spain?,FIFA Futsal World Cup,Spain,Guatemala
Which country was the FIFA Futsal World Cup hosted by immediately after Spain?,FIFA Futsal World Cup,Spain,Guatemala
Which country was the FIFA Futsal World Cup hosted by immediately after Netherlands?,FIFA Futsal World Cup,Netherlands,Hong Kong
Which country hosted the FIFA Futsal World Cup preceded by Netherlands?,FIFA Futsal World Cup,Netherlands,Hong Kong
Which country was the FIFA Futsal World Cup hosted by shortly after Guatemala?,FIFA Futsal World Cup,Guatemala,Taiwan
Which country organized the FIFA Futsal World Cup just subsequent to Guatemala?,country,Guatemala,Taiwan
Which country was the FIFA Futsal World Cup hosted by right after Guatemala?,FIFA Futsal World Cup,Guatemala,Spain
Which country was the FIFA Futsal World Cup hosted by right after Hong Kong?,the FIFA Futsal World Cup,Hong Kong,Netherlands
Who hosted the FIFA Futsal World Cup right after Spain?,FIFA Futsal World Cup,Spain,Guatemala
Which country was the FIFA Futsal World Cup held in right after country Spain?,FIFA Futsal World Cup,country Spain,Guatemala
Which country hosted the FIFA Futsal World Cup just after country Taiwan?,country,country Taiwan,Brazil
Which country was the FIFA Futsal World Cup held in right after country Taiwan?,FIFA Futsal World Cup,country Taiwan,Brazil
Which country was the FIFA Futsal World Cup hosted by immediately after Taiwan?,FIFA Futsal World Cup,Taiwan,Brazil
Where did the F1 race of the 2019 season happen immediately after Hungary?,F1 race of the 2019 season,Hungary,Belgium
Which country hosted the F1 Grand Prix for the 2019 season right after Hungary?,country,Hungary,Belgium
Which country hosted the F1 Grand Prix for the 2019 season right after Spain?,country,Spain,Monaco
Which country hosted the F1 Grand Prix for the 2019 F1 World Championship immediately after Spain?,country,Spain,Monaco
Which country hosted the F1 Grand Prix for the 2019 Formula One World Championship right after Bahrain?,country,Bahrain,China
In which country did the Formula One race for the 2019 F1 World Championship happen right after Bahrain?,the Formula One race for the 2019 F1 World Championship,Bahrain,China
Which country hosted the F1 Grand Prix for the 2019 Formula One World Championship right after Austria?,country,Austria,England
In which country did the Formula One race for the 2019 F1 World Championship happen right after Austria?,the Formula One race for the 2019 F1 World Championship,Austria,England
Which country hosted the F1 Grand Prix for the 2019 season right after China?,country,China,Azerbaijan
Which country hosted the F1 Grand Prix for the 2019 Formula One World Championship right after China?,country,China,Azerbaijan
Where did the F1 race of the 2019 season happen immediately after Spain?,F1 race of the 2019 season,Spain,Monaco
Which country did the Formula One race for the 2019 F1 World Championship happen in soon after Spain?,the Formula One race for the 2019 F1 World Championship,Spain,Monaco
Which country did the Formula One race for the 2019 F1 World Championship happen in soon after Australia?,the Formula One race for the 2019 F1 World Championship,Australia,Bahrain
In which country did the Formula One race for the 2019 F1 World Championship happen right after Australia?,the Formula One race for the 2019 F1 World Championship,Australia,Bahrain
In which country did the Formula One race for the 2019 F1 World Championship happen right after Austria?,the Formula One race for the 2019 F1 World Championship,Austria,England
Where did the F1 race of the 2019 season happen preceded by Austria?,F1 race of the 2019 season,Austria,England
Which country hosted the F1 Grand Prix for the 2019 season right after Monaco?,country,Monaco,Canada
Which country did the Formula One race for the 2019 F1 World Championship happen in soon after Monaco?,the Formula One race for the 2019 F1 World Championship,Monaco,Canada
Which country hosted the F1 Grand Prix for the 2019 Formula One World Championship right after Germany?,country,Germany,Hungary
Where did the F1 race of the 2019 season happen preceded by Germany?,F1 race of the 2019 season,Germany,Hungary
Where did the F1 race of the 2019 season happen immediately after Australia?,F1 race of the 2019 season,Australia,Bahrain
Which country did the Formula One race for the 2019 F1 World Championship happen in soon after Australia?,the Formula One race for the 2019 F1 World Championship,Australia,Bahrain
Which country hosted the Formula One Grand Prix for the 2019 season soon after Belgium?,the Formula One Grand Prix for the 2019 season,Belgium,Italy
In which country did the Formula One race for the 2019 F1 World Championship happen right after Belgium?,the Formula One race for the 2019 F1 World Championship,Belgium,Italy
Which country hosted the Formula One Grand Prix for the 2019 season soon after Austria?,the Formula One Grand Prix for the 2019 season,Austria,England
Where did the F1 race of the 2019 season happen preceded by Austria?,F1 race of the 2019 season,Austria,England
In which country did the Formula One race for the 2019 F1 World Championship happen right after Canada?,the Formula One race for the 2019 F1 World Championship,Canada,France
Where did the F1 race of the 2019 season happen preceded by Canada?,F1 race of the 2019 season,Canada,France
Where did the F1 race of the 2019 season happen immediately after Azerbaijan?,F1 race of the 2019 season,Azerbaijan,Spain
Where did the F1 race of the 2019 season happen preceded by Azerbaijan?,F1 race of the 2019 season,Azerbaijan,Spain
Where did the F1 race of the 2019 season happen immediately after Italy?,F1 race of the 2019 season,Italy,Singapore
In which country did the Formula One race for the 2019 F1 World Championship happen right after Italy?,the Formula One race for the 2019 F1 World Championship,Italy,Singapore
Which country did the Formula One race for the 2019 F1 World Championship happen in soon after China?,the Formula One race for the 2019 F1 World Championship,China,Azerbaijan
Which country hosted the F1 Grand Prix for the 2019 Formula One World Championship right after China?,country,China,Azerbaijan
Which country hosted the MotoGP Grand Prix for the 2019 season soon after Czech Republic?,MotoGP Grand Prix for the 2019 season,Czech Republic,Austria
In which country did the MotoGP race for the 2019 MotoGP World Championship happen right after Czech Republic?,2019 MotoGP World Championship,Czech Republic,Austria
Which country hosted the MotoGP Grand Prix for the 2019 season soon after Austria?,MotoGP Grand Prix for the 2019 season,Austria,England
In which country did the MotoGP race for the 2019 MotoGP World Championship happen right after Austria?,the 2019 MotoGP World Championship,Austria,England
Which country hosted the MotoGP Grand Prix for the 2019 season right after Germany?,MotoGP Grand Prix for the 2019 season,Germany,Czech Republic
Which country hosted the MotoGP Grand Prix for the 2019 MotoGP World Championship immediately after Germany?,MotoGP Grand Prix for the 2019 MotoGP World Championship,Germany,Czech Republic
Which country hosted the MotoGP Grand Prix for the 2019 season right after Czech Republic?,MotoGP Grand Prix for the 2019 season,Czech Republic,Austria
Which country hosted the MotoGP Grand Prix for the 2019 season soon after Czech Republic?,MotoGP Grand Prix for the 2019 season,Czech Republic,Austria
Which country hosted the MotoGP Grand Prix for the 2019 season right after Czech Republic?,MotoGP Grand Prix for the 2019 season,Czech Republic,Austria
Which country did the MotoGP race for the 2019 MotoGP World Championship happen in soon after Czech Republic?,the 2019 MotoGP World Championship,Czech Republic,Austria
Which country did the MotoGP race for the 2019 MotoGP World Championship happen in soon after Czech Republic?,the 2019 MotoGP World Championship,Czech Republic,Austria
Where did the MotoGP race of the 2019 season happen preceded by Czech Republic?,MotoGP race of the 2019 season,Czech Republic,Austria
Where did the MotoGP race of the 2019 season happen immediately after Czech Republic?,MotoGP race of the 2019 season,Czech Republic,Austria
In which country did the MotoGP race for the 2019 MotoGP World Championship happen right after Czech Republic?,2019 MotoGP World Championship,Czech Republic,Austria
Which country hosted the MotoGP Grand Prix for the 2019 MotoGP World Championship right after Netherlands?,MotoGP Grand Prix for the 2019 MotoGP World Championship,Netherlands,Germany
Which country hosted the MotoGP Grand Prix for the 2019 season soon after Netherlands?,MotoGP Grand Prix for the 2019 season,Netherlands,Germany
Which country did the MotoGP race for the 2019 MotoGP World Championship happen in soon after Czech Republic?,the 2019 MotoGP World Championship,Czech Republic,Austria
Which country hosted the MotoGP Grand Prix for the 2019 MotoGP World Championship immediately after Czech Republic?,MotoGP Grand Prix for the 2019 MotoGP World Championship,Czech Republic,Austria
Where did the MotoGP race of the 2019 season happen immediately after Czech Republic?,MotoGP race of the 2019 season,Czech Republic,Austria
Which country hosted the MotoGP Grand Prix for the 2019 season soon after Czech Republic?,MotoGP Grand Prix for the 2019 season,Czech Republic,Austria
Which country did the MotoGP race for the 2019 MotoGP World Championship happen in soon after Czech Republic?,the 2019 MotoGP World Championship,Czech Republic,Austria
Which country hosted the MotoGP Grand Prix for the 2019 MotoGP World Championship right after Czech Republic?,MotoGP Grand Prix for the 2019 MotoGP World Championship,Czech Republic,Austria
Where did the MotoGP race of the 2019 season happen immediately after Austria?,MotoGP race of the 2019 season,Austria,England
Which country did the MotoGP race for the 2019 MotoGP World Championship happen in soon after Austria?,the 2019 MotoGP World Championship,Austria,England
Which country hosted the MotoGP Grand Prix for the 2019 MotoGP World Championship right after Netherlands?,MotoGP Grand Prix for the 2019 MotoGP World Championship,Netherlands,Germany
In which country did the MotoGP race for the 2019 MotoGP World Championship happen right after Netherlands?,2019 MotoGP World Championship,Netherlands,Germany
Which country hosted the MotoGP Grand Prix for the 2019 season right after Germany?,MotoGP Grand Prix for the 2019 season,Germany,Czech Republic
Which country did the MotoGP race for the 2019 MotoGP World Championship happen in soon after Germany?,the 2019 MotoGP World Championship,Germany,Czech Republic
Who was Prime Minister of the UK immediately after David Cameron?,Prime Minister of the UK,David Cameron,Theresa May
Who assumed the role of Prime Minister of the UK shortly after David Cameron?,Prime Minister of the UK,David Cameron,Theresa May
Who became the Prime Minister of the UK immediately subsequent to Tony Blair?,the Prime Minister of the UK,Tony Blair,Gordon Brown
Who won the role of Prime Minister of the UK preceded by Tony Blair?,Prime Minister of the UK,Tony Blair,Gordon Brown
Which Prime Minister represented the UK right after Theresa May?,Theresa May,represented the UK,Boris Johnson
Who assumed the role of Prime Minister of the UK straight after Theresa May?,Theresa May,assumed the role of Prime Minister of the UK,Boris Johnson
Who won the role of Prime Minister of the UK just after Tony Blair?,Prime Minister of the UK,Tony Blair,Gordon Brown
Who became the Prime Minister of the UK immediately subsequent to Tony Blair?,the Prime Minister of the UK,Tony Blair,Gordon Brown
Who became the Prime Minister of the UK immediately subsequent to Gordon Brown?,the Prime Minister of the UK,Gordon Brown,David Cameron
Who won the role of Prime Minister of the UK preceded by Gordon Brown?,Prime Minister of the UK,Gordon Brown,David Cameron
Who assumed the role of Prime Minister of the UK straight after Gordon Brown?,Prime Minister of the UK,Gordon Brown,David Cameron
Who became the Prime Minister of the UK immediately subsequent to Gordon Brown?,the Prime Minister of the UK,Gordon Brown,David Cameron
Who assumed the role of Prime Minister of the UK shortly after James Callaghan?,Prime Minister of the UK,James Callaghan,Margaret Thatcher
Who was declared British Prime Minister preceded by James Callaghan?,British Prime Minister,James Callaghan,Margaret Thatcher
Who won the role of Prime Minister of the UK just after Margaret Thatcher?,Prime Minister of the UK,Margaret Thatcher,John Major
Who assumed the role of Prime Minister of the UK shortly after Margaret Thatcher?,Prime Minister of the UK,Margaret Thatcher,John Major
Who was Prime Minister of the UK immediately after David Cameron?,Prime Minister of the UK,David Cameron,Theresa May
Who assumed the role of Prime Minister of the UK straight after David Cameron?,Prime Minister of the UK,David Cameron,Theresa May
Who assumed the role of Prime Minister of the UK shortly after James Callaghan?,Prime Minister of the UK,James Callaghan,Margaret Thatcher
Who won the role of Prime Minister of the UK preceded by James Callaghan?,Prime Minister of the UK,James Callaghan,Margaret Thatcher
Who was Prime Minister of the UK immediately after James Callaghan?,Prime Minister of the UK,James Callaghan,Margaret Thatcher
Who assumed the role of Prime Minister of the UK straight after James Callaghan?,Prime Minister of the UK,James Callaghan,Margaret Thatcher
Who was Prime Minister of the UK immediately after Theresa May?,Prime Minister of the UK,Theresa May,Boris Johnson
Who won the role of Prime Minister of the UK just after Theresa May?,Prime Minister of the UK,Theresa May,Boris Johnson
Which Prime Minister represented the UK right after John Major?,the UK,John Major,Tony Blair
Who assumed the role of Prime Minister of the UK shortly after John Major?,Prime Minister of the UK,John Major,Tony Blair
Who assumed the role of Prime Minister of the UK shortly after Gordon Brown?,Gordon Brown,assumed the role of Prime Minister of the UK,David Cameron
Who won the role of Prime Minister of the UK preceded by Gordon Brown?,Prime Minister of the UK,Gordon Brown,David Cameron
Who assumed the role of Prime Minister of the UK shortly after John Major?,Prime Minister of the UK,John Major,Tony Blair
Who was declared British Prime Minister preceded by John Major?,British Prime Minister,John Major,Tony Blair
Who was Prime Minister of the UK immediately after James Callaghan?,Prime Minister of the UK,James Callaghan,Margaret Thatcher
Who assumed the role of Prime Minister of the UK shortly after James Callaghan?,Prime Minister of the UK,James Callaghan,Margaret Thatcher
Who was Prime Minister of the UK immediately after John Major?,Prime Minister of the UK,John Major,Tony Blair
Who assumed the role of Prime Minister of the UK straight after John Major?,Prime Minister of the UK,John Major,Tony Blair
Which Prime Minister represented the UK right after Margaret Thatcher?,the UK,Margaret Thatcher,John Major
Who assumed the role of Prime Minister of the UK shortly after Margaret Thatcher?,Prime Minister of the UK,Margaret Thatcher,John Major
Who won the role of Prime Minister of the UK just after John Major?,Prime Minister of the UK,John Major,Tony Blair
Who became the Prime Minister of the UK immediately subsequent to John Major?,the Prime Minister of the UK,John Major,Tony Blair
Who won the role of Prime Minister of the UK just after James Callaghan?,Prime Minister of the UK,James Callaghan,Margaret Thatcher
Who won the role of Prime Minister of the UK preceded by James Callaghan?,Prime Minister of the UK,James Callaghan,Margaret Thatcher
Who won the role of Prime Minister of the UK just after Theresa May?,Prime Minister of the UK,Theresa May,Boris Johnson
Who was declared British Prime Minister preceded by Theresa May?,British Prime Minister,Theresa May,Boris Johnson
Who won the role of Prime Minister of the UK just after John Major?,Prime Minister of the UK,John Major,Tony Blair
Who assumed the role of Prime Minister of the UK shortly after John Major?,Prime Minister of the UK,John Major,Tony Blair
Which film won the Academy Award for Best Costume Design soon after Mad Max: Fury Road?,film,Mad Max: Fury Road,Fantastic Beasts and Where to Find Them
Which film was awarded the Academy Award for Best Costume Design immediately after Mad Max: Fury Road?,film,Mad Max: Fury Road,Fantastic Beasts and Where to Find Them
Which film won the Academy Award for Best Costume Design immediately after Elizabeth: The Golden Age?,film,Elizabeth: The Golden Age,The Duchess
Which film won the Oscar for Best Costume Design immediately subsequent to Elizabeth: The Golden Age?,film,Elizabeth: The Golden Age,The Duchess
Which movie won the Academy Award for Best Costume Design right after Black Panther?,movie,Black Panther,Little Women
Which film won the Best Costume Design Academy Award preceded by Black Panther?,film,Black Panther,Little Women
Which film won the Oscar for Best Costume Design right after Elizabeth: The Golden Age?,film,Elizabeth: The Golden Age,The Duchess
Which film won the Best Costume Design Academy Award preceded by Elizabeth: The Golden Age?,film,Elizabeth: The Golden Age,The Duchess
Which film was awarded the Academy Award for Best Costume Design immediately after Alice in Wonderland?,film,Alice in Wonderland,The Artist
Which film won the Best Costume Design Academy Award preceded by Alice in Wonderland?,film,Alice in Wonderland,The Artist
Which film won the Academy Award for Best Costume Design immediately after The Young Victoria?,film,The Young Victoria,Alice in Wonderland
Which movie won the Academy Award for Best Costume Design right after The Young Victoria?,movie,The Young Victoria,Alice in Wonderland
Which movie won the Academy Award for Best Costume Design right after Mad Max: Fury Road?,movie,Mad Max: Fury Road,Fantastic Beasts and Where to Find Them
Which film won the Academy Award for Best Costume Design soon after Mad Max: Fury Road?,film,Mad Max: Fury Road,Fantastic Beasts and Where to Find Them
Which film won the Academy Award for Best Costume Design immediately after The Great Gatsby?,film,The Great Gatsby,The Grand Budapest Hotel
Which film won the Best Costume Design Academy Award preceded by The Great Gatsby?,film,The Great Gatsby,The Grand Budapest Hotel
Which film won the Academy Award for Best Costume Design immediately after The Aviator?,film,The Aviator,Memoirs of a Geisha
Which film was awarded the Academy Award for Best Costume Design immediately after The Aviator?,film,The Aviator,Memoirs of a Geisha
Which film won the Oscar for Best Costume Design right after The Great Gatsby?,film,The Great Gatsby,The Grand Budapest Hotel
Which film won the Oscar for Best Costume Design immediately subsequent to The Great Gatsby?,film,The Great Gatsby,The Grand Budapest Hotel
Which film won the Academy Award for Best Costume Design immediately after Black Panther?,film,Black Panther,Little Women
Which film won the Best Costume Design Academy Award just after Black Panther?,film,Black Panther,Little Women
Which film won the Oscar for Best Costume Design right after Anna Karenina?,film,Anna Karenina,The Great Gatsby
Which film was awarded the Academy Award for Best Costume Design immediately after Anna Karenina?,film,Anna Karenina,The Great Gatsby
Which film was awarded the Academy Award for Best Costume Design immediately after The Great Gatsby?,film,The Great Gatsby,The Grand Budapest Hotel
Which film won the Best Costume Design Academy Award preceded by The Great Gatsby?,film,The Great Gatsby,The Grand Budapest Hotel
Which film won the Academy Award for Best Costume Design immediately after Fantastic Beasts and Where to Find Them?,film,Fantastic Beasts and Where to Find Them,Phantom Thread
Which film won the Oscar for Best Costume Design right after Fantastic Beasts and Where to Find Them?,film,Fantastic Beasts and Where to Find Them,Phantom Thread
Which film won the Academy Award for Best Costume Design immediately after Mad Max: Fury Road?,film,Mad Max: Fury Road,Fantastic Beasts and Where to Find Them
Which film won the Oscar for Best Costume Design right after Mad Max: Fury Road?,film,Mad Max: Fury Road,Fantastic Beasts and Where to Find Them
Which film won the Best Costume Design Academy Award just after The Aviator?,film,The Aviator,Memoirs of a Geisha
Which film won the Academy Award for Best Costume Design soon after The Aviator?,film,The Aviator,Memoirs of a Geisha
Which film won the Academy Award for Best Costume Design immediately after Phantom Thread?,film,Phantom Thread,Black Panther
Which film won the Oscar for Best Costume Design immediately subsequent to Phantom Thread?,film,Phantom Thread,Black Panther
Which film won the Best Costume Design Academy Award just after Marie Antoinette?,film,Marie Antoinette,Elizabeth: The Golden Age
Which film won the Oscar for Best Costume Design right after Marie Antoinette?,film,Marie Antoinette,Elizabeth: The Golden Age
Which film won the Best Costume Design Academy Award just after The Duchess?,film,The Duchess,The Young Victoria
Which movie won the Academy Award for Best Costume Design right after The Duchess?,movie,The Duchess,The Young Victoria
Which film won the Academy Award for Best Costume Design immediately after Mad Max: Fury Road?,film,Mad Max: Fury Road,Fantastic Beasts and Where to Find Them
Which film was awarded the Academy Award for Best Costume Design immediately after Mad Max: Fury Road?,film,Mad Max: Fury Road,Fantastic Beasts and Where to Find Them
Which movie won the Academy Award for Best Costume Design right after The Young Victoria?,movie,The Young Victoria,Alice in Wonderland
Which film won the Academy Award for Best Costume Design soon after The Young Victoria?,film,The Young Victoria,Alice in Wonderland
Which movie won the Academy Award for Best Costume Design right after Black Panther?,movie,Black Panther,Little Women
Which film won the Academy Award for Best Costume Design soon after Black Panther?,film,Black Panther,Little Women
Which film won the Best Costume Design Academy Award just after Mad Max: Fury Road?,film,Mad Max: Fury Road,Fantastic Beasts and Where to Find Them
Which film won the Oscar for Best Costume Design immediately subsequent to Mad Max: Fury Road?,film,Mad Max: Fury Road,Fantastic Beasts and Where to Find Them
Which album won the Album of the Year Grammy Award just after Morning Phase?,Morning Phase,won the Album of the Year Grammy Award,1989
Which album won the Album of the Year Grammy Award preceded by Morning Phase?,Album of the Year Grammy Award,Morning Phase,1989
Which album won the Grammy Award for Album of the Year soon after 24K Magic?,album,24K Magic,Golden Hour
Which album was awarded the Grammy Award for Album of the Year immediately after 24K Magic?,album,24K Magic,Golden Hour
Which album won the Grammy for Album of the Year immediately subsequent to Fearless?,album,Fearless,The Suburbs
Which album won the Grammy Award for Album of the Year soon after Fearless?,album,Fearless,The Suburbs
Which album won the Album of the Year Grammy Award just after 21?,21,the Album of the Year Grammy Award,Babel
Which album won the Album of the Year Grammy Award preceded by 21?,album,21,Babel
Which album won the Grammy Award for Album of the Year immediately after Fearless?,Fearless,the Grammy Award for Album of the Year,The Suburbs
Which album won the Grammy for Album of the Year right after Fearless?,Fearless,won the Grammy for Album of the Year,The Suburbs
Which album won the Grammy Award for Album of the Year immediately after Random Access Memories?,album,Random Access Memories,Morning Phase
Which album won the Grammy for Album of the Year immediately subsequent to Random Access Memories?,Random Access Memories,won the Grammy for Album of the Year,Morning Phase
Which album won the Grammy for Album of the Year immediately subsequent to How to Dismantle an Atomic Bomb?,album,How to Dismantle an Atomic Bomb,Taking the Long Way
Which album won the Grammy Award for Album of the Year soon after How to Dismantle an Atomic Bomb?,album,How to Dismantle an Atomic Bomb,Taking the Long Way
Which album won the Grammy for Album of the Year right after 24K Magic?,24K Magic,won the Grammy for Album of the Year,Golden Hour
Which album won the Grammy Award for Album of the Year soon after 24K Magic?,album,24K Magic,Golden Hour
Which album was awarded the Grammy Award for Album of the Year immediately after River: The Joni Letters?,album,River: The Joni Letters,Raising Sand
Which album won the Album of the Year Grammy Award preceded by River: The Joni Letters?,album,River: The Joni Letters,Raising Sand
Which album won the Grammy for Album of the Year right after Raising Sand?,Raising Sand,won the Grammy for Album of the Year,Fearless
Which album won the Grammy for Album of the Year immediately subsequent to Raising Sand?,Raising Sand,won the Grammy for Album of the Year,Fearless
Which album won the Album of the Year Grammy Award just after Morning Phase?,Morning Phase,won the Album of the Year Grammy Award,1989
Which album won the Grammy Award for Album of the Year soon after Morning Phase?,album,Morning Phase,1989
Which album won the Grammy Award for Album of the Year immediately after River: The Joni Letters?,album,River: The Joni Letters,Raising Sand
Which album won the Grammy for Album of the Year right after River: The Joni Letters?,album,River: The Joni Letters,Raising Sand
Which movie won the Grammy Award for Album of the Year right after Fearless?,movie,Fearless,The Suburbs
Which album was awarded the Grammy Award for Album of the Year immediately after Fearless?,Fearless,the Grammy Award for Album of the Year,The Suburbs
Which album won the Grammy Award for Album of the Year soon after Random Access Memories?,album,Random Access Memories,Morning Phase
Which album was awarded the Grammy Award for Album of the Year immediately after Random Access Memories?,Random Access Memories,awarded the Grammy Award for Album of the Year,Morning Phase
Which album won the Album of the Year Grammy Award just after Fearless?,Fearless,the Album of the Year Grammy Award,The Suburbs
Which album won the Grammy for Album of the Year immediately subsequent to Fearless?,Fearless,won the Grammy for Album of the Year,The Suburbs
Which album won the Album of the Year Grammy Award just after River: The Joni Letters?,album,River: The Joni Letters,Raising Sand
Which movie won the Grammy Award for Album of the Year right after River: The Joni Letters?,movie,River: The Joni Letters,Raising Sand
Which album won the Grammy Award for Album of the Year immediately after Babel?,album,Babel,Random Access Memories
Which movie won the Grammy Award for Album of the Year right after Babel?,movie,Babel,Random Access Memories
Which album was awarded the Grammy Award for Album of the Year immediately after 25?,25,the Grammy Award for Album of the Year,24K Magic
Which album won the Album of the Year Grammy Award preceded by 25?,album,25,24K Magic
Which album won the Grammy Award for Album of the Year soon after Genius Loves Company?,album,Genius Loves Company,How to Dismantle an Atomic Bomb
Which album was awarded the Grammy Award for Album of the Year immediately after Genius Loves Company?,album,Genius Loves Company,How to Dismantle an Atomic Bomb
Who assumed the role of Viceroy of India straight after Lord Willingdon?,Viceroy of India,Lord Willingdon,Lord Linlithgow
Who was declared the Indian Viceroy preceded by Lord Willingdon?,Indian Viceroy,Lord Willingdon,Lord Linlithgow
Who assumed the role of Viceroy of India shortly after Lord Reading?,Viceroy of India,Lord Reading,Lord Irwin
Who was declared the Indian Viceroy preceded by Lord Reading?,the Indian Viceroy,Lord Reading,Lord Irwin
Who was Viceroy of India immediately after Lord Chelmsford?,Viceroy of India,Lord Chelmsford,Lord Reading
Who assumed the role of Viceroy of India shortly after Lord Chelmsford?,Viceroy of India,Lord Chelmsford,Lord Reading
Who was Viceroy of India immediately after Lord Irwin?,Viceroy of India,Lord Irwin,Lord Willingdon
Who assumed the role of Viceroy of India straight after Lord Irwin?,Viceroy of India,Lord Irwin,Lord Willingdon
Who represented India as the Viceroy right after Lord Minto II?,India,Lord Minto II,Lord Hardinge II
Who assumed the role of Viceroy of India straight after Lord Minto II?,Viceroy of India,Lord Minto II,Lord Hardinge II
Who was Viceroy of India immediately after Lord Wavell?,Viceroy of India,Lord Wavell,Lord Mountbatten
Who assumed the role of Viceroy of India straight after Lord Wavell?,Viceroy of India,Lord Wavell,Lord Mountbatten
Who assumed the role of Viceroy of India shortly after Lord Dufferin?,Viceroy of India,Lord Dufferin,Lord Lansdowne
Who became the Viceroy of India immediately subsequent to Lord Dufferin?,Viceroy of India,Lord Dufferin,Lord Lansdowne
Who won the role of Viceroy of India just after Lord Hardinge II?,Viceroy of India,Lord Hardinge II,Lord Chelmsford
Who won the role of Viceroy of India preceded by Lord Hardinge II?,Viceroy of India,Lord Hardinge II,Lord Chelmsford
Who assumed the role of Viceroy of India shortly after Lord Linlithgow?,Viceroy of India,Lord Linlithgow,Lord Wavell
Who was declared the Indian Viceroy preceded by Lord Linlithgow?,Indian Viceroy,Lord Linlithgow,Lord Wavell
Who was Viceroy of India immediately after Lord Linlithgow?,Viceroy of India,Lord Linlithgow,Lord Wavell
Who won the role of Viceroy of India preceded by Lord Linlithgow?,Viceroy of India,Lord Linlithgow,Lord Wavell
Who assumed the role of Viceroy of India shortly after Lord Reading?,Viceroy of India,Lord Reading,Lord Irwin
Who won the role of Viceroy of India preceded by Lord Reading?,Viceroy of India,Lord Reading,Lord Irwin
Who assumed the role of Viceroy of India shortly after Lord Northbrook?,Viceroy of India,Lord Northbrook,Lord Lytton
Who won the role of Viceroy of India preceded by Lord Northbrook?,Viceroy of India,Lord Northbrook,Lord Lytton
Who assumed the role of Viceroy of India straight after Lord Wavell?,Viceroy of India,Lord Wavell,Lord Mountbatten
Who won the role of Viceroy of India just after Lord Wavell?,Viceroy of India,Lord Wavell,Lord Mountbatten
Who was Viceroy of India immediately after Lord Reading?,Viceroy of India,Lord Reading,Lord Irwin
Who assumed the role of Viceroy of India straight after Lord Reading?,Viceroy of India,Lord Reading,Lord Irwin
Who represented India as the Viceroy right after Lord Northbrook?,India,Lord Northbrook,Lord Lytton
Who won the role of Viceroy of India just after Lord Northbrook?,Viceroy of India,Lord Northbrook,Lord Lytton
Who assumed the role of Viceroy of India shortly after Lord Lytton?,Viceroy of India,Lord Lytton,Lord Ripon
Who won the role of Viceroy of India preceded by Lord Lytton?,Viceroy of India,Lord Lytton,Lord Ripon
Who assumed the role of Viceroy of India straight after Lord Reading?,Viceroy of India,Lord Reading,Lord Irwin
Who won the role of Viceroy of India just after Lord Reading?,Viceroy of India,Lord Reading,Lord Irwin
Who represented India as the Viceroy right after Lord Hardinge II?,India,Lord Hardinge II,Lord Chelmsford
Who became the Viceroy of India immediately subsequent to Lord Hardinge II?,Viceroy of India,Lord Hardinge II,Lord Chelmsford
Who won the role of Viceroy of India preceded by Lord Willingdon?,Viceroy of India,Lord Willingdon,Lord Linlithgow
Who was declared the Indian Viceroy preceded by Lord Willingdon?,Indian Viceroy,Lord Willingdon,Lord Linlithgow
Which country secured their independence shortly after country Kyrgyzstan?,country,country Kyrgyzstan,Uzbekistan
Which country assumed self-determination preceded by Kyrgyzstan?,country,Kyrgyzstan,Uzbekistan
Which country attained freedom just subsequent to country Azerbaijan?,country,country Azerbaijan,Turkmenistan
Which country did the people accomplish freedom in preceded by people of Azerbaijan?,people,people of Azerbaijan,Turkmenistan
Which country did people enjoy independence straight after people of Turkmenistan?,people of Turkmenistan,independence,Kazakhstan
Which country secured their independence shortly after country Turkmenistan?,country,country Turkmenistan,Kazakhstan
Which country assumed self-determination just after country Ukraine?,country,country Ukraine,Moldova
Which country assumed self-determination preceded by Ukraine?,country,Ukraine,Moldova
Which country achieved freedom right after country Georgia?,country,freedom,Estonia
Which country assumed self-determination preceded by Georgia?,country,Georgia,Estonia
Which country assumed self-determination just after country Moldova?,country,country Moldova,Kyrgyzstan
Which country assumed self-determination preceded by Moldova?,country,Moldova,Kyrgyzstan
Which country assumed self-determination just after country Ukraine?,country,country Ukraine,Moldova
Which country secured their independence shortly after country Ukraine?,country,country Ukraine,Moldova
Which country secured their independence shortly after country Tajikistan?,country,country Tajikistan,Armenia
Which country assumed self-determination preceded by Tajikistan?,country,Tajikistan,Armenia
Which country assumed self-determination just after country Croatia?,country,country Croatia,Azerbaijan
Which country secured their independence shortly after country Croatia?,country,country Croatia,Azerbaijan
Which country attained freedom just subsequent to country Kyrgyzstan?,country,country Kyrgyzstan,Uzbekistan
Which country assumed self-determination preceded by Kyrgyzstan?,country,Kyrgyzstan,Uzbekistan
Which country did people enjoy independence straight after people of Ukraine?,people of Ukraine,independence,Moldova
Which country assumed self-determination preceded by Ukraine?,country,Ukraine,Moldova
Which country secured their independence shortly after country Armenia?,country,country Armenia,Croatia
Which country did the people accomplish freedom in preceded by people of Armenia?,the people,people of Armenia,Croatia
Which country achieved freedom right after country Azerbaijan?,country,country Azerbaijan,Turkmenistan
Which country attained freedom just subsequent to country Azerbaijan?,country,country Azerbaijan,Turkmenistan
Which country assumed self-determination just after country Uzbekistan?,country,country Uzbekistan,Macedonia
Which country did the people accomplish freedom in preceded by people of Uzbekistan?,the people,people of Uzbekistan,Macedonia
Which country got independence immediately after Turkmenistan?,country,independence,Kazakhstan
Which country did people enjoy independence straight after people of Turkmenistan?,people of Turkmenistan,independence,Kazakhstan
Which country achieved freedom right after country Georgia?,country,freedom,Estonia
Which country assumed self-determination just after country Georgia?,country,country Georgia,Estonia
Which country secured their independence shortly after country Azerbaijan?,country,country Azerbaijan,Turkmenistan
Which country did the people accomplish freedom in preceded by people of Azerbaijan?,the people,people of Azerbaijan,Turkmenistan
Which country secured their independence shortly after country Moldova?,country,country Moldova,Kyrgyzstan
Which country assumed self-determination preceded by Moldova?,country,Moldova,Kyrgyzstan
Which country secured their independence shortly after country Kyrgyzstan?,country,country Kyrgyzstan,Uzbekistan
Which country attained freedom just subsequent to country Kyrgyzstan?,country,country Kyrgyzstan,Uzbekistan
Which country assumed self-determination just after country Croatia?,country,country Croatia,Azerbaijan
Which country assumed self-determination preceded by Croatia?,country,Croatia,Azerbaijan
Which country got independence immediately after Kyrgyzstan?,country,Kyrgyzstan,Uzbekistan
Which country did the people accomplish freedom in preceded by people of Kyrgyzstan?,the people,people of Kyrgyzstan,Uzbekistan
Which country secured their independence shortly after country Moldova?,country,country Moldova,Kyrgyzstan
Which country attained freedom just subsequent to country Moldova?,country,country Moldova,Kyrgyzstan
Which country assumed self-determination just after country Uzbekistan?,country,country Uzbekistan,Macedonia
Which country secured their independence shortly after country Uzbekistan?,country,country Uzbekistan,Macedonia
Which country secured their independence shortly after country Croatia?,country,country Croatia,Azerbaijan
Which country did the people accomplish freedom in preceded by people of Croatia?,people,people of Croatia,Azerbaijan
Who assumed the president position of the American Sociological Association preceded by James P. Lichtenberger?,the American Sociological Association,James P. Lichtenberger,Ulysses G. Weatherly
Who assumed president position of the American Sociological Association just after George E. Howard?,the American Sociological Association,George E. Howard,Charles Cooley
Who assumed the president position of the American Sociological Association preceded by George E. Howard?,the American Sociological Association,George E. Howard,Charles Cooley
Who assumed president position of the American Sociological Association just after Charles Cooley?,American Sociological Association,Charles Cooley,Frank W. Blackmar
Who was the president of the American Sociological Association just subsequent to Ulysses G. Weatherly?,the president of the American Sociological Association,Ulysses G. Weatherly,Charles A. Ellwood
Who took over the president position of the American Sociological Association right after James Q. Dealey?,the president position of the American Sociological Association,James Q. Dealey,Edward C. Hayes
Who took over the president position of the American Sociological Association right after Ulysses G. Weatherly?,the president position of the American Sociological Association,Ulysses G. Weatherly,Charles A. Ellwood
Who was president of the American Sociological Association immediately after Edward C. Hayes?,president of the American Sociological Association,Edward C. Hayes,James P. Lichtenberger
Who was president of the American Sociological Association immediately after Edward C. Hayes?,president of the American Sociological Association,Edward C. Hayes,James P. Lichtenberger
Who assumed president position of the American Sociological Association just after Edward C. Hayes?,the American Sociological Association,Edward C. Hayes,James P. Lichtenberger
Who took over the president position of the American Sociological Association right after Lester F. Ward?,the president position of the American Sociological Association,Lester F. Ward,William G. Sumner
Who held the presidential position in the American Sociological Association shortly after Lester F. Ward?,the presidential position in the American Sociological Association,Lester F. Ward,William G. Sumner
Who was the president of the American Sociological Association just subsequent to George E. Howard?,the president of the American Sociological Association,George E. Howard,Charles Cooley
Who was president of the American Sociological Association immediately after Albion Woodbury Small?,president of the American Sociological Association,Albion Woodbury Small,Edward A. Ross
Who assumed the president position of the American Sociological Association preceded by Albion Woodbury Small?,the American Sociological Association,Albion Woodbury Small,Edward A. Ross
Who was the president of the American Sociological Association just subsequent to Frank W. Blackmar?,the president of the American Sociological Association,Frank W. Blackmar,James Q. Dealey
Who assumed the president position of the American Sociological Association preceded by Frank W. Blackmar?,the American Sociological Association,Frank W. Blackmar,James Q. Dealey
Who assumed the president position of the American Sociological Association preceded by Robert E. Park?,the American Sociological Association,Robert E. Park,John L. Gillin
Who held the presidential position in the American Sociological Association shortly after Frank W. Blackmar?,Frank W. Blackmar,held the presidential position in the American Sociological Association,James Q. Dealey
Who assumed the president position of the American Sociological Association preceded by Frank W. Blackmar?,the American Sociological Association,Frank W. Blackmar,James Q. Dealey
Who did the American Sociological Association appoint as president straight after Lester F. Ward?,the American Sociological Association,Lester F. Ward,William G. Sumner
Who took over the president position of the American Sociological Association right after Albion Woodbury Small?,the president position of the American Sociological Association,Albion Woodbury Small,Edward A. Ross
Who was the president of the American Sociological Association just subsequent to Albion Woodbury Small?,the president of the American Sociological Association,Albion Woodbury Small,Edward A. Ross
Who assumed president position of the American Sociological Association just after Edward C. Hayes?,American Sociological Association,Edward C. Hayes,James P. Lichtenberger
Who was president of the American Sociological Association immediately after Frank W. Blackmar?,president of the American Sociological Association,Frank W. Blackmar,James Q. Dealey
Who assumed president position of the American Sociological Association just after Frank W. Blackmar?,the American Sociological Association,Frank W. Blackmar,James Q. Dealey
Who held the presidential position in the American Sociological Association shortly after Robert E. Park?,the American Sociological Association,Robert E. Park,John L. Gillin
Who assumed the president position of the American Sociological Association preceded by Robert E. Park?,the American Sociological Association,Robert E. Park,John L. Gillin
Who held the presidential position in the American Sociological Association shortly after Frank W. Blackmar?,the presidential position in the American Sociological Association,Frank W. Blackmar,James Q. Dealey
Who was the president of the American Sociological Association just subsequent to Frank W. Blackmar?,the president of the American Sociological Association,Frank W. Blackmar,James Q. Dealey
Who was president of the American Sociological Association immediately after James P. Lichtenberger?,president of the American Sociological Association,James P. Lichtenberger,Ulysses G. Weatherly
Who was the president of the American Sociological Association just subsequent to James P. Lichtenberger?,the president of the American Sociological Association,James P. Lichtenberger,Ulysses G. Weatherly
Who did the American Psychological Association appoint as president straight after Edward C. Tolman?,the American Psychological Association,Edward C. Tolman,John Dashiell
Who was president of the American Psychological Association immediately after Edward C. Tolman?,president of the American Psychological Association,Edward C. Tolman,John Dashiell
Who held the presidential position in the American Psychological Association shortly after Edward C. Tolman?,American Psychological Association,Edward C. Tolman,John Dashiell
Who held the presidential position in the American Psychological Association shortly after John Dashiell?,the American Psychological Association,John Dashiell,Gordon Allport
Who assumed the president position of the American Psychological Association preceded by John Dashiell?,the American Psychological Association,John Dashiell,Gordon Allport
Who assumed president position of the American Psychological Association just after Clark L. Hull?,American Psychological Association,Clark L. Hull,Edward C. Tolman
Who held the presidential position in the American Psychological Association shortly after Walter Samuel Hunter?,Walter Samuel Hunter,held the presidential position in the American Psychological Association,Walter Richard Miles
Who was the president of the American Psychological Association just subsequent to Walter Samuel Hunter?,the president of the American Psychological Association,Walter Samuel Hunter,Walter Richard Miles
Who assumed president position of the American Psychological Association just after Louis Leon Thurstone?,the American Psychological Association,Louis Leon Thurstone,Joseph Peterson
Who was the president of the American Psychological Association just subsequent to Louis Leon Thurstone?,the president of the American Psychological Association,Louis Leon Thurstone,Joseph Peterson
Who was president of the American Psychological Association immediately after Gordon Allport?,American Psychological Association,Gordon Allport,Leonard Carmichael
Who took over the president position of the American Psychological Association right after Gordon Allport?,Gordon Allport,the president position of the American Psychological Association,Leonard Carmichael
Who did the American Psychological Association appoint as president straight after Louis Leon Thurstone?,the American Psychological Association,Louis Leon Thurstone,Joseph Peterson
Who held the presidential position in the American Psychological Association shortly after Louis Leon Thurstone?,Louis Leon Thurstone,held the presidential position in the American Psychological Association,Joseph Peterson
Who did the American Psychological Association appoint as president straight after Harvey A. Carr?,the American Psychological Association,Harvey A. Carr,Harry Levi Hollingworth
Who was the president of the American Psychological Association just subsequent to Harvey A. Carr?,the president of the American Psychological Association,Harvey A. Carr,Harry Levi Hollingworth
Who did the American Psychological Association appoint as president straight after Clark L. Hull?,the American Psychological Association,Clark L. Hull,Edward C. Tolman
Who held the presidential position in the American Psychological Association shortly after John Dashiell?,the American Psychological Association,John Dashiell,Gordon Allport
Who was president of the American Psychological Association immediately after Gordon Allport?,American Psychological Association,Gordon Allport,Leonard Carmichael
Who assumed the president position of the American Psychological Association preceded by Gordon Allport?,the American Psychological Association,Gordon Allport,Leonard Carmichael
Who did the American Psychological Association appoint as president straight after Herbert Langfeld?,the American Psychological Association,Herbert Langfeld,Walter Samuel Hunter
Who held the presidential position in the American Psychological Association shortly after Herbert Langfeld?,the American Psychological Association,Herbert Langfeld,Walter Samuel Hunter
Who took over the president position of the American Psychological Association right after Harvey A. Carr?,the president position of the American Psychological Association,Harvey A. Carr,Harry Levi Hollingworth
Who assumed the president position of the American Psychological Association preceded by Harvey A. Carr?,the American Psychological Association,Harvey A. Carr,Harry Levi Hollingworth
Who did the American Psychological Association appoint as president straight after Karl Lashley?,the American Psychological Association,Karl Lashley,Herbert Langfeld
Who was president of the American Psychological Association immediately after Edward C. Tolman?,president of the American Psychological Association,Edward C. Tolman,John Dashiell
Who assumed the president position of the American Psychological Association preceded by Edward C. Tolman?,the American Psychological Association,Edward C. Tolman,John Dashiell
Who assumed president position of the American Psychological Association just after Edwin G. Boring?,the American Psychological Association,Edwin G. Boring,Karl Lashley
Who assumed the president position of the American Psychological Association preceded by Edwin G. Boring?,the American Psychological Association,Edwin G. Boring,Karl Lashley
Who held the presidential position in the American Physiological Society shortly after Henry P. Bowditch?,Henry P. Bowditch,held the presidential position in the American Physiological Society,S. Weir Mitchell
Who took over the president position of the American Physiological Society right after William H. Howell?,the president position of the American Physiological Society,William H. Howell,Samuel James Meltzer
Who assumed the president position of the American Physiological Society preceded by William H. Howell?,the American Physiological Society,William H. Howell,Samuel James Meltzer
Who took over the president position of the American Physiological Society right after John James Rickard Macleod?,the president position of the American Physiological Society,John James Rickard Macleod,Anton Julius Carlson
Who held the presidential position in the American Physiological Society shortly after John James Rickard Macleod?,the presidential position in the American Physiological Society,John James Rickard Macleod,Anton Julius Carlson
Who assumed president position of the American Physiological Society just after Henry P. Bowditch?,the American Physiological Society,Henry P. Bowditch,S. Weir Mitchell
Who was the president of the American Physiological Society just subsequent to Anton Julius Carlson?,the president of the American Physiological Society,Anton Julius Carlson,Joseph Erlanger
Who assumed the president position of the American Physiological Society preceded by Anton Julius Carlson?,the American Physiological Society,Anton Julius Carlson,Joseph Erlanger
Who did the American Physiological Society appoint as president straight after S. Weir Mitchell?,the American Physiological Society,S. Weir Mitchell,Russell Henry Chittenden
Who assumed president position of the American Physiological Society just after S. Weir Mitchell?,the American Physiological Society,S. Weir Mitchell,Russell Henry Chittenden
Who took over the president position of the American Physiological Society right after Fredric Schiller Lee?,the president position of the American Physiological Society,Fredric Schiller Lee,Warren Plimpton Lombard
Who was the president of the American Physiological Society just subsequent to Fredric Schiller Lee?,the president of the American Physiological Society,Fredric Schiller Lee,Warren Plimpton Lombard
Who was president of the American Physiological Society immediately after Joseph Erlanger?,president of the American Physiological Society,Joseph Erlanger,Walter Joseph Meek
Who held the presidential position in the American Physiological Society shortly after Joseph Erlanger?,the presidential position in the American Physiological Society,Joseph Erlanger,Walter Joseph Meek
Who did the American Physiological Society appoint as president straight after Fredric Schiller Lee?,the American Physiological Society,Fredric Schiller Lee,Warren Plimpton Lombard
Who assumed president position of the American Physiological Society just after Arno B. Luckhardt?,the American Physiological Society,Arno B. Luckhardt,Charles Wilson Greene
Who was the president of the American Physiological Society just subsequent to Arno B. Luckhardt?,the president of the American Physiological Society,Arno B. Luckhardt,Charles Wilson Greene
Who held the presidential position in the American Physiological Society shortly after Frank Charles Mann?,Frank Charles Mann,held the presidential position in the American Physiological Society,Walter Eugene Garrey
Who was president of the American Physiological Society immediately after Arno B. Luckhardt?,president of the American Physiological Society,Arno B. Luckhardt,Charles Wilson Greene
Who was the president of the American Physiological Society just subsequent to Arno B. Luckhardt?,the president of the American Physiological Society,Arno B. Luckhardt,Charles Wilson Greene
Who assumed president position of the American Physiological Society just after Walter Joseph Meek?,the American Physiological Society,Walter Joseph Meek,Arno B. Luckhardt
Who was the president of the American Physiological Society just subsequent to Walter Joseph Meek?,the president of the American Physiological Society,Walter Joseph Meek,Arno B. Luckhardt
Who was the president of the American Physiological Society just subsequent to William H. Howell?,the president of the American Physiological Society,William H. Howell,Samuel James Meltzer
Who assumed the president position of the American Physiological Society preceded by William H. Howell?,the American Physiological Society,William H. Howell,Samuel James Meltzer
Who assumed the president position of the American Physiological Society preceded by Walter Bradford Cannon?,the American Physiological Society,Walter Bradford Cannon,Fredric Schiller Lee
Who was president of the American Physiological Society immediately after Arno B. Luckhardt?,president of the American Physiological Society,Arno B. Luckhardt,Charles Wilson Greene
Who did the American Physiological Society appoint as president straight after Arno B. Luckhardt?,the American Physiological Society,Arno B. Luckhardt,Charles Wilson Greene
Who did the American Physiological Society appoint as president straight after Joseph Erlanger?,the American Physiological Society,Joseph Erlanger,Walter Joseph Meek
Who held the presidential position in the American Physiological Society shortly after Joseph Erlanger?,the presidential position in the American Physiological Society,Joseph Erlanger,Walter Joseph Meek
Who assumed president position of the American Physiological Society just after Frank Charles Mann?,the American Physiological Society,Frank Charles Mann,Walter Eugene Garrey
Who assumed the president position of the American Physiological Society preceded by Frank Charles Mann?,the American Physiological Society,Frank Charles Mann,Walter Eugene Garrey
Who did the American Political Science Association appoint as president straight after Woodrow Wilson?,the American Political Science Association,Woodrow Wilson,Simeon E. Baldwin
Who assumed the president position of the American Political Science Association preceded by Woodrow Wilson?,the American Political Science Association,Woodrow Wilson,Simeon E. Baldwin
Who took over the president position of the American Political Science Association right after Westel W. Willoughby?,the president position of the American Political Science Association,Westel W. Willoughby,John Bassett Moore
Who was president of the American Political Science Association immediately after Paul Samuel Reinsch?,president of the American Political Science Association,Paul Samuel Reinsch,Leo S. Rowe
Who took over the president position of the American Political Science Association right after Paul Samuel Reinsch?,the president position of the American Political Science Association,Paul Samuel Reinsch,Leo S. Rowe
Who did the American Political Science Association appoint as president straight after Woodrow Wilson?,the American Political Science Association,Woodrow Wilson,Simeon E. Baldwin
Who was the president of the American Political Science Association just subsequent to Woodrow Wilson?,the president of the American Political Science Association,Woodrow Wilson,Simeon E. Baldwin
Who was the president of the American Political Science Association just subsequent to Albert Bushnell Hart?,the president of the American Political Science Association,Albert Bushnell Hart,Westel W. Willoughby
Who assumed the president position of the American Political Science Association preceded by Albert Bushnell Hart?,the American Political Science Association,Albert Bushnell Hart,Westel W. Willoughby
Who took over the president position of the American Political Science Association right after Frederick N. Judson?,the president position of the American Political Science Association,Frederick N. Judson,James Bryce
Who assumed the president position of the American Political Science Association preceded by Frederick N. Judson?,the American Political Science Association,Frederick N. Judson,James Bryce
Who held the presidential position in the American Political Science Association shortly after Paul Samuel Reinsch?,the American Political Science Association,Paul Samuel Reinsch,Leo S. Rowe
Who was the president of the American Political Science Association just subsequent to Paul Samuel Reinsch?,the president of the American Political Science Association,Paul Samuel Reinsch,Leo S. Rowe
Who was president of the American Political Science Association immediately after Munroe Smith?,president of the American Political Science Association,Munroe Smith,Henry Jones Ford
Who assumed president position of the American Political Science Association just after Munroe Smith?,the American Political Science Association,Munroe Smith,Henry Jones Ford
Who took over the president position of the American Political Science Association right after Frederick N. Judson?,the president position of the American Political Science Association,Frederick N. Judson,James Bryce
Who did the American Political Science Association appoint as president straight after Frederick N. Judson?,the American Political Science Association,Frederick N. Judson,James Bryce
Who did the American Political Science Association appoint as president straight after Albert Bushnell Hart?,the American Political Science Association,Albert Bushnell Hart,Westel W. Willoughby
Who held the presidential position in the American Political Science Association shortly after Albert Bushnell Hart?,the presidential position in the American Political Science Association,Albert Bushnell Hart,Westel W. Willoughby
Who was president of the American Political Science Association immediately after Paul Samuel Reinsch?,president of the American Political Science Association,Paul Samuel Reinsch,Leo S. Rowe
Who assumed president position of the American Political Science Association just after Frank J. Goodnow?,the American Political Science Association,Frank J. Goodnow,Albert Shaw
Who was the president of the American Political Science Association just subsequent to Frank J. Goodnow?,the president of the American Political Science Association,Frank J. Goodnow,Albert Shaw
Who held the presidential position in the American Political Science Association shortly after Henry Jones Ford?,the American Political Science Association,Henry Jones Ford,Paul Samuel Reinsch
Who was the president of the American Political Science Association just subsequent to Henry Jones Ford?,the president of the American Political Science Association,Henry Jones Ford,Paul Samuel Reinsch
Who was president of the American Political Science Association immediately after Frank J. Goodnow?,American Political Science Association,Frank J. Goodnow,Albert Shaw
Who assumed the president position of the American Political Science Association preceded by Munroe Smith?,the American Political Science Association,Munroe Smith,Henry Jones Ford
Who held the presidential position in the American Political Science Association shortly after Ernst Freund?,Ernst Freund,held the presidential position in the American Political Science Association,Jesse Macy
Who was the president of the American Political Science Association just subsequent to Ernst Freund?,the American Political Science Association,Ernst Freund,Jesse Macy
Who took over the president position of the American Political Science Association right after Paul Samuel Reinsch?,the president position of the American Political Science Association,Paul Samuel Reinsch,Leo S. Rowe
Who did the American Political Science Association appoint as president straight after Paul Samuel Reinsch?,the American Political Science Association,Paul Samuel Reinsch,Leo S. Rowe
Who was president of the American Political Science Association immediately after Westel W. Willoughby?,American Political Science Association,Westel W. Willoughby,John Bassett Moore
Who did the American Political Science Association appoint as president straight after Westel W. Willoughby?,the American Political Science Association,Westel W. Willoughby,John Bassett Moore
Who assumed president position of the American Philosophical Association just after Rogers Albritton?,the American Philosophical Association,Rogers Albritton,Donald Davidson
Who was the president of the American Philosophical Association just subsequent to Rogers Albritton?,the American Philosophical Association,Rogers Albritton,Donald Davidson
Who took over the president position of the American Philosophical Association right after Benson Mates?,the president position of the American Philosophical Association,Benson Mates,Rogers Albritton
Who held the presidential position in the American Philosophical Association shortly after Benson Mates?,the presidential position in the American Philosophical Association,Benson Mates,Rogers Albritton
Who assumed president position of the American Philosophical Association just after Marjorie Grene?,the American Philosophical Association,Marjorie Grene,Patrick Suppes
Who assumed the president position of the American Philosophical Association preceded by Marjorie Grene?,the American Philosophical Association,Marjorie Grene,Patrick Suppes
Who assumed president position of the American Philosophical Association just after Rogers Albritton?,the American Philosophical Association,Rogers Albritton,Donald Davidson
Who assumed the president position of the American Philosophical Association preceded by Rogers Albritton?,the American Philosophical Association,Rogers Albritton,Donald Davidson
Who assumed the president position of the American Philosophical Association preceded by Marjorie Grene?,the American Philosophical Association,Marjorie Grene,Patrick Suppes
Who was president of the American Philosophical Association immediately after Wesley Salmon?,president of the American Philosophical Association,Wesley Salmon,William Craig
Who assumed the president position of the American Philosophical Association preceded by Wesley Salmon?,the American Philosophical Association,Wesley Salmon,William Craig
Who took over the president position of the American Philosophical Association right after Benson Mates?,the president position of the American Philosophical Association,Benson Mates,Rogers Albritton
Who did the American Philosophical Association appoint as president straight after Benson Mates?,the American Philosophical Association,Benson Mates,Rogers Albritton
Who did the American Philosophical Association appoint as president straight after David Kaplan?,the American Philosophical Association,David Kaplan,Joel Feinberg
Who held the presidential position in the American Philosophical Association shortly after David Kaplan?,the presidential position in the American Philosophical Association,David Kaplan,Joel Feinberg
Who assumed president position of the American Philosophical Association just after Patrick Suppes?,the American Philosophical Association,Patrick Suppes,Alonzo Church
Who held the presidential position in the American Philosophical Association shortly after Patrick Suppes?,the American Philosophical Association,Patrick Suppes,Alonzo Church
Who was president of the American Philosophical Association immediately after Rogers Albritton?,president of the American Philosophical Association,Rogers Albritton,Donald Davidson
Who assumed the president position of the American Philosophical Association preceded by Rogers Albritton?,the American Philosophical Association,Rogers Albritton,Donald Davidson
Who was president of the American Philosophical Association immediately after David Kaplan?,president of the American Philosophical Association,David Kaplan,Joel Feinberg
Who took over the president position of the American Philosophical Association right after Paul Grice?,the president position of the American Philosophical Association,Paul Grice,Jaako Hintikka
Who assumed the president position of the American Philosophical Association preceded by Paul Grice?,the American Philosophical Association,Paul Grice,Jaako Hintikka
Who assumed president position of the American Philosophical Association just after Paul Grice?,the American Philosophical Association,Paul Grice,Jaako Hintikka
Who held the presidential position in the American Philosophical Association shortly after Paul Grice?,the presidential position in the American Philosophical Association,Paul Grice,Jaako Hintikka
Who did the American Philosophical Association appoint as president straight after Alonzo Church?,the American Philosophical Association,Alonzo Church,Paul Grice
Who held the presidential position in the American Philosophical Association shortly after Alonzo Church?,the American Philosophical Association,Alonzo Church,Paul Grice
Who took over the president position of the American Philosophical Association right after Rogers Albritton?,the American Philosophical Association,Rogers Albritton,Donald Davidson
Who was the president of the American Philosophical Association just subsequent to Rogers Albritton?,the American Philosophical Association,Rogers Albritton,Donald Davidson
Who assumed president position of the American Philosophical Association just after Benson Mates?,the American Philosophical Association,Benson Mates,Rogers Albritton
Who assumed the president position of the American Philosophical Association preceded by Benson Mates?,the American Philosophical Association,Benson Mates,Rogers Albritton
Who took over the president position of the American Philosophical Association right after Philippa Foot?,the president position of the American Philosophical Association,Philippa Foot,Benson Mates
Who was the president of the American Philosophical Association just subsequent to Philippa Foot?,the president of the American Philosophical Association,Philippa Foot,Benson Mates
Who took over the president position of the American Philosophical Association right after Jaako Hintikka?,the president position of the American Philosophical Association,Jaako Hintikka,Herbert Fingarette
Who did the American Philosophical Association appoint as president straight after Jaako Hintikka?,the American Philosophical Association,Jaako Hintikka,Herbert Fingarette
Who took over the president position of the American Philosophical Association right after Wesley Salmon?,the president position of the American Philosophical Association,Wesley Salmon,William Craig
Who did the American Philosophical Association appoint as president straight after Wesley Salmon?,the American Philosophical Association,Wesley Salmon,William Craig
Who assumed president position of the American Philosophical Association just after Rogers Albritton?,the American Philosophical Association,Rogers Albritton,Donald Davidson
Who held the presidential position in the American Philosophical Association shortly after Rogers Albritton?,the presidential position in the American Philosophical Association,Rogers Albritton,Donald Davidson
Who did the American Philosophical Association appoint as president straight after Marjorie Grene?,the American Philosophical Association,Marjorie Grene,Patrick Suppes
Who assumed president position of the American Philosophical Association just after Marjorie Grene?,the American Philosophical Association,Marjorie Grene,Patrick Suppes
Who took over the president position of the American Philosophical Association right after Marjorie Grene?,the president position of the American Philosophical Association,Marjorie Grene,Patrick Suppes
Who was the president of the American Philosophical Association just subsequent to Marjorie Grene?,the president of the American Philosophical Association,Marjorie Grene,Patrick Suppes
Who was president of the American Philosophical Association immediately after Jaako Hintikka?,American Philosophical Association,Jaako Hintikka,Herbert Fingarette
Who took over the president position of the American Philosophical Association right after Jaako Hintikka?,the president position of the American Philosophical Association,Jaako Hintikka,Herbert Fingarette
Who assumed president position of Virginia Tech just after Paul Brandon Barringer?,Virginia Tech,Paul Brandon Barringer,Joseph Dupuy Eggleston
Who assumed the president position of Virginia Tech preceded by Paul Brandon Barringer?,Virginia Tech,Paul Brandon Barringer,Joseph Dupuy Eggleston
Who held the presidential position at The Virginia Polytechnic Institute and State University shortly after Lunsford Lindsay Lomax?,The Virginia Polytechnic Institute and State University,Lunsford Lindsay Lomax,John McLaren McBryde
Who took over the president position of The Virginia Polytechnic Institute and State University right after John Lee Buchanan?,The Virginia Polytechnic Institute and State University,John Lee Buchanan,Thomas Nelson Conrad
Who assumed president position of Virginia Tech just after John Lee Buchanan?,Virginia Tech,John Lee Buchanan,Thomas Nelson Conrad
Who took over the president position of The Virginia Polytechnic Institute and State University right after Charles Robert Scott Ship?,The Virginia Polytechnic Institute and State University,Charles Robert Scott Ship,John Lee Buchanan
Who assumed the president position of Virginia Tech preceded by Charles Robert Scott Ship?,Virginia Tech,Charles Robert Scott Ship,John Lee Buchanan
Who assumed president position of Virginia Tech just after Walter Stephenson Newman?,Virginia Tech,Walter Stephenson Newman,"Thomas Marshall Hahn, Jr."
Who was the president of Virginia Tech just subsequent to Walter Stephenson Newman?,Virginia Tech,Walter Stephenson Newman,"Thomas Marshall Hahn, Jr."
Who took over the president position of The Virginia Polytechnic Institute and State University right after Joseph Dupuy Eggleston?,The Virginia Polytechnic Institute and State University,Joseph Dupuy Eggleston,Julian Ashby Burruss
Who held the presidential position at The Virginia Polytechnic Institute and State University shortly after Joseph Dupuy Eggleston?,The Virginia Polytechnic Institute and State University,Joseph Dupuy Eggleston,Julian Ashby Burruss
Who did Virginia Tech appoint as president straight after Charles Robert Scott Ship?,Virginia Tech,Charles Robert Scott Ship,John Lee Buchanan
Who was the president of Virginia Tech just subsequent to Charles Robert Scott Ship?,Virginia Tech,Charles Robert Scott Ship,John Lee Buchanan
Who took over the president position of The Virginia Polytechnic Institute and State University right after Joseph Dupuy Eggleston?,The Virginia Polytechnic Institute and State University,Joseph Dupuy Eggleston,Julian Ashby Burruss
Who assumed president position of Virginia Tech just after Joseph Dupuy Eggleston?,Virginia Tech,Joseph Dupuy Eggleston,Julian Ashby Burruss
Who did Virginia Tech appoint as president straight after Charles Robert Scott Ship?,Virginia Tech,Charles Robert Scott Ship,John Lee Buchanan
Who assumed the president position of Virginia Tech preceded by Charles Robert Scott Ship?,Virginia Tech,Charles Robert Scott Ship,John Lee Buchanan
"Who did Virginia Tech appoint as president straight after Thomas Marshall Hahn, Jr.?",Virginia Tech,"Thomas Marshall Hahn, Jr.",William Edward Lavery
"Who held the presidential position at The Virginia Polytechnic Institute and State University shortly after Thomas Marshall Hahn, Jr.?",The Virginia Polytechnic Institute and State University,"Thomas Marshall Hahn, Jr.",William Edward Lavery
"Who took over the president position of The Virginia Polytechnic Institute and State University right after Thomas Marshall Hahn, Jr.?",The Virginia Polytechnic Institute and State University,"Thomas Marshall Hahn, Jr.",William Edward Lavery
"Who assumed the president position of Virginia Tech preceded by Thomas Marshall Hahn, Jr.?",Virginia Tech,"Thomas Marshall Hahn, Jr.",William Edward Lavery
Who did Virginia Tech appoint as president straight after Paul Ernest Torgersen?,Virginia Tech,Paul Ernest Torgersen,Charles William Steger
Who held the presidential position at The Virginia Polytechnic Institute and State University shortly after Paul Ernest Torgersen?,The Virginia Polytechnic Institute and State University,Paul Ernest Torgersen,Charles William Steger
Who took over the president position of The Virginia Polytechnic Institute and State University right after John Redd Hutcheson?,The Virginia Polytechnic Institute and State University,John Redd Hutcheson,Walter Stephenson Newman
Who did Virginia Tech appoint as president straight after John Redd Hutcheson?,Virginia Tech,John Redd Hutcheson,Walter Stephenson Newman
Who was the president of Virginia Tech just subsequent to Paul Brandon Barringer?,Virginia Tech,Paul Brandon Barringer,Joseph Dupuy Eggleston
Who took over the president position of The Virginia Polytechnic Institute and State University right after Walter Stephenson Newman?,The Virginia Polytechnic Institute and State University,Walter Stephenson Newman,"Thomas Marshall Hahn, Jr."
Who was president of Virginia Tech immediately after James Douglas McComas?,Virginia Tech,James Douglas McComas,Paul Ernest Torgersen
Who did Virginia Tech appoint as president straight after James Douglas McComas?,Virginia Tech,James Douglas McComas,Paul Ernest Torgersen
Who assumed president position of Virginia Tech just after Charles Robert Scott Ship?,Virginia Tech,Charles Robert Scott Ship,John Lee Buchanan
Who was the president of Virginia Tech just subsequent to Charles Robert Scott Ship?,Virginia Tech,Charles Robert Scott Ship,John Lee Buchanan
Who was president of Virginia Tech immediately after William Edward Lavery?,Virginia Tech,William Edward Lavery,James Douglas McComas
Who assumed the president position of Virginia Tech preceded by William Edward Lavery?,Virginia Tech,William Edward Lavery,James Douglas McComas
Who was the president of Virginia Tech just subsequent to John Redd Hutcheson?,Virginia Tech,John Redd Hutcheson,Walter Stephenson Newman
Who did Virginia Tech appoint as president straight after Lunsford Lindsay Lomax?,Virginia Tech,Lunsford Lindsay Lomax,John McLaren McBryde
Who held the presidential position at The Virginia Polytechnic Institute and State University shortly after Lunsford Lindsay Lomax?,The Virginia Polytechnic Institute and State University,Lunsford Lindsay Lomax,John McLaren McBryde
Who took over the president position of The Virginia Polytechnic Institute and State University right after James Douglas McComas?,The Virginia Polytechnic Institute and State University,James Douglas McComas,Paul Ernest Torgersen
Who did Virginia Tech appoint as president straight after Paul Ernest Torgersen?,Virginia Tech,Paul Ernest Torgersen,Charles William Steger
Who was president of Virginia Tech immediately after Paul Ernest Torgersen?,Virginia Tech,Paul Ernest Torgersen,Charles William Steger
Who assumed the president position of Virginia Tech preceded by Paul Ernest Torgersen?,Virginia Tech,Paul Ernest Torgersen,Charles William Steger
Who assumed the Presidency of the United States shortly after James Monroe?,the Presidency of the United States,James Monroe,John Quincy Adams
Who became the President of the USA immediately subsequent to James Monroe?,the President of the USA,James Monroe,John Quincy Adams
Who was president of America immediately after John Adams?,president of America,John Adams,Thomas Jefferson
Who became the President of the USA immediately subsequent to John Adams?,President of the USA,John Adams,Thomas Jefferson
Who won the presidency of America preceded by James Madison?,the presidency of America,James Madison,James Monroe
Who was declared US President preceded by James Madison?,US President,James Madison,James Monroe
Who won the presidency of America just after John Quincy Adams?,the presidency of America,John Quincy Adams,Andrew Jackson
Who was declared US President preceded by John Quincy Adams?,US President,John Quincy Adams,Andrew Jackson
Who assumed the presidency of the United States straight after Thomas Jefferson?,the presidency of the United States,Thomas Jefferson,James Madison
Who was declared US President preceded by Thomas Jefferson?,US President,Thomas Jefferson,James Madison
Who became the President of the USA immediately subsequent to James Monroe?,the President of the USA,James Monroe,John Quincy Adams
Who won the presidency of America preceded by James Monroe?,the presidency of America,James Monroe,John Quincy Adams
Who assumed the presidency of the United States straight after Thomas Jefferson?,the presidency of the United States,Thomas Jefferson,James Madison
Who assumed the Presidency of the United States shortly after Thomas Jefferson?,the Presidency of the United States,Thomas Jefferson,James Madison
Who assumed the presidency of the United States straight after James Monroe?,the presidency of the United States,James Monroe,John Quincy Adams
Who won the presidency of America preceded by James Monroe?,the presidency of America,James Monroe,John Quincy Adams
Who assumed the Presidency of the United States shortly after James Monroe?,the Presidency of the United States,James Monroe,John Quincy Adams
Who won the presidency of America preceded by James Monroe?,the presidency of America,James Monroe,John Quincy Adams
Who assumed the presidency of the United States straight after Andrew Jackson?,the presidency of the United States,Andrew Jackson,Martin Van Buren
Who was declared US President preceded by Andrew Jackson?,US President,Andrew Jackson,Martin Van Buren
Who was president of America immediately after James Monroe?,America,James Monroe,John Quincy Adams
Which president represented the United States right after James Monroe?,United States,James Monroe,John Quincy Adams
Who assumed the presidency of the United States straight after Thomas Jefferson?,the presidency of the United States,Thomas Jefferson,James Madison
Who won the presidency of America preceded by Thomas Jefferson?,the presidency of America,Thomas Jefferson,James Madison
Who won the presidency of America just after John Adams?,the presidency of America,John Adams,Thomas Jefferson
Who won the presidency of America preceded by John Adams?,the presidency of America,John Adams,Thomas Jefferson
Who won the presidency of America preceded by George Washington?,the presidency of America,George Washington,John Adams
Who was declared US President preceded by George Washington?,US President,George Washington,John Adams
Who was president of America immediately after Thomas Jefferson?,America,Thomas Jefferson,James Madison
Which president represented the United States right after Thomas Jefferson?,president,Thomas Jefferson,James Madison
Who assumed the Presidency of the United States shortly after Thomas Jefferson?,the Presidency of the United States,Thomas Jefferson,James Madison
Who won the presidency of America preceded by Thomas Jefferson?,the presidency of America,Thomas Jefferson,James Madison
Who assumed the Presidency of the United States shortly after Thomas Jefferson?,the Presidency of the United States,Thomas Jefferson,James Madison
Who became the President of the USA immediately subsequent to Thomas Jefferson?,the President of the USA,Thomas Jefferson,James Madison
Who became the President of India immediately subsequent to Rajendra Prasad?,President of India,Rajendra Prasad,Sarvepalli Radhakrishnan
Who was declared Indian President preceded by Rajendra Prasad?,Indian President,Rajendra Prasad,Sarvepalli Radhakrishnan
Who became the President of India immediately subsequent to Fakhruddin Ali Ahmed?,the President of India,Fakhruddin Ali Ahmed,B D Jatti
Who won the presidency of India preceded by Fakhruddin Ali Ahmed?,the presidency of India,Fakhruddin Ali Ahmed,B D Jatti
Which president represented India right after M Hidayatullah?,India,M Hidayatullah,Varahagiri Venkata Giri
Who won the presidency of India just after M Hidayatullah?,the presidency of India,M Hidayatullah,Varahagiri Venkata Giri
Who assumed the presidency of India straight after Sarvepalli Radhakrishnan?,the presidency of India,Sarvepalli Radhakrishnan,Zakir Husain
Who won the presidency of India just after Sarvepalli Radhakrishnan?,the presidency of India,Sarvepalli Radhakrishnan,Zakir Husain
Who was president of India immediately after M Hidayatullah?,president of India,M Hidayatullah,Varahagiri Venkata Giri
Who won the presidency of India just after M Hidayatullah?,the presidency of India,M Hidayatullah,Varahagiri Venkata Giri
Who assumed the presidency of India straight after Rajendra Prasad?,the presidency of India,Rajendra Prasad,Sarvepalli Radhakrishnan
Who won the presidency of India preceded by Rajendra Prasad?,the presidency of India,Rajendra Prasad,Sarvepalli Radhakrishnan
Who became the President of India immediately subsequent to Varahagiri Venkata Giri?,the President of India,Varahagiri Venkata Giri,Fakhruddin Ali Ahmed
Who won the presidency of India preceded by Varahagiri Venkata Giri?,the presidency of India,Varahagiri Venkata Giri,Fakhruddin Ali Ahmed
Who assumed the Presidency of India shortly after Sarvepalli Radhakrishnan?,the Presidency of India,Sarvepalli Radhakrishnan,Zakir Husain
Who won the presidency of India preceded by Sarvepalli Radhakrishnan?,the presidency of India,Sarvepalli Radhakrishnan,Zakir Husain
Who was president of India immediately after Fakhruddin Ali Ahmed?,president of India,Fakhruddin Ali Ahmed,B D Jatti
Who won the presidency of India preceded by Fakhruddin Ali Ahmed?,the presidency of India,Fakhruddin Ali Ahmed,B D Jatti
Who won the presidency of India just after Zakir Husain?,the presidency of India,Zakir Husain,Varahagiri Venkata Giri
Who won the presidency of India preceded by Zakir Husain?,the presidency of India,Zakir Husain,Varahagiri Venkata Giri
Who assumed the presidency of India straight after Zakir Husain?,the presidency of India,Zakir Husain,Varahagiri Venkata Giri
Who won the presidency of India preceded by Zakir Husain?,the presidency of India,Zakir Husain,Varahagiri Venkata Giri
Who won the presidency of India just after Rajendra Prasad?,the presidency of India,Rajendra Prasad,Sarvepalli Radhakrishnan
Who assumed the Presidency of India shortly after Rajendra Prasad?,the Presidency of India,Rajendra Prasad,Sarvepalli Radhakrishnan
Who was president of India immediately after Varahagiri Venkata Giri?,president of India,Varahagiri Venkata Giri,Fakhruddin Ali Ahmed
Who was declared Indian President preceded by Varahagiri Venkata Giri?,Indian President,Varahagiri Venkata Giri,Fakhruddin Ali Ahmed
Who assumed the presidency of India straight after Zakir Husain?,the presidency of India,Zakir Husain,Varahagiri Venkata Giri
Who assumed the Presidency of India shortly after Zakir Husain?,the Presidency of India,Zakir Husain,Varahagiri Venkata Giri
Who was president of India immediately after Rajendra Prasad?,president of India,Rajendra Prasad,Sarvepalli Radhakrishnan
Who won the presidency of India just after Rajendra Prasad?,the presidency of India,Rajendra Prasad,Sarvepalli Radhakrishnan
Which president represented India right after Sarvepalli Radhakrishnan?,president,Sarvepalli Radhakrishnan,Zakir Husain
Who was declared Indian President preceded by Sarvepalli Radhakrishnan?,Indian President,Sarvepalli Radhakrishnan,Zakir Husain
Which president represented India right after Rajendra Prasad?,India,Rajendra Prasad,Sarvepalli Radhakrishnan
Who won the presidency of India preceded by Rajendra Prasad?,the presidency of India,Rajendra Prasad,Sarvepalli Radhakrishnan
Who won the presidency of India just after M Hidayatullah?,the presidency of India,M Hidayatullah,Varahagiri Venkata Giri
Who assumed the Presidency of India shortly after M Hidayatullah?,the Presidency of India,M Hidayatullah,Varahagiri Venkata Giri
Who assumed the Presidency of India shortly after Varahagiri Venkata Giri?,the Presidency of India,Varahagiri Venkata Giri,M Hidayatullah
Who was declared Indian President preceded by Varahagiri Venkata Giri?,Indian President,Varahagiri Venkata Giri,M Hidayatullah
Who won the presidency of India just after Zakir Husain?,the presidency of India,Zakir Husain,Varahagiri Venkata Giri
Who became the President of India immediately subsequent to Zakir Husain?,President of India,Zakir Husain,Varahagiri Venkata Giri
Who was president of India immediately after Zakir Husain?,president of India,Zakir Husain,Varahagiri Venkata Giri
Which president represented India right after Zakir Husain?,India,Zakir Husain,Varahagiri Venkata Giri
Which president represented India right after Varahagiri Venkata Giri?,president,Varahagiri Venkata Giri,Fakhruddin Ali Ahmed
Who assumed the presidency of India straight after Varahagiri Venkata Giri?,the presidency of India,Varahagiri Venkata Giri,Fakhruddin Ali Ahmed
Which president represented India right after M Hidayatullah?,India,M Hidayatullah,Varahagiri Venkata Giri
Who won the presidency of India preceded by M Hidayatullah?,the presidency of India,M Hidayatullah,Varahagiri Venkata Giri
Who was CEO of IBM immediately after Ginni Rometty?,IBM,Ginni Rometty,Arvind Krishna
Who assumed the CEO position of IBM just after Ginni Rometty?,IBM,Ginni Rometty,Arvind Krishna
Who assumed the CEO position of IBM just after John R Opel?,IBM,John R Opel,John Fellows Akers
Who was the CEO of IBM just subsequent to John R Opel?,IBM,John R Opel,John Fellows Akers
Who did IBM appoint as CEO straight after John R Opel?,IBM,John R Opel,John Fellows Akers
Who held the Chief Executive position in IBM company shortly after John R Opel?,IBM company,John R Opel,John Fellows Akers
Who was the CEO of IBM just subsequent to Samuel J Palmisano?,IBM,Samuel J Palmisano,Ginni Rometty
Who was the CEO of IBM just subsequent to Samuel J Palmisano?,IBM,Samuel J Palmisano,Ginni Rometty
Who assumed the CEO position of IBM preceded by Samuel J Palmisano?,IBM,Samuel J Palmisano,Ginni Rometty
Who was the CEO of IBM just subsequent to John R Opel?,IBM,John R Opel,John Fellows Akers
Who did IBM appoint as CEO straight after Samuel J Palmisano?,IBM,Samuel J Palmisano,Ginni Rometty
Who assumed the CEO position of IBM just after Samuel J Palmisano?,IBM,Samuel J Palmisano,Ginni Rometty
Who was CEO of IBM immediately after Ginni Rometty?,IBM,Ginni Rometty,Arvind Krishna
Who held the Chief Executive position in IBM company shortly after Ginni Rometty?,IBM company,Ginni Rometty,Arvind Krishna
Who took over the chief executive officer position at IBM right after T Vincent Learson?,IBM,T Vincent Learson,Frank T Cary
Who assumed the CEO position of IBM just after T Vincent Learson?,IBM,T Vincent Learson,Frank T Cary
Who assumed the CEO position of IBM just after Ginni Rometty?,IBM,Ginni Rometty,Arvind Krishna
Who was the CEO of IBM just subsequent to Ginni Rometty?,IBM,Ginni Rometty,Arvind Krishna
Who was CEO of IBM immediately after Ginni Rometty?,IBM,Ginni Rometty,Arvind Krishna
Who did IBM appoint as CEO straight after Ginni Rometty?,IBM,Ginni Rometty,Arvind Krishna
Who was CEO of IBM immediately after John R Opel?,IBM,John R Opel,John Fellows Akers
Who took over the chief executive officer position at IBM right after John R Opel?,IBM,John R Opel,John Fellows Akers
Who did IBM appoint as CEO straight after Samuel J Palmisano?,IBM,Samuel J Palmisano,Ginni Rometty
Who did IBM appoint as CEO straight after T Vincent Learson?,IBM,T Vincent Learson,Frank T Cary
Who assumed the CEO position of IBM just after T Vincent Learson?,IBM,T Vincent Learson,Frank T Cary
Who was the CEO of IBM just subsequent to Louis V Gerstner?,IBM,Louis V Gerstner,Samuel J Palmisano
Who assumed the CEO position of IBM preceded by Louis V Gerstner?,IBM,Louis V Gerstner,Samuel J Palmisano
Which employer did Jaroslav Pelikan work for right after Concordia Seminary?,Jaroslav Pelikan,Concordia Seminary,University of Chicago
Which team did Glynn Snodin play for right after Barnsley F.C.?,Glynn Snodin,Barnsley F.C.,Gainsborough Trinity F.C.
Which employer did Eduard Winkelmann work for right after Imperial University of Dorpat?,Eduard Winkelmann,Imperial University of Dorpat,University of Bern
Which team did Nenad Panić play for right after FK Železničar Beograd?,Nenad Panić,FK Železničar Beograd,Red Star Belgrade
Which team did Nenad Panić play for right after SV Würmla?,Nenad Panić,SV Würmla,FK Javor Ivanjica
Who was the head coach of the team HNK Rijeka right after Simon Rožman?,HNK Rijeka,Simon Rožman,Goran Tomić
Who was the head coach of the team HNK Rijeka right after Goran Tomić?,HNK Rijeka,Goran Tomić,Fausto Budicin
Which employer did Dominique Kalifa work for right after Paris Diderot University?,Dominique Kalifa,Paris Diderot University,University of Rennes 2 – Upper Brittany
Which employer did Dominique Kalifa work for right after University of Rennes 2 – Upper Brittany?,Dominique Kalifa,University of Rennes 2 – Upper Brittany,University of Paris 1 Pantheon-Sorbonne
Which employer did François Pachet work for right after Pierre and Marie Curie University?,François Pachet,Pierre and Marie Curie University,Sony Computer Science Laboratories Paris
Which employer did Eliakim Hastings Moore work for right after Northwestern University?,Eliakim Hastings Moore,Northwestern University,University of Chicago
Which position did Clement Kinloch-Cooke hold right after Member of the 29th Parliament of the United Kingdom?,Clement Kinloch-Cooke,Member of the 29th Parliament of the United Kingdom,Member of the 30th Parliament of the United Kingdom
Which position did Clement Kinloch-Cooke hold right after Member of the 30th Parliament of the United Kingdom?,Clement Kinloch-Cooke,Member of the 30th Parliament of the United Kingdom,Member of the 31st Parliament of the United Kingdom
Which position did Clement Kinloch-Cooke hold right after Member of the 31st Parliament of the United Kingdom?,Clement Kinloch-Cooke,Member of the 31st Parliament of the United Kingdom,Member of the 32nd Parliament of the United Kingdom
Which position did Clement Kinloch-Cooke hold right after Member of the 32nd Parliament of the United Kingdom?,Clement Kinloch-Cooke,Member of the 32nd Parliament of the United Kingdom,Member of the 34th Parliament of the United Kingdom
Which position did Cecil Clementi hold right after Governor of British Ceylon?,Cecil Clementi,Governor of British Ceylon,Governor of Hong Kong
Which employer did Michaela Pereira work for right after TechTV?,Michaela Pereira,TechTV,KTLA
Which employer did Michaela Pereira work for right after CNN?,Michaela Pereira,CNN,KTTV
Where was Prasanta Chandra Mahalanobis educated right after Brahmo Boy's School?,Prasanta Chandra Mahalanobis,Brahmo Boy's School,Presidency University
Where was Prasanta Chandra Mahalanobis educated right after Presidency University?,Prasanta Chandra Mahalanobis,Presidency University,King's College
Who was the chair of People's Party of the Basque Country right after Antonio Basagoiti Pastor?,People's Party of the Basque Country,Antonio Basagoiti Pastor,Arantza Quiroga
Who was the chair of People's Party of the Basque Country right after Alfonso Alonso Aranegui?,People's Party of the Basque Country,Alfonso Alonso Aranegui,Carlos José Iturgaiz Angulo
Who was the chair of Union for a Popular Movement right after Alain Juppé?,Union for a Popular Movement,Alain Juppé,Jean-François Copé
Which position did Stanislav Gross hold right after member of the Czech National Council?,Stanislav Gross,member of the Czech National Council,chairperson
Which position did Stanislav Gross hold right after chairperson?,Stanislav Gross,chairperson,Minister of the Interior of the Czech Republic
Which political party did Kyriakos Velopoulos belong to right after New Democracy?,Kyriakos Velopoulos,New Democracy,Greek Solution
Who was the head coach of the team FC Sheriff Tiraspol right after Yuriy Vernydub?,FC Sheriff Tiraspol,Yuriy Vernydub,Stjepan Tomas
Who was the chair of Technical University of Munich right after Otto Meitinger?,Technical University of Munich,Otto Meitinger,Wolfgang A. Herrmann
Where was Mikhail Vassilyevich Lomonosov educated right after Slavic Greek Latin Academy?,Mikhail Vassilyevich Lomonosov,Slavic Greek Latin Academy,Kyiv-Mohyla Academy
Who was the owner of The Little Street right after Hendrik Six van Hillegom?,The Little Street,Hendrik Six van Hillegom,Jan Pieter Six VI
Who was the owner of The Little Street right after Jan Pieter Six VI?,The Little Street,Jan Pieter Six VI,Pieter Hendrik Six van Vromade
Who was the head of Russia right after Boris Yeltsin?,Russia,Boris Yeltsin,Yegor Gaidar
Who was the head of Russia right after Yegor Gaidar?,Russia,Yegor Gaidar,Sergey Kiriyenko
Who was the head of Russia right after Sergey Kiriyenko?,Russia,Sergey Kiriyenko,Viktor Chernomyrdin
Who was the head of Russia right after Viktor Chernomyrdin?,Russia,Viktor Chernomyrdin,Yevgeny Primakov
Who was the head of Russia right after Yevgeny Primakov?,Russia,Yevgeny Primakov,Sergei Stepashin
Who was the head of Russia right after Sergei Stepashin?,Russia,Sergei Stepashin,Mikhail Kasyanov
Who was the head of Russia right after Mikhail Kasyanov?,Russia,Mikhail Kasyanov,Viktor Khristenko
Who was the head of Russia right after Mikhail Fradkov?,Russia,Mikhail Fradkov,Vladimir Putin
Who was the head of Russia right after Vladimir Putin?,Russia,Vladimir Putin,Viktor Zubkov
Who was the head of Russia right after Dmitry Medvedev?,Russia,Dmitry Medvedev,Mikhail Mishustin
Which employer did Philip Franklin work for right after Aberdeen Proving Ground?,Philip Franklin,Aberdeen Proving Ground,Princeton University
Which employer did Philip Franklin work for right after Princeton University?,Philip Franklin,Princeton University,Harvard University
Which team did Jules Reimerink play for right after Netherlands national under-19 football team?,Jules Reimerink,Netherlands national under-19 football team,FC Twente
Which team did Jules Reimerink play for right after FC Twente?,Jules Reimerink,FC Twente,FC Energie Cottbus
Which team did Jules Reimerink play for right after VVV-Venlo?,Jules Reimerink,VVV-Venlo,Go Ahead Eagles
Which position did Lord Douglas Gordon-Hallyburton hold right after Member of the 11th Parliament of the United Kingdom?,Lord Douglas Gordon-Hallyburton,Member of the 11th Parliament of the United Kingdom,Member of the 12th Parliament of the United Kingdom
Which position did Lord Douglas Gordon-Hallyburton hold right after Member of the 12th Parliament of the United Kingdom?,Lord Douglas Gordon-Hallyburton,Member of the 12th Parliament of the United Kingdom,Member of the 13th Parliament of the United Kingdom
Which employer did Moxie Marlinspike work for right after Whisper Systems?,Moxie Marlinspike,Whisper Systems,"Twitter, Inc."
"Which employer did Moxie Marlinspike work for right after Twitter, Inc.?",Moxie Marlinspike,"Twitter, Inc.",Open Whisper Systems
Which employer did Moxie Marlinspike work for right after Open Whisper Systems?,Moxie Marlinspike,Open Whisper Systems,Signal Messenger
Which team did João Carlos Rocha Vicente play for right after Louletano D.C.?,João Carlos Rocha Vicente,Louletano D.C.,Imortal DC
Which team did João Carlos Rocha Vicente play for right after F.C. Arouca?,João Carlos Rocha Vicente,F.C. Arouca,C.D. Tondela
Which team did João Carlos Rocha Vicente play for right after G.D. Chaves?,João Carlos Rocha Vicente,G.D. Chaves,U.D. Leiria
Who was the head of Romania right after Barbu Catargiu?,Romania,Barbu Catargiu,Mihail Kogălniceanu
Who was the head of Romania right after Mihail Kogălniceanu?,Romania,Mihail Kogălniceanu,Constantin Bosianu
Who was the head of Romania right after Dimitrie Ghica?,Romania,Dimitrie Ghica,Alexandru G. Golescu
Who was the head of Romania right after Ion Ghica?,Romania,Ion Ghica,Manolache Costache Epureanu
Who was the head of Romania right after Manolache Costache Epureanu?,Romania,Manolache Costache Epureanu,Dimitrie Brătianu
Who was the head of Romania right after Ion C. Brătianu?,Ion C. Brătianu,right after Ion C. Brătianu,Theodor Rosetti
Who was the head of Romania right after Theodor Rosetti?,Romania,Theodor Rosetti,Ion Emanuel Florescu
Who was the head of Romania right after Lascăr Catargi?,Romania,Lascăr Catargi,Petre S. Aurelian
Who was the head of Romania right after Dimitrie Sturdza?,Romania,Dimitrie Sturdza,Take Ionescu
Who was the head of Romania right after Take Ionescu?,Romania,Take Ionescu,Nicolae Iorga
Who was the head of Romania right after Nicolae Iorga?,Romania,Nicolae Iorga,Ion G. Duca
Who was the head of Romania right after Gheorghe Tătărescu?,Romania,Gheorghe Tătărescu,Octavian Goga
Who was the head of Romania right after Miron Cristea?,Romania,Miron Cristea,Armand Călinescu
Who was the head of Romania right after Gheorghe Argeșanu?,Romania,Gheorghe Argeșanu,Constantin Argetoianu
Who was the head of Romania right after Ion Gigurtu?,Romania,Ion Gigurtu,Constantin Sănătescu
Who was the head of Romania right after Petru Groza?,Romania,Petru Groza,Gheorghe Gheorghiu-Dej
Who was the head of Romania right after Chivu Stoica?,Romania,Chivu Stoica,Ion Gheorghe Maurer
Who was the head of Romania right after Manea Mănescu?,Romania,Manea Mănescu,Ilie Verdeț
Who was the head of Romania right after Ilie Verdeț?,Romania,Ilie Verdeț,Constantin Dăscălescu
Who was the head of Romania right after Nicolae Văcăroiu?,Romania,Nicolae Văcăroiu,Victor Ciorbea
Who was the head of Romania right after Victor Ciorbea?,Romania,Victor Ciorbea,Radu Vasile
Who was the head of Romania right after Radu Vasile?,Romania,Radu Vasile,Mugur Isărescu
Who was the head of Romania right after Mugur Isărescu?,Romania,Mugur Isărescu,Adrian Năstase
Who was the head of Romania right after Adrian Năstase?,Romania,Adrian Năstase,Călin Popescu-Tăriceanu
Who was the head of Romania right after Emil Boc?,Romania,Emil Boc,Mihai Răzvan Ungureanu
Who was the head of Romania right after Mihai Răzvan Ungureanu?,Romania,Mihai Răzvan Ungureanu,Victor Ponta
Who was the head of Romania right after Victor Ponta?,Romania,Victor Ponta,Dacian Cioloș
Who was the head of Romania right after Dacian Cioloș?,Romania,Dacian Cioloș,Sorin Grindeanu
Who was the head of Romania right after Ludovic Orban?,Romania,Ludovic Orban,Florin Cîțu
Which political party did Valentina Tereshkova belong to right after Communist Party of the Soviet Union?,Valentina Tereshkova,Communist Party of the Soviet Union,Our Home – Russia
Which political party did Valentina Tereshkova belong to right after Our Home – Russia?,Valentina Tereshkova,Our Home – Russia,Russian Party of Life
Which political party did Valentina Tereshkova belong to right after Russian Party of Life?,Valentina Tereshkova,Russian Party of Life,United Russia
Which team did Raúl Servín play for right after Club Atlético Morelia?,Raúl Servín,Club Atlético Morelia,Atlas F.C.
Which team did Raúl Servín play for right after Atlas F.C.?,Raúl Servín,Atlas F.C.,Real Madrid Fc
Who was the head of Esch-sur-Alzette right after Henri Motté?,Esch-sur-Alzette,Henri Motté,François-Joseph Hoferlin
Who was the head of Esch-sur-Alzette right after François-Joseph Hoferlin?,Esch-sur-Alzette,François-Joseph Hoferlin,Dominique Stoffel
Who was the head of Esch-sur-Alzette right after Dominique Stoffel?,Esch-sur-Alzette,Dominique Stoffel,Jacques Schmit
Who was the head of Esch-sur-Alzette right after Jacques Schmit?,Esch-sur-Alzette,Jacques Schmit,Pierre Claude
Who was the head of Esch-sur-Alzette right after Pierre Claude?,Esch-sur-Alzette,Pierre Claude,Dominique-Joseph Hoferlin
Who was the head of Esch-sur-Alzette right after Léon Metz?,Esch-sur-Alzette,Léon Metz,Armand Spoo
Who was the head of Esch-sur-Alzette right after Armand Spoo?,Esch-sur-Alzette,Armand Spoo,Jean-Pierre Michels
Who was the head of Esch-sur-Alzette right after Jean-Pierre Pierrard?,Esch-sur-Alzette,Jean-Pierre Pierrard,Victor Wilhelm
Who was the head of Esch-sur-Alzette right after Otto Komp?,Esch-sur-Alzette,Otto Komp,Theodor Feldhege
Who was the head of Esch-sur-Alzette right after Theodor Feldhege?,Esch-sur-Alzette,Theodor Feldhege,Josef Kohns
Who was the head of Esch-sur-Alzette right after Josef Kohns?,Esch-sur-Alzette,Josef Kohns,Hubert Clément
Who was the head of Esch-sur-Alzette right after Hubert Clément?,Esch-sur-Alzette,Hubert Clément,Antoine Krier
Who was the head of Esch-sur-Alzette right after Antoine Krier?,Esch-sur-Alzette,Antoine Krier,Jules Schreiner
Who was the head of Esch-sur-Alzette right after Jules Schreiner?,Esch-sur-Alzette,Jules Schreiner,Arthur Useldinger
Who was the head of Esch-sur-Alzette right after François Schaack?,Esch-sur-Alzette,François Schaack,Lydia Mutsch
Which employer did Ellen Muehlberger work for right after Indiana University Bloomington?,Ellen Muehlberger,Indiana University Bloomington,DePauw University
Which position did Edgar Rees Jones hold right after Member of the 30th Parliament of the United Kingdom?,Edgar Rees Jones,Member of the 30th Parliament of the United Kingdom,Member of the 31st Parliament of the United Kingdom
Which team did Carlos Alberto Etcheverry play for right after Boca Juniors?,Carlos Alberto Etcheverry,Boca Juniors,Chacarita Juniors
Which team did Carlos Alberto Etcheverry play for right after Chacarita Juniors?,Carlos Alberto Etcheverry,Chacarita Juniors,Club León
Which team did Carlos Alberto Etcheverry play for right after Atlético Irapuato?,Carlos Alberto Etcheverry,Atlético Irapuato,Club Universidad Nacional
Which position did William Taylor Copeland hold right after Sheriff of the City of London?,William Taylor Copeland,Sheriff of the City of London,Member of the 10th Parliament of the United Kingdom
Which position did William Taylor Copeland hold right after Member of the 10th Parliament of the United Kingdom?,William Taylor Copeland,Member of the 10th Parliament of the United Kingdom,Member of the 11th Parliament of the United Kingdom
Which position did William Taylor Copeland hold right after Member of the 12th Parliament of the United Kingdom?,William Taylor Copeland,Member of the 12th Parliament of the United Kingdom,Member of the 13th Parliament of the United Kingdom
Which position did William Taylor Copeland hold right after Member of the 13th Parliament of the United Kingdom?,William Taylor Copeland,Member of the 13th Parliament of the United Kingdom,Member of the 14th Parliament of the United Kingdom
Which position did William Taylor Copeland hold right after Member of the 14th Parliament of the United Kingdom?,William Taylor Copeland,Member of the 14th Parliament of the United Kingdom,Member of the 15th Parliament of the United Kingdom
Which position did William Taylor Copeland hold right after Member of the 17th Parliament of the United Kingdom?,William Taylor Copeland,Member of the 17th Parliament of the United Kingdom,Member of the 18th Parliament of the United Kingdom
Which employer did John George Adami work for right after University of Cambridge?,John George Adami,University of Cambridge,McGill University
Which political party did Kōichirō Genba belong to right after Liberal Democratic Party?,Kōichirō Genba,Liberal Democratic Party,independent politician
Which political party did Kōichirō Genba belong to right after New Party Sakigake?,Kōichirō Genba,New Party Sakigake,Democratic Party of Japan
Which political party did Kōichirō Genba belong to right after Democratic Party of Japan?,Kōichirō Genba,Democratic Party of Japan,Democratic Party
Which political party did Kōichirō Genba belong to right after Democratic Party?,Kōichirō Genba,Democratic Party,Group of Independents
Which political party did Kōichirō Genba belong to right after Group of Independents?,Kōichirō Genba,Group of Independents,Reviewing Group on Social Security Policy
Which political party did Kōichirō Genba belong to right after Reviewing Group on Social Security Policy?,Kōichirō Genba,Reviewing Group on Social Security Policy,Constitutional Democratic Party of Japan
"Who was the chair of Embassy of Ukraine, Moscow right after Volodymyr Kryzhanivskyi?","Embassy of Ukraine, Moscow",Volodymyr Kryzhanivskyi,Volodymyr Fedorov
"Who was the chair of Embassy of Ukraine, Moscow right after Oleh Dyomin?","Embassy of Ukraine, Moscow",Oleh Dyomin,Kostyantyn Gryshchenko
Which team did Roger Moret play for right after Atlanta Braves?,Roger Moret,Atlanta Braves,Texas Rangers
Which team did Michele Cossato play for right after A.C. Perugia Calcio?,Michele Cossato,A.C. Perugia Calcio,Venezia F.C.
Which team did Michele Cossato play for right after Venezia F.C.?,Michele Cossato,Venezia F.C.,Atalanta B.C.
Which team did Michele Cossato play for right after Atalanta B.C.?,Michele Cossato,Atalanta B.C.,Hellas Verona F.C.
Which team did Michele Cossato play for right after Hellas Verona F.C.?,Michele Cossato,Hellas Verona F.C.,ACF Fiorentina
Which employer did Julian A. Dowdeswell work for right after Aberystwyth University?,Julian A. Dowdeswell,Aberystwyth University,Scott Polar Research Institute
Which employer did Julian A. Dowdeswell work for right after Scott Polar Research Institute?,Julian A. Dowdeswell,Scott Polar Research Institute,University of Bristol
Who was the head of Petriș right after Irina Onescu?,Petriș,Irina Onescu,Ionel Gheorghe Berari
"Who was the owner of North Stafford Hotel right after London, Midland and Scottish Railway?",North Stafford Hotel,"London, Midland and Scottish Railway",British Rail
Who was the owner of North Stafford Hotel right after British Rail?,North Stafford Hotel,British Rail,Britannia Hotels
"Which position did St John Brodrick, 1st Earl of Midleton hold right after Member of the 22nd Parliament of the United Kingdom?","St John Brodrick, 1st Earl of Midleton",Member of the 22nd Parliament of the United Kingdom,Member of the 23rd Parliament of the United Kingdom
"Which position did St John Brodrick, 1st Earl of Midleton hold right after Member of the 24th Parliament of the United Kingdom?","St John Brodrick, 1st Earl of Midleton",Member of the 24th Parliament of the United Kingdom,Member of the 25th Parliament of the United Kingdom
"Which position did St John Brodrick, 1st Earl of Midleton hold right after Member of the 25th Parliament of the United Kingdom?","St John Brodrick, 1st Earl of Midleton",Member of the 25th Parliament of the United Kingdom,Member of the 26th Parliament of the United Kingdom
Which team did Mathias Kouo-Doumbé play for right after Hibernian F.C.?,Mathias Kouo-Doumbé,Hibernian F.C.,Plymouth Argyle F.C.
Which team did Mathias Kouo-Doumbé play for right after Milton Keynes Dons F.C.?,Mathias Kouo-Doumbé,Milton Keynes Dons F.C.,Northampton Town F.C.
Which team did Omonigho Temile play for right after PFC Levski Sofia?,Omonigho Temile,PFC Levski Sofia,FC Krylia Sovetov Samara
Which team did Omonigho Temile play for right after FC Krylia Sovetov Samara?,Omonigho Temile,FC Krylia Sovetov Samara,Botev Plovdiv
Which team did Omonigho Temile play for right after Warri Wolves F.C.?,Omonigho Temile,Warri Wolves F.C.,Valletta F.C.
Which team did Cinzio Scagliotti play for right after Juventus FC?,Cinzio Scagliotti,Juventus FC,Associazione Calcio Milan
Which team did Cinzio Scagliotti play for right after A.C. Prato?,Cinzio Scagliotti,A.C. Prato,U.S. Salernitana 1919
Which team did Cinzio Scagliotti play for right after U.S. Salernitana 1919?,Cinzio Scagliotti,U.S. Salernitana 1919,A.S.D. Battipagliese
Which team did Olivier Quint play for right after RC Épernay Champagne?,Olivier Quint,RC Épernay Champagne,CS Sedan Ardennes
Which political party did Endre Bajcsy-Zsilinszky belong to right after Hungarian National Independence Party?,Endre Bajcsy-Zsilinszky,Hungarian National Independence Party,National Radical Party
Which team did Mauricio Wright play for right after Comunicaciones FC?,Mauricio Wright,Comunicaciones FC,San Jose Earthquakes
Which team did Mauricio Wright play for right after San Jose Earthquakes?,Mauricio Wright,San Jose Earthquakes,New England Revolution
Which team did Mauricio Wright play for right after New England Revolution?,Mauricio Wright,New England Revolution,A.E.K. Athens F.C.
Which team did Mauricio Wright play for right after A.E.K. Athens F.C.?,Mauricio Wright,A.E.K. Athens F.C.,Guangzhou City F.C.
Which team did Mauricio Wright play for right after C.S. Herediano?,Mauricio Wright,C.S. Herediano,Deportivo Saprissa
Who was the chair of European Film Academy right after Ingmar Bergman?,European Film Academy,Ingmar Bergman,Wim Wenders
Which employer did Aleksander Eelmaa work for right after Vanalinnastuudio?,Aleksander Eelmaa,Vanalinnastuudio,Tallinn City Theatre
Which employer did Aleksander Eelmaa work for right after Tallinn City Theatre?,Aleksander Eelmaa,Tallinn City Theatre,Estonian Drama Theatre
Where was Szolem Mandelbrojt educated right after University of Warsaw?,Szolem Mandelbrojt,University of Warsaw,National University of Kharkiv
Where was Szolem Mandelbrojt educated right after National University of Kharkiv?,Szolem Mandelbrojt,National University of Kharkiv,Paris-Sorbonne University - Paris IV
Which employer did Gheorghe Vrănceanu work for right after Alexandru Ioan Cuza University?,Gheorghe Vrănceanu,Alexandru Ioan Cuza University,Chernivtsi University
Which employer did Gheorghe Vrănceanu work for right after Chernivtsi University?,Gheorghe Vrănceanu,Chernivtsi University,University of Bucharest
Which team did Neil Redfearn play for right after Bolton Wanderers F.C.?,Neil Redfearn,Bolton Wanderers F.C.,Lincoln City F.C.
Which team did Neil Redfearn play for right after Lincoln City F.C.?,Neil Redfearn,Lincoln City F.C.,Doncaster Rovers F.C.
Which team did Neil Redfearn play for right after Crystal Palace F.C.?,Neil Redfearn,Crystal Palace F.C.,Watford F.C.
Which team did Neil Redfearn play for right after Barnsley F.C.?,Neil Redfearn,Barnsley F.C.,Charlton Athletic F.C.
Which team did Neil Redfearn play for right after Charlton Athletic F.C.?,Neil Redfearn,Charlton Athletic F.C.,Bradford City A.F.C.
Which team did Neil Redfearn play for right after Bradford City A.F.C.?,Neil Redfearn,Bradford City A.F.C.,Wigan Athletic F.C.
Which team did Neil Redfearn play for right after Halifax Town A.F.C.?,Neil Redfearn,Halifax Town A.F.C.,Boston United F.C.
Which political party did Ella Reeve Bloor belong to right after Social Democracy of America?,Ella Reeve Bloor,Social Democracy of America,Socialist Labor Party of America
Who was the head coach of the team TSC Bačka Topola right after Mladen Krstajić?,TSC Bačka Topola,Mladen Krstajić,Žarko Lazetić
Which team did Florian Metz play for right after Austria national under-21 football team?,Florian Metz,Austria national under-21 football team,L.A.S.K. Linz
Which team did Florian Metz play for right after L.A.S.K. Linz?,Florian Metz,L.A.S.K. Linz,FC Liefering
Which team did Florian Metz play for right after FC Liefering?,Florian Metz,FC Liefering,SC Zwettl
Which team did Stojan Vranješ play for right after F.K. Vojvodina?,Stojan Vranješ,F.K. Vojvodina,Lechia Gdańsk
Who was the head of Vienna right after Karl Lueger?,Vienna,Karl Lueger,Josef Neumayer
Who was the head of Vienna right after Richard Weiskirchner?,Vienna,Richard Weiskirchner,Jakob Reumann
Who was the head of Vienna right after Jakob Reumann?,Vienna,Jakob Reumann,Karl Seitz
Who was the head of Vienna right after Karl Seitz?,Vienna,Karl Seitz,Richard Schmitz
Who was the head of Vienna right after Philipp Wilhelm Jung?,Vienna,Philipp Wilhelm Jung,Hanns Blaschke
Who was the head of Vienna right after Theodor Körner?,Vienna,Theodor Körner,Franz Jonas
Who was the head of Vienna right after Bruno Marek?,Vienna,Bruno Marek,Felix Slavik
Who was the head of Vienna right after Leopold Gratz?,Vienna,Leopold Gratz,Helmut Zilk
Who was the head of Vienna right after Helmut Zilk?,Vienna,Helmut Zilk,Michael Häupl
Who was the head of Poland right after Tadeusz Mazowiecki?,Poland,Tadeusz Mazowiecki,Jan Krzysztof Bielecki
Who was the head of Poland right after Jan Olszewski?,Poland,Jan Olszewski,Hanna Suchocka
Who was the head of Poland right after Włodzimierz Cimoszewicz?,Poland,Włodzimierz Cimoszewicz,Jerzy Buzek
Who was the head of Poland right after Leszek Miller?,Poland,Leszek Miller,Marek Belka
Who was the head of Poland right after Jarosław Kaczyński?,Poland,Jarosław Kaczyński,Donald Tusk
Who was the head of Poland right after Ewa Kopacz?,Poland,Ewa Kopacz,Beata Szydło
Which position did Pedro Alejandrino del Solar hold right after Member of the Chamber of Deputies of Peru?,Pedro Alejandrino del Solar,Member of the Chamber of Deputies of Peru,President of the Council of Ministers of Peru
Which team did Ludwig Janda play for right after SpVgg Greuther Fürth?,Ludwig Janda,SpVgg Greuther Fürth,Luftwaffen-SV Hamburg
Which team did Ludwig Janda play for right after Luftwaffen-SV Hamburg?,Ludwig Janda,Luftwaffen-SV Hamburg,TSV 1860 München
Which team did Ludwig Janda play for right after ACF Fiorentina?,Ludwig Janda,ACF Fiorentina,Novara Calcio
Which position did Alexander McArthur hold right after Member of the 21st Parliament of the United Kingdom?,Alexander McArthur,Member of the 21st Parliament of the United Kingdom,Member of the 22nd Parliament of the United Kingdom
Which position did Alexander McArthur hold right after Member of the 23rd Parliament of the United Kingdom?,Alexander McArthur,Member of the 23rd Parliament of the United Kingdom,Member of the 24th Parliament of the United Kingdom
Who was the head of Prats de Lluçanès right after Ramon Vall i Ciuró?,Prats de Lluçanès,Ramon Vall i Ciuró,Ramon Besora i Torradeflot
Who was the head of Prats de Lluçanès right after Ramon Besora i Torradeflot?,Prats de Lluçanès,Ramon Besora i Torradeflot,Lluís Vila i Vilalta
Who was the head coach of the team Aris Thessaloniki F.C. right after Nikos Anastopoulos?,Aris Thessaloniki F.C.,Nikos Anastopoulos,Paco Herrera
Who was the head coach of the team Aris Thessaloniki F.C. right after Paco Herrera?,Aris Thessaloniki F.C.,Paco Herrera,Savvas Pantelidis
Who was the head coach of the team Aris Thessaloniki F.C. right after Savvas Pantelidis?,Aris Thessaloniki F.C.,Savvas Pantelidis,Michael Oenning
Who was the head coach of the team Aris Thessaloniki F.C. right after Michael Oenning?,Aris Thessaloniki F.C.,Michael Oenning,Apostolos Mantzios
Who was the head coach of the team Aris Thessaloniki F.C. right after Apostolos Mantzios?,Aris Thessaloniki F.C.,Apostolos Mantzios,Germán Burgos
Which team did Ronan McCormack play for right after Ulster Rugby?,Ronan McCormack,Ulster Rugby,Leinster Rugby
Which position did Claudio Martini hold right after president of Tuscany?,Claudio Martini,president of Tuscany,member of the Italian Senate
Which employer did Clive Ballard work for right after University of Birmingham?,Clive Ballard,University of Birmingham,Newcastle University
Which employer did Clive Ballard work for right after Newcastle University?,Clive Ballard,Newcastle University,King's College London
Which team did Steve Butler play for right after Brentford F.C.?,Steve Butler,Brentford F.C.,Maidstone United F.C.
Which team did Steve Butler play for right after Maidstone United F.C.?,Steve Butler,Maidstone United F.C.,Watford F.C.
Which team did Steve Butler play for right after Cambridge United F.C.?,Steve Butler,Cambridge United F.C.,Peterborough United F.C.
Which employer did Herman Goldstine work for right after University of Chicago?,Herman Goldstine,University of Chicago,University of Michigan
Which employer did Herman Goldstine work for right after University of Michigan?,Herman Goldstine,University of Michigan,United States Army
Which employer did Herman Goldstine work for right after IBM?,Herman Goldstine,IBM,Institute for Advanced Study
Which team did Malemngamba Meetei play for right after Hindustan Aeronautics Limited S.C.?,Malemngamba Meetei,Hindustan Aeronautics Limited S.C.,Salgaocar F.C.
Who was the head of Hon-Hergies right after Edgard Pature?,Hon-Hergies,Edgard Pature,Muriel Rzeszutek
Who was the head of Hon-Hergies right after Muriel Rzeszutek?,Hon-Hergies,Muriel Rzeszutek,Luc Bertaux
Who was the head coach of the team Stade Malherbe Caen right after Pascal Dupraz?,Stade Malherbe Caen,Pascal Dupraz,Stéphane Moulin
Who was the head of Budapest District XI right after Gyula Molnár?,Budapest District XI,Gyula Molnár,Tamás Hoffmann
Which employer did Gaetano Scorza work for right after University of Pisa?,Gaetano Scorza,University of Pisa,University of Turin
Which employer did Gaetano Scorza work for right after University of Cagliari?,Gaetano Scorza,University of Cagliari,University of Parma
Which employer did Gaetano Scorza work for right after University of Parma?,Gaetano Scorza,University of Parma,University of Catania
Which employer did Gaetano Scorza work for right after University of Naples Federico II?,Gaetano Scorza,University of Naples Federico II,Sapienza University of Rome
Which position did James Christopher Flynn hold right after Member of the 23rd Parliament of the United Kingdom?,James Christopher Flynn,Member of the 23rd Parliament of the United Kingdom,Member of the 24th Parliament of the United Kingdom
Which position did James Christopher Flynn hold right after Member of the 24th Parliament of the United Kingdom?,James Christopher Flynn,Member of the 24th Parliament of the United Kingdom,Member of the 25th Parliament of the United Kingdom
Which position did James Christopher Flynn hold right after Member of the 25th Parliament of the United Kingdom?,James Christopher Flynn,Member of the 25th Parliament of the United Kingdom,Member of the 26th Parliament of the United Kingdom
Which position did James Christopher Flynn hold right after Member of the 26th Parliament of the United Kingdom?,James Christopher Flynn,Member of the 26th Parliament of the United Kingdom,Member of the 27th Parliament of the United Kingdom
Which team did Pietro Carmignani play for right after Como 1907?,Pietro Carmignani,Como 1907,Varese Calcio
Which team did Pietro Carmignani play for right after Varese Calcio?,Pietro Carmignani,Varese Calcio,Juventus FC
Which team did Pietro Carmignani play for right after Juventus FC?,Pietro Carmignani,Juventus FC,S.S.C. Napoli
Which team did Pietro Carmignani play for right after S.S.C. Napoli?,Pietro Carmignani,S.S.C. Napoli,ACF Fiorentina
Which team did Pietro Carmignani play for right after ACF Fiorentina?,Pietro Carmignani,ACF Fiorentina,Football Club Rhodense
Where was Erwin Finlay-Freundlich educated right after Technische Hochschule Berlin?,Erwin Finlay-Freundlich,Technische Hochschule Berlin,Leipzig University
Where was Erwin Finlay-Freundlich educated right after Leipzig University?,Erwin Finlay-Freundlich,Leipzig University,University of Göttingen
Which team did Alexander Farnerud play for right after Sweden national under-16 football team?,Alexander Farnerud,Sweden national under-16 football team,Sweden national under-19 football team
Which team did Alexander Farnerud play for right after Sweden national under-19 football team?,Alexander Farnerud,Sweden national under-19 football team,Landskrona BoIS
Which team did Alexander Farnerud play for right after RC Strasbourg?,Alexander Farnerud,RC Strasbourg,VfB Stuttgart II
Which team did Alexander Farnerud play for right after VfB Stuttgart?,Alexander Farnerud,VfB Stuttgart,Brøndby IF
Which team did Alexander Farnerud play for right after BSC Young Boys?,Alexander Farnerud,BSC Young Boys,Torino F.C.
Who was the head of Hasnon right after Adolphe Fauverque?,Hasnon,Adolphe Fauverque,Louis Louis
Who was the head of Hasnon right after Louis Louis?,Hasnon,Louis Louis,Désiré Grudenaire
Who was the head of Hasnon right after Edmond Desprez?,Hasnon,Edmond Desprez,Jean-Marie Ballé
Who was the head of Hasnon right after Jean-Marie Ballé?,Hasnon,Jean-Marie Ballé,Jean Delœil
Who was the head of Hasnon right after Jean Delœil?,Hasnon,Jean Delœil,Yannick Nison
Who was the head of Hasnon right after Yannick Nison?,Hasnon,Yannick Nison,André Desmedt
Where was Dirk Jan Struik educated right after Sapienza University of Rome?,Dirk Jan Struik,Sapienza University of Rome,University of Göttingen
Who was the chair of United States Commission of Fine Arts right after Daniel Chester French?,United States Commission of Fine Arts,Daniel Chester French,Gilmore David Clarke
"Who was the chair of United States Commission of Fine Arts right after David E. Finley, Jr.?",United States Commission of Fine Arts,"David E. Finley, Jr.",Harry G. Robinson III
Which team did Juan José Muñante play for right after Club Necaxa?,Juan José Muñante,Club Necaxa,Club Universidad Nacional
Which team did Juan José Muñante play for right after Club Universidad Nacional?,Juan José Muñante,Club Universidad Nacional,Tampico Madero
Which team did Pablo Edson Barrera Acosta play for right after Real Zaragoza?,Pablo Edson Barrera Acosta,Real Zaragoza,Real Madrid Fc
Which team did Pablo Edson Barrera Acosta play for right after Real Madrid Fc?,Pablo Edson Barrera Acosta,Real Madrid Fc,Club de Fútbol Monterrey
Where was Jiang Zemin educated right after Yangzhou Dongguan Primary School?,Jiang Zemin,Yangzhou Dongguan Primary School,Yangzhou High School of Jiangxi Province
Where was Jiang Zemin educated right after Zhongyang University?,Jiang Zemin,Zhongyang University,Chiao Tung University
"Which position did Sir Charles Burrell, 3rd Baronet hold right after Member of the 3rd Parliament of the United Kingdom?","Sir Charles Burrell, 3rd Baronet",Member of the 3rd Parliament of the United Kingdom,Member of the 4th Parliament of the United Kingdom
"Which position did Sir Charles Burrell, 3rd Baronet hold right after Member of the 4th Parliament of the United Kingdom?","Sir Charles Burrell, 3rd Baronet",Member of the 4th Parliament of the United Kingdom,Member of the 5th Parliament of the United Kingdom
"Which position did Sir Charles Burrell, 3rd Baronet hold right after Member of the 5th Parliament of the United Kingdom?","Sir Charles Burrell, 3rd Baronet",Member of the 5th Parliament of the United Kingdom,Member of the 6th Parliament of the United Kingdom
"Which position did Sir Charles Burrell, 3rd Baronet hold right after Member of the 8th Parliament of the United Kingdom?","Sir Charles Burrell, 3rd Baronet",Member of the 8th Parliament of the United Kingdom,Member of the 9th Parliament of the United Kingdom
"Which position did Sir Charles Burrell, 3rd Baronet hold right after Member of the 9th Parliament of the United Kingdom?","Sir Charles Burrell, 3rd Baronet",Member of the 9th Parliament of the United Kingdom,Member of the 10th Parliament of the United Kingdom
"Which position did Sir Charles Burrell, 3rd Baronet hold right after Member of the 11th Parliament of the United Kingdom?","Sir Charles Burrell, 3rd Baronet",Member of the 11th Parliament of the United Kingdom,Member of the 12th Parliament of the United Kingdom
"Which position did Sir Charles Burrell, 3rd Baronet hold right after Member of the 14th Parliament of the United Kingdom?","Sir Charles Burrell, 3rd Baronet",Member of the 14th Parliament of the United Kingdom,Member of the 15th Parliament of the United Kingdom
"Which position did Sir Charles Burrell, 3rd Baronet hold right after Member of the 15th Parliament of the United Kingdom?","Sir Charles Burrell, 3rd Baronet",Member of the 15th Parliament of the United Kingdom,Member of the 16th Parliament of the United Kingdom
"Which position did Sir Charles Burrell, 3rd Baronet hold right after Member of the 17th Parliament of the United Kingdom?","Sir Charles Burrell, 3rd Baronet",Member of the 17th Parliament of the United Kingdom,Member of the 18th Parliament of the United Kingdom
Who was the head of Taitung County right after Kuang Li-chen?,Taitung County,Kuang Li-chen,Justin Huang
Who was the head of Taitung County right after Justin Huang?,Taitung County,Justin Huang,Rao Ching-ling
Which position did William Leader Maberly hold right after Member of the 10th Parliament of the United Kingdom?,William Leader Maberly,Member of the 10th Parliament of the United Kingdom,Member of the 11th Parliament of the United Kingdom
Which employer did Laurens Perseus Hickok work for right after Case Western Reserve University?,Laurens Perseus Hickok,Case Western Reserve University,Auburn Theological Seminary
Which employer did Laurens Perseus Hickok work for right after Union College?,Laurens Perseus Hickok,Union College,Amherst College
Who was the head of Plzeň right after Bohumil Plátěnka?,Plzeň,Bohumil Plátěnka,Stanislav Loukota
Who was the head of Plzeň right after Stanislav Loukota?,Plzeň,Stanislav Loukota,Zdeněk Mraček
Who was the head of Plzeň right after Zdeněk Prosek?,Plzeň,Zdeněk Prosek,Jiří Šneberger
Who was the head of Plzeň right after Jiří Šneberger?,Plzeň,Jiří Šneberger,Miroslav Kalous
Which employer did Orm Finnendahl work for right after Folkwang University of the Arts?,Orm Finnendahl,Folkwang University of the Arts,Hochschule für Musik Freiburg
Which employer did Orm Finnendahl work for right after Hochschule für Musik Freiburg?,Orm Finnendahl,Hochschule für Musik Freiburg,Frankfurt University of Music and Performing Arts
Which employer did Deborah Sugg Ryan work for right after Ulster University?,Deborah Sugg Ryan,Ulster University,Falmouth University
Which employer did Deborah Sugg Ryan work for right after Falmouth University?,Deborah Sugg Ryan,Falmouth University,University of Portsmouth
Which employer did Derman Christopherson work for right after University of Leeds?,Derman Christopherson,University of Leeds,Imperial College London
Who was the head of Skælskør Municipality right after Svend Aage Troelsen?,Skælskør Municipality,Svend Aage Troelsen,Johannes Lyshjelm
Who was the head of Skælskør Municipality right after Johannes Lyshjelm?,Skælskør Municipality,Johannes Lyshjelm,Søren Clausen
Who was the head of Skælskør Municipality right after Søren Clausen?,Skælskør Municipality,Søren Clausen,Hans Christian Nielsen
Where was Władysław Orlicz educated right after Lviv Polytechnic?,Władysław Orlicz,Lviv Polytechnic,Lviv University
Where was Władysław Orlicz educated right after Lviv University?,Władysław Orlicz,Lviv University,University of Göttingen
Which team did Alessandro Armenise play for right after SSC Bari?,Alessandro Armenise,SSC Bari,S.S. Teramo Calcio
Which team did Alessandro Armenise play for right after S.S. Virtus Lanciano 1924?,Alessandro Armenise,S.S. Virtus Lanciano 1924,A.S.D. Fidelis Andria 1928
Which team did Alessandro Armenise play for right after A.S.D. Fidelis Andria 1928?,Alessandro Armenise,A.S.D. Fidelis Andria 1928,A.S. Martina Franca 1947
Which team did Alessandro Armenise play for right after Varese Calcio?,Alessandro Armenise,Varese Calcio,F.C. Pro Vercelli 1892
Who was the chair of Communist Party of the Soviet Union right after Nikita Khrushchev?,Communist Party of the Soviet Union,Nikita Khrushchev,Leonid Brezhnev
Who was the chair of Communist Party of the Soviet Union right after Mikhail Gorbachev?,Communist Party of the Soviet Union,Mikhail Gorbachev,Volodymyr Ivashko
Which position did David Maclean hold right after Member of the 50th Parliament of the United Kingdom?,David Maclean,Member of the 50th Parliament of the United Kingdom,Member of the 51st Parliament of the United Kingdom
Which position did David Maclean hold right after Secretary of State for the Environment?,David Maclean,Secretary of State for the Environment,Under-Secretary of State for the Home Department
Which position did David Maclean hold right after Member of the 54th Parliament of the United Kingdom?,David Maclean,Member of the 54th Parliament of the United Kingdom,Member of the House of Lords
Where was Alexander Grothendieck educated right after University of Montpellier?,Alexander Grothendieck,University of Montpellier,École normale supérieure  (Paris)
Where was Alexander Grothendieck educated right after École normale supérieure  (Paris)?,Alexander Grothendieck,École normale supérieure  (Paris),Nancy-Université
Who was the head of Mende right after Paulin Daudé-Gleize?,Mende,Paulin Daudé-Gleize,Henri Trémolet de Villers
Who was the head of Mende right after Henri Trémolet de Villers?,Mende,Henri Trémolet de Villers,Jean-Jacques Delmas
Which team did Joe Lievesley play for right after Arsenal F.C.?,Joe Lievesley,Arsenal F.C.,Chesterfield F.C.
Which employer did Rudy Wijnands work for right after University of Amsterdam?,Rudy Wijnands,University of Amsterdam,Massachusetts Institute of Technology
Which employer did Rudy Wijnands work for right after Massachusetts Institute of Technology?,Rudy Wijnands,Massachusetts Institute of Technology,University of St Andrews
Which political party did Jacques Le Nay belong to right after Union for a Popular Movement?,Jacques Le Nay,Union for a Popular Movement,Union of Democrats and Independents
Who was the chair of International Tribunal for the Law of the Sea right after P. Chandrasekhara Rao?,International Tribunal for the Law of the Sea,P. Chandrasekhara Rao,Rüdiger Wolfrum
Who was the chair of International Tribunal for the Law of the Sea right after Rüdiger Wolfrum?,International Tribunal for the Law of the Sea,Rüdiger Wolfrum,José Luís Jesus
Who was the chair of International Tribunal for the Law of the Sea right after José Luís Jesus?,International Tribunal for the Law of the Sea,José Luís Jesus,Shunji Yanai
Which employer did Kurt O. Friedrichs work for right after RWTH Aachen University?,Kurt O. Friedrichs,RWTH Aachen University,Technical University of Braunschweig
Which position did Ove Ljung hold right after chief of staff?,Ove Ljung,chief of staff,regiment commander
Which position did Ove Ljung hold right after Chief of the Army Staff?,Ove Ljung,Chief of the Army Staff,Commander East Military Area
Which position did John Grogan hold right after Member of the 52nd Parliament of the United Kingdom?,John Grogan,Member of the 52nd Parliament of the United Kingdom,Member of the 53rd Parliament of the United Kingdom
Which position did John Grogan hold right after Member of the 53rd Parliament of the United Kingdom?,John Grogan,Member of the 53rd Parliament of the United Kingdom,Member of the 54th Parliament of the United Kingdom
Which position did John Grogan hold right after Member of the 54th Parliament of the United Kingdom?,John Grogan,Member of the 54th Parliament of the United Kingdom,Member of the 57th Parliament of the United Kingdom
Who was the head of Liège right after Edouard Close?,Liège,Edouard Close,Henri Schlitz
Who was the head of Liège right after Henri Schlitz?,Liège,Henri Schlitz,Jean-Maurice Dehousse
Which team did Gerry Hitchens play for right after Kidderminster Harriers F.C.?,Gerry Hitchens,Kidderminster Harriers F.C.,Cardiff City F.C.
Which team did Gerry Hitchens play for right after Cardiff City F.C.?,Gerry Hitchens,Cardiff City F.C.,Aston Villa F.C.
Which team did Gerry Hitchens play for right after Atalanta B.C.?,Gerry Hitchens,Atalanta B.C.,Cagliari Calcio
Who was the chair of ITV plc right after Archie Norman?,ITV plc,Archie Norman,Peter Bazalgette
Which position did Franz Karasek hold right after Substitute member of the Parliamentary Assembly of the Council of Europe?,Franz Karasek,Substitute member of the Parliamentary Assembly of the Council of Europe,Representative of the Parliamentary Assembly of the Council of Europe
Which position did Franz Karasek hold right after Representative of the Parliamentary Assembly of the Council of Europe?,Franz Karasek,Representative of the Parliamentary Assembly of the Council of Europe,Secretary General of the Council of Europe
Which team did Cedrick Hordges play for right after Pallacanestro Varese?,Cedrick Hordges,Pallacanestro Varese,Libertas Livorno
Which team did Cedrick Hordges play for right after Libertas Livorno?,Cedrick Hordges,Libertas Livorno,Pallacanestro Pavia
Which team did Cedrick Hordges play for right after Pallacanestro Pavia?,Cedrick Hordges,Pallacanestro Pavia,Fortitudo Pallacanestro Bologna
Which team did Cedrick Hordges play for right after Fortitudo Pallacanestro Bologna?,Cedrick Hordges,Fortitudo Pallacanestro Bologna,Estudiantes de Bahía Blanca
Which team did Rafael Mea Vitali play for right after Venezuela national football team?,Rafael Mea Vitali,Venezuela national football team,SV Waldhof Mannheim
Which team did Rafael Mea Vitali play for right after SV Waldhof Mannheim?,Rafael Mea Vitali,SV Waldhof Mannheim,Sportfreunde Siegen
Which team did Rafael Mea Vitali play for right after Aragua FC?,Rafael Mea Vitali,Aragua FC,Atlético Venezuela
Which employer did Leonard Jimmie Savage work for right after Cornell University?,Leonard Jimmie Savage,Cornell University,Brown University
Which employer did Leonard Jimmie Savage work for right after Brown University?,Leonard Jimmie Savage,Brown University,Columbia University
Which employer did Leonard Jimmie Savage work for right after Courant Institute of Mathematical Sciences?,Leonard Jimmie Savage,Courant Institute of Mathematical Sciences,University of Chicago
Which employer did Leonard Jimmie Savage work for right after University of Chicago?,Leonard Jimmie Savage,University of Chicago,University of Michigan
Who was the chair of World Wide Fund for Nature right after Prince Bernhard of the Netherlands?,World Wide Fund for Nature,Prince Bernhard of the Netherlands,John Hugo Loudon
"Who was the chair of World Wide Fund for Nature right after Prince Philip, Duke of Edinburgh?",World Wide Fund for Nature,"Prince Philip, Duke of Edinburgh",Syed Babar Ali
Who was the chair of World Wide Fund for Nature right after Syed Babar Ali?,World Wide Fund for Nature,Syed Babar Ali,Ruud Lubbers
Who was the chair of World Wide Fund for Nature right after Ruud Lubbers?,World Wide Fund for Nature,Ruud Lubbers,Sara Morrison
Who was the chair of World Wide Fund for Nature right after Sara Morrison?,World Wide Fund for Nature,Sara Morrison,Emeka Anyaoku
Who was the chair of World Wide Fund for Nature right after Pavan Sukhdev?,World Wide Fund for Nature,Pavan Sukhdev,E. Neville Isdell
Which team did Ariel Rosada play for right after AZ Alkmaar?,Ariel Rosada,AZ Alkmaar,Chacarita Juniors
Which team did Ariel Rosada play for right after Chacarita Juniors?,Ariel Rosada,Chacarita Juniors,Newell's Old Boys
Which team did Ariel Rosada play for right after Celta Vigo?,Ariel Rosada,Celta Vigo,Boca Juniors
Which team did Ariel Rosada play for right after Club Olimpo?,Ariel Rosada,Club Olimpo,Villa Dálmine
Which team did Abdel Lamanje play for right after FC Shinnik Yaroslavl?,Abdel Lamanje,FC Shinnik Yaroslavl,FC Atyrau
Where was Karestan C Koenen educated right after Wellesley College?,Karestan C Koenen,Wellesley College,Teachers College
"Where was George Kemp, 1st Baron Rochdale educated right after Mill Hill School?","George Kemp, 1st Baron Rochdale",Mill Hill School,Shrewsbury School
"Where was George Kemp, 1st Baron Rochdale educated right after Shrewsbury School?","George Kemp, 1st Baron Rochdale",Shrewsbury School,Trinity College
Which employer did Roger Scruton work for right after University of Cambridge?,Roger Scruton,University of Cambridge,University of London
Which employer did Roger Scruton work for right after University of London?,Roger Scruton,University of London,Boston University
Which employer did Roger Scruton work for right after Boston University?,Roger Scruton,Boston University,Divine Mercy University
Which employer did Roger Scruton work for right after University of St Andrews?,Roger Scruton,University of St Andrews,University of Buckingham
Which political party did Ene Ergma belong to right after Isamaa?,Ene Ergma,Isamaa,Estonian Reform Party
Which position did Carl Christoffer Georg Andræ hold right after member of the Danish Constituent Assembly?,Carl Christoffer Georg Andræ,member of the Danish Constituent Assembly,Speaker of the Folketing
Which position did Carl Christoffer Georg Andræ hold right after Speaker of the Folketing?,Carl Christoffer Georg Andræ,Speaker of the Folketing,Finance Minister of Denmark
Which political party did Vootele Hansen belong to right after Social Democratic Party?,Vootele Hansen,Social Democratic Party,Isamaa
Who was the head of state of People's Republic of China right after Mao Zedong?,People's Republic of China,Mao Zedong,Liu Shaoqi
Who was the head of state of People's Republic of China right after Liu Shaoqi?,People's Republic of China,Liu Shaoqi,Soong Ching-ling
Who was the head of state of People's Republic of China right after Zhu De?,People's Republic of China,Zhu De,Ye Jianying
Who was the head of state of People's Republic of China right after Ye Jianying?,People's Republic of China,Ye Jianying,Li Xiannian
Who was the head of state of People's Republic of China right after Yang Shangkun?,People's Republic of China,Yang Shangkun,Jiang Zemin
Who was the head of state of People's Republic of China right after Jiang Zemin?,People's Republic of China,Jiang Zemin,Hu Jintao
Who was the head of Chicago right after William Butler Ogden?,Chicago,William Butler Ogden,Buckner Stith Morris
Who was the head of Chicago right after Buckner Stith Morris?,Chicago,Buckner Stith Morris,Alexander Loyd
Who was the head of Chicago right after Alexander Loyd?,Chicago,Alexander Loyd,Benjamin Wright Raymond
Who was the head of Chicago right after Benjamin Wright Raymond?,Chicago,Benjamin Wright Raymond,Alson Sherman
Who was the head of Chicago right after Augustus Garrett?,Chicago,Augustus Garrett,John Putnam Chapin
Who was the head of Chicago right after James Hutchinson Woodworth?,Chicago,James Hutchinson Woodworth,Walter Smith Gurnee
Who was the head of Chicago right after Walter Smith Gurnee?,Chicago,Walter Smith Gurnee,Charles McNeill Gray
Who was the head of Chicago right after Charles McNeill Gray?,Chicago,Charles McNeill Gray,Isaac Lawrence Milliken
Who was the head of Chicago right after Isaac Lawrence Milliken?,Chicago,Isaac Lawrence Milliken,Levi Day Boone
Who was the head of Chicago right after Levi Day Boone?,Chicago,Levi Day Boone,John Charles Haines
Who was the head of Chicago right after John Charles Haines?,Chicago,John Charles Haines,John Wentworth
Who was the head of Chicago right after John Wentworth?,Chicago,John Wentworth,Julian Sidney Rumsey
Who was the head of Chicago right after Julian Sidney Rumsey?,Chicago,Julian Sidney Rumsey,Francis Cornwall Sherman
Who was the head of Chicago right after Francis Cornwall Sherman?,Chicago,Francis Cornwall Sherman,John Blake Rice
Who was the head of Chicago right after John Blake Rice?,Chicago,John Blake Rice,Roswell B. Mason
Who was the head of Chicago right after Lester L. Bond?,Chicago,Lester L. Bond,Harvey Doolittle Colvin
Who was the head of Chicago right after Monroe Heath?,Chicago,Monroe Heath,John A. Roche
Who was the head of Chicago right after John A. Roche?,Chicago,John A. Roche,DeWitt Clinton Cregier
Who was the head of Chicago right after DeWitt Clinton Cregier?,Chicago,DeWitt Clinton Cregier,Hempstead Washburne
Who was the head of Chicago right after John Patrick Hopkins?,Chicago,John Patrick Hopkins,George Bell Swift
Who was the head of Chicago right after George Bell Swift?,Chicago,George Bell Swift,Edward Fitzsimmons Dunne
Who was the head of Chicago right after Edward Fitzsimmons Dunne?,Chicago,Edward Fitzsimmons Dunne,Fred A. Busse
Who was the head of Chicago right after Carter Harrison?,Chicago,Carter Harrison,William Emmett Dever
Who was the head of Chicago right after William Emmett Dever?,Chicago,William Emmett Dever,William Hale Thompson
Who was the head of Chicago right after William Hale Thompson?,Chicago,William Hale Thompson,Anton Cermak
Who was the head of Chicago right after Anton Cermak?,Chicago,Anton Cermak,Frank J. Corr
Who was the head of Chicago right after Frank J. Corr?,Chicago,Frank J. Corr,Edward Joseph Kelly
Who was the head of Chicago right after Edward Joseph Kelly?,Chicago,Edward Joseph Kelly,Martin H. Kennelly
Who was the head of Chicago right after Richard J. Daley?,Chicago,Richard J. Daley,Michael Anthony Bilandic
Who was the head of Chicago right after Harold Washington?,Chicago,Harold Washington,David Duvall Orr
Who was the head of Chicago right after David Duvall Orr?,Chicago,David Duvall Orr,Eugene Sawyer
Who was the head of Chicago right after Eugene Sawyer?,Chicago,Eugene Sawyer,Richard M. Daley
Who was the head of Chicago right after Rahm Emanuel?,Chicago,Rahm Emanuel,Lori Lightfoot
Which employer did Roman Badanin work for right after gazeta.ru?,Roman Badanin,gazeta.ru,Forbes (Russia)
Which employer did Roman Badanin work for right after Forbes (Russia)?,Roman Badanin,Forbes (Russia),Interfax
Which employer did Roman Badanin work for right after Interfax?,Roman Badanin,Interfax,RBC Information Systems
"Which position did David Lindsay, 28th Earl of Crawford hold right after Member of the 34th Parliament of the United Kingdom?","David Lindsay, 28th Earl of Crawford",Member of the 34th Parliament of the United Kingdom,Member of the 35th Parliament of the United Kingdom
"Which position did David Lindsay, 28th Earl of Crawford hold right after Member of the 36th Parliament of the United Kingdom?","David Lindsay, 28th Earl of Crawford",Member of the 36th Parliament of the United Kingdom,Member of the 37th Parliament of the United Kingdom
"Which position did David Lindsay, 28th Earl of Crawford hold right after Member of the 37th Parliament of the United Kingdom?","David Lindsay, 28th Earl of Crawford",Member of the 37th Parliament of the United Kingdom,Member of the House of Lords
Where was Daniel Pedoe educated right after Central Foundation Boys' School?,Daniel Pedoe,Central Foundation Boys' School,Magdalene College
Which employer did Simon Streatfeild work for right after London Symphony Orchestra?,Simon Streatfeild,London Symphony Orchestra,Academy of St Martin in the Fields
Which employer did Jonathan Bennett work for right after University of Cambridge?,Jonathan Bennett,University of Cambridge,Simon Fraser University
Which employer did Jonathan Bennett work for right after Simon Fraser University?,Jonathan Bennett,Simon Fraser University,University of British Columbia
Which employer did George Barger work for right after Wellcome Research Laboratories?,George Barger,Wellcome Research Laboratories,"Goldsmiths, University of London"
"Which employer did George Barger work for right after Goldsmiths, University of London?",George Barger,"Goldsmiths, University of London","Royal Holloway, University of London"
Which position did Pierre Renouvin hold right after dean?,Pierre Renouvin,dean,president
Where was Ralph Duncan James educated right after University of Chicago?,Ralph Duncan James,University of Chicago,California Institute of Technology
Where was McKenzie Milton educated right after Mililani High School?,McKenzie Milton,Mililani High School,University of Central Florida
Who was the head coach of the team Reading F.C. right after Jaap Stam?,Reading F.C.,Jaap Stam,José Manuel Gomes
Who was the head coach of the team Reading F.C. right after José Manuel Gomes?,Reading F.C.,José Manuel Gomes,Mark Bowen
Who was the head coach of the team Reading F.C. right after Mark Bowen?,Reading F.C.,Mark Bowen,Paul Ince
Which position did Harry Pursey hold right after Member of the 39th Parliament of the United Kingdom?,Harry Pursey,Member of the 39th Parliament of the United Kingdom,Member of the 40th Parliament of the United Kingdom
Which position did Harry Pursey hold right after Member of the 40th Parliament of the United Kingdom?,Harry Pursey,Member of the 40th Parliament of the United Kingdom,Member of the 41st Parliament of the United Kingdom
Which position did Harry Pursey hold right after Member of the 43rd Parliament of the United Kingdom?,Harry Pursey,Member of the 43rd Parliament of the United Kingdom,Member of the 44th Parliament of the United Kingdom
Which team did Pablo Andrés González play for right after FC Locarno?,Pablo Andrés González,FC Locarno,Grupo Universitario de Tandil
Which team did Pablo Andrés González play for right after Grupo Universitario de Tandil?,Pablo Andrés González,Grupo Universitario de Tandil,Palermo FC
Which employer did Hans Rådström work for right after Stockholm University?,Hans Rådström,Stockholm University,Linköping University
Which employer did Archibald James Macintyre work for right after University of Cambridge?,Archibald James Macintyre,University of Cambridge,Swansea University
Which employer did Archibald James Macintyre work for right after Swansea University?,Archibald James Macintyre,Swansea University,University of Sheffield
Which employer did Archibald James Macintyre work for right after University of Sheffield?,Archibald James Macintyre,University of Sheffield,University of Aberdeen
Which employer did Archibald James Macintyre work for right after University of Aberdeen?,Archibald James Macintyre,University of Aberdeen,University of Cincinnati
Which team did Anton Schumacher play for right after Bonner SC?,Anton Schumacher,Bonner SC,1. FC Köln
Which team did Anton Schumacher play for right after 1. FC Köln?,Anton Schumacher,1. FC Köln,KV Mechelen
Which employer did Bernhard Schölkopf work for right after Forschungszentrum Informationstechnik?,Bernhard Schölkopf,Forschungszentrum Informationstechnik,Microsoft Research
Which employer did Bernhard Schölkopf work for right after Microsoft Research?,Bernhard Schölkopf,Microsoft Research,Max Planck Institute for Biological Cybernetics
Who was the head coach of the team NK Slaven Belupo right after Dean Klafurić?,NK Slaven Belupo,Dean Klafurić,Zoran Zekić
Who was the head coach of the team Blackpool F.C. right after Gary Bowyer?,Blackpool F.C.,Gary Bowyer,Terry McPhillips
Who was the head coach of the team Blackpool F.C. right after Simon Grayson?,Blackpool F.C.,Simon Grayson,Neil Critchley
Which position did Tip O'Neill hold right after Speaker of the Massachusetts House of Representatives?,Tip O'Neill,Speaker of the Massachusetts House of Representatives,United States representative
Which position did Tip O'Neill hold right after United States representative?,Tip O'Neill,United States representative,Speaker of the United States House of Representatives
Which employer did Johannes Teyssen work for right after PreussenElektra?,Johannes Teyssen,PreussenElektra,Hastra
Which employer did Johannes Teyssen work for right after Hastra?,Johannes Teyssen,Hastra,Avacon
Which employer did Johannes Teyssen work for right after Avacon?,Johannes Teyssen,Avacon,E.ON SE
Which employer did Karen Keskulla Uhlenbeck work for right after University of Illinois at Urbana–Champaign?,Karen Keskulla Uhlenbeck,University of Illinois at Urbana–Champaign,University of Illinois at Chicago
Which employer did Karen Keskulla Uhlenbeck work for right after University of Illinois at Chicago?,Karen Keskulla Uhlenbeck,University of Illinois at Chicago,University of Chicago
Who was the head of Hvidovre Municipality right after Britta Christensen?,Hvidovre Municipality,Britta Christensen,Milton Graff Pedersen
Who was the head of Hvidovre Municipality right after Milton Graff Pedersen?,Hvidovre Municipality,Milton Graff Pedersen,Helle Moesgaard Adelborg
Which position did David McClarty hold right after Member of the 3rd Northern Ireland Assembly?,David McClarty,Member of the 3rd Northern Ireland Assembly,Member of the 4th Northern Ireland Assembly
Which employer did Lisa Robinson work for right after Children's Hospital of Western Ontario?,Lisa Robinson,Children's Hospital of Western Ontario,Duke University Medical Center
Which employer did Lisa Robinson work for right after Duke University Medical Center?,Lisa Robinson,Duke University Medical Center,University of Toronto
Which employer did Charles Coulson work for right after University of Dundee?,Charles Coulson,University of Dundee,King's College London
Which position did Oliver Wittke hold right after member of the Landtag of North Rhine-Westphalia?,Oliver Wittke,member of the Landtag of North Rhine-Westphalia,member of the German Bundestag
Which position did Brian Jenkins hold right after Member of the 53rd Parliament of the United Kingdom?,Brian Jenkins,Member of the 53rd Parliament of the United Kingdom,Member of the 54th Parliament of the United Kingdom
Where was Esther Ballou educated right after Bennington College?,Esther Ballou,Bennington College,Mills College
Who was the chair of Italian Radicals right after Maria Antonietta Farina Coscioni?,Italian Radicals,Maria Antonietta Farina Coscioni,Bruno Mellano
Who was the chair of Italian Radicals right after Silvio Viale?,Italian Radicals,Silvio Viale,Laura Arconti
Who was the chair of Italian Radicals right after Laura Arconti?,Italian Radicals,Laura Arconti,Riccardo Magi
Who was the chair of Italian Radicals right after Riccardo Magi?,Italian Radicals,Riccardo Magi,Marco Cappato
Who was the chair of Italian Radicals right after Marco Cappato?,Italian Radicals,Marco Cappato,Antonella Soldo
"Which position did Sir Roger Conant, 1st Baronet hold right after Member of the 37th Parliament of the United Kingdom?","Sir Roger Conant, 1st Baronet",Member of the 37th Parliament of the United Kingdom,Member of the 38th Parliament of the United Kingdom
Who was the chair of Croatian National Bank right after A. Čičin-Šain?,Croatian National Bank,A. Čičin-Šain,Pero Jurković
Who was the chair of Croatian National Bank right after Pero Jurković?,Croatian National Bank,Pero Jurković,Marko Škreb
Which position did Daniel Sirera hold right after City councillor of Barcelona?,Daniel Sirera,City councillor of Barcelona,president of the People's Party of Catalonia
"Which position did Thomas S. Gates, Jr. hold right after Under Secretary of the Navy?","Thomas S. Gates, Jr.",Under Secretary of the Navy,United States Secretary of the Navy
"Which position did Thomas S. Gates, Jr. hold right after United States Secretary of the Navy?","Thomas S. Gates, Jr.",United States Secretary of the Navy,United States Deputy Secretary of Defense
Where was Rolin Wavre educated right after University of Neuchâtel?,Rolin Wavre,University of Neuchâtel,University of Paris
Which team did Glenn Cronin play for right after Chester City F.C.?,Glenn Cronin,Chester City F.C.,Bohemian F.C.
Which team did Glenn Cronin play for right after Bohemian F.C.?,Glenn Cronin,Bohemian F.C.,Shelbourne F.C.
Which team did Jero Miñarro play for right after Spain national under-18 football team?,Jero Miñarro,Spain national under-18 football team,Valencia CF Mestalla
Which team did Jero Miñarro play for right after Panachaiki F.C.?,Jero Miñarro,Panachaiki F.C.,Getafe CF
Which team did Jero Miñarro play for right after Torredonjimeno CF?,Jero Miñarro,Torredonjimeno CF,Sangonera Atlético CF
Which team did Jero Miñarro play for right after Sangonera Atlético CF?,Jero Miñarro,Sangonera Atlético CF,Granada CF
Which team did Jero Miñarro play for right after Granada CF?,Jero Miñarro,Granada CF,CD Burriana
Which employer did Lipman Bers work for right after Brown University?,Lipman Bers,Brown University,Syracuse University
Which employer did Lipman Bers work for right after Syracuse University?,Lipman Bers,Syracuse University,Institute for Advanced Study
Which employer did Lipman Bers work for right after Institute for Advanced Study?,Lipman Bers,Institute for Advanced Study,Courant Institute of Mathematical Sciences
Which employer did Lipman Bers work for right after Courant Institute of Mathematical Sciences?,Lipman Bers,Courant Institute of Mathematical Sciences,Columbia University
Which political party did Adrian Năstase belong to right after Democratic National Salvation Front?,Adrian Năstase,Democratic National Salvation Front,Social Democracy Party of Romania
Who was the owner of Charlotte Hornets right after George Shinn?,Charlotte Hornets,George Shinn,Robert L. Johnson
Who was the owner of Charlotte Hornets right after Robert L. Johnson?,Charlotte Hornets,Robert L. Johnson,Michael Jordan
"Which position did Jean-Louis Borloo hold right after Minister of the Economy, Finances and Industry?",Jean-Louis Borloo,"Minister of the Economy, Finances and Industry",member of the French National Assembly
Which employer did Josif Shtokalo work for right after Kharkiv College of Textile and Design?,Josif Shtokalo,Kharkiv College of Textile and Design,Taras Shevchenko National University of Kyiv
Which employer did Josif Shtokalo work for right after Taras Shevchenko National University of Kyiv?,Josif Shtokalo,Taras Shevchenko National University of Kyiv,National Academy of Sciences of Ukraine
Which team did Sharly Mabussi play for right after Stade Lavallois?,Sharly Mabussi,Stade Lavallois,Bergerac Périgord FC
Which team did Sharly Mabussi play for right after Bergerac Périgord FC?,Sharly Mabussi,Bergerac Périgord FC,FC Edmonton
Which employer did Bruno Lemaitre work for right after Pierre and Marie Curie University?,Bruno Lemaitre,Pierre and Marie Curie University,National Center for Scientific Research
Which employer did Bruno Lemaitre work for right after National Center for Scientific Research?,Bruno Lemaitre,National Center for Scientific Research,Centre de Génétique Moléculaire
Which employer did Bruno Lemaitre work for right after Centre de Génétique Moléculaire?,Bruno Lemaitre,Centre de Génétique Moléculaire,École polytechnique fédérale de Lausanne
Which team did Reg Cutler play for right after AFC Bournemouth?,Reg Cutler,AFC Bournemouth,Portsmouth F.C.
Which team did Reg Cutler play for right after Portsmouth F.C.?,Reg Cutler,Portsmouth F.C.,Stockport County F.C.
Which position did Thomas Francis Kennedy hold right after Member of the 7th Parliament of the United Kingdom?,Thomas Francis Kennedy,Member of the 7th Parliament of the United Kingdom,Member of the 8th Parliament of the United Kingdom
Which position did Thomas Francis Kennedy hold right after Member of the 9th Parliament of the United Kingdom?,Thomas Francis Kennedy,Member of the 9th Parliament of the United Kingdom,Member of the 10th Parliament of the United Kingdom
Which employer did Harold Ruse work for right after University of Southampton?,Harold Ruse,University of Southampton,University of Leeds
Which position did Ismaʿil Sidqi hold right after Agriculture Minister?,Ismaʿil Sidqi,Agriculture Minister,Minister of Religious Endowment
Which position did Ismaʿil Sidqi hold right after Minister of Religious Endowment?,Ismaʿil Sidqi,Minister of Religious Endowment,Prime Minister of Egypt
Which position did Michael Noonan hold right after Minister for Justice and Equality?,Michael Noonan,Minister for Justice and Equality,"Minister for Jobs, Enterprise and Innovation"
"Which position did Michael Noonan hold right after Minister for Tourism, Culture, Arts, Gaeltacht, Sport and Media?",Michael Noonan,"Minister for Tourism, Culture, Arts, Gaeltacht, Sport and Media",Minister for Health
Which position did Michael Noonan hold right after Minister for Health?,Michael Noonan,Minister for Health,Leader of Fine Gael
Which team did Jim McLaughlin play for right after Derry City F.C.?,Jim McLaughlin,Derry City F.C.,Birmingham City F.C.
Which team did Jim McLaughlin play for right after Birmingham City F.C.?,Jim McLaughlin,Birmingham City F.C.,Northern Ireland national association football team
Which team did Jim McLaughlin play for right after Northern Ireland national under-23 association football team?,Jim McLaughlin,Northern Ireland national under-23 association football team,Shrewsbury Town F.C.
Which team did Jim McLaughlin play for right after Swansea City A.F.C.?,Jim McLaughlin,Swansea City A.F.C.,Dundalk F.C.
Which political party did Andra Veidemann belong to right after People's Union of Estonia?,Andra Veidemann,People's Union of Estonia,Social Democratic Party
Which position did Pere Folc de Cardona hold right after President of the Generalitat of Catalonia?,Pere Folc de Cardona,President of the Generalitat of Catalonia,Episcopal Co-Prince
Which position did Pere Folc de Cardona hold right after Episcopal Co-Prince?,Pere Folc de Cardona,Episcopal Co-Prince,Metropolitan Archbishop of Tarragona
Who was the head of Brandenburg right after Manfred Stolpe?,Brandenburg,Manfred Stolpe,Matthias Platzeck
Who was the head of Brandenburg right after Matthias Platzeck?,Brandenburg,Matthias Platzeck,Dietmar Woidke
Which team did Yuzo Minami play for right after Urawa Red Diamonds?,Yuzo Minami,Urawa Red Diamonds,Ehime FC
Which team did Yuzo Minami play for right after Ehime FC?,Yuzo Minami,Ehime FC,V-Varen Nagasaki
Which employer did Jaqueline Anastácio work for right after Siófok KC?,Jaqueline Anastácio,Siófok KC,Gjøvik HK
Which employer did Jaqueline Anastácio work for right after Gjøvik HK?,Jaqueline Anastácio,Gjøvik HK,Dinamo Volgograd
Which employer did Jaqueline Anastácio work for right after Ringkøbing Håndbold?,Jaqueline Anastácio,Ringkøbing Håndbold,SG BBM Bietigheim
Which position did Michael Fallon hold right after Member of the 50th Parliament of the United Kingdom?,Michael Fallon,Member of the 50th Parliament of the United Kingdom,Member of the 52nd Parliament of the United Kingdom
Which position did Michael Fallon hold right after Member of the 52nd Parliament of the United Kingdom?,Michael Fallon,Member of the 52nd Parliament of the United Kingdom,Member of the 53rd Parliament of the United Kingdom
Which position did Michael Fallon hold right after Member of the 53rd Parliament of the United Kingdom?,Michael Fallon,Member of the 53rd Parliament of the United Kingdom,Member of the 54th Parliament of the United Kingdom
Which position did Michael Fallon hold right after Member of the 56th Parliament of the United Kingdom?,Michael Fallon,Member of the 56th Parliament of the United Kingdom,Member of the 57th Parliament of the United Kingdom
Which position did Hrushikesh Naik hold right after Member of the Eighth Odisha Legislative Assembly?,Hrushikesh Naik,Member of the Eighth Odisha Legislative Assembly,Member of the Ninth Odisha Legislative Assembly
Which position did Hrushikesh Naik hold right after Member of the Ninth Odisha Legislative Assembly?,Hrushikesh Naik,Member of the Ninth Odisha Legislative Assembly,Member of the Eleventh Odisha Legislative Assembly
Which position did Hrushikesh Naik hold right after Member of the Fourteenth Odisha Legislative Assembly?,Hrushikesh Naik,Member of the Fourteenth Odisha Legislative Assembly,Member of the Fifteenth Odisha Legislative Assembly
Which team did Billy Betts play for right after Pyebank F.C.?,Billy Betts,Pyebank F.C.,Heeley F.C.
Which team did Billy Betts play for right after Lockwood Brothers F.C.?,Billy Betts,Lockwood Brothers F.C.,Sheffield Wednesday F.C.
"Which position did Sir John Brunner, 2nd Baronet hold right after Member of the 30th Parliament of the United Kingdom?","Sir John Brunner, 2nd Baronet",Member of the 30th Parliament of the United Kingdom,Member of the 33rd Parliament of the United Kingdom
Which team did Ugo Gabrieli play for right after Italy national under-18 football team?,Ugo Gabrieli,Italy national under-18 football team,Italy national under-19 football team
Which team did Ugo Gabrieli play for right after Italy national under-19 football team?,Ugo Gabrieli,Italy national under-19 football team,Unione Sportiva Lecce
Which team did Ugo Gabrieli play for right after Cosenza Calcio?,Ugo Gabrieli,Cosenza Calcio,Paganese Calcio 1926
Which team did Ugo Gabrieli play for right after A.S.D. Gallipoli Football 1909?,Ugo Gabrieli,A.S.D. Gallipoli Football 1909,A.S. Martina Franca 1947
Which position did Arthur Forwood hold right after Member of the 23rd Parliament of the United Kingdom?,Arthur Forwood,Member of the 23rd Parliament of the United Kingdom,Member of the 24th Parliament of the United Kingdom
Which position did Arthur Forwood hold right after Member of the 24th Parliament of the United Kingdom?,Arthur Forwood,Member of the 24th Parliament of the United Kingdom,Member of the 25th Parliament of the United Kingdom
Which position did Arthur Forwood hold right after Member of the 25th Parliament of the United Kingdom?,Arthur Forwood,Member of the 25th Parliament of the United Kingdom,Member of the 26th Parliament of the United Kingdom
Who was the head coach of the team A.E.K. Athens F.C. right after Manuel Jiménez Jiménez?,A.E.K. Athens F.C.,Manuel Jiménez Jiménez,Sokratis Ofrydopoulos
Who was the head coach of the team A.E.K. Athens F.C. right after Sokratis Ofrydopoulos?,A.E.K. Athens F.C.,Sokratis Ofrydopoulos,Matías Almeyda CR7
"Which position did Richard Bethell, 1st Baron Westbury hold right after Member of the 15th Parliament of the United Kingdom?","Richard Bethell, 1st Baron Westbury",Member of the 15th Parliament of the United Kingdom,Member of the 16th Parliament of the United Kingdom
"Which position did Richard Bethell, 1st Baron Westbury hold right after Member of the 16th Parliament of the United Kingdom?","Richard Bethell, 1st Baron Westbury",Member of the 16th Parliament of the United Kingdom,Member of the 17th Parliament of the United Kingdom
Who was the head coach of the team Tennis Borussia Berlin right after Stanislav Levý?,Tennis Borussia Berlin,Stanislav Levý,Winfried Schäfer
Who was the head coach of the team Tennis Borussia Berlin right after Winfried Schäfer?,Tennis Borussia Berlin,Winfried Schäfer,Mirko Slomka
Who was the head coach of the team Tennis Borussia Berlin right after Mirko Slomka?,Tennis Borussia Berlin,Mirko Slomka,Robert Jaspert
Who was the head coach of the team Tennis Borussia Berlin right after Robert Jaspert?,Tennis Borussia Berlin,Robert Jaspert,Theo Gries
Who was the head coach of the team Tennis Borussia Berlin right after Markus Schatte?,Tennis Borussia Berlin,Markus Schatte,Cemal Yıldız
Who was the head coach of the team Tennis Borussia Berlin right after Cemal Yıldız?,Tennis Borussia Berlin,Cemal Yıldız,Thomas Brdarić
Which team did Tim Sandercombe play for right after Stafford Rangers F.C.?,Tim Sandercombe,Stafford Rangers F.C.,Mansfield Town F.C.
Which team did Tim Sandercombe play for right after Worcester City F.C.?,Tim Sandercombe,Worcester City F.C.,Truro City F.C.
Which team did Tim Sandercombe play for right after Dorchester Town F.C.?,Tim Sandercombe,Dorchester Town F.C.,Weston-super-Mare A.F.C.
"Which employer did Sebastián Edwards work for right after University of California, Los Angeles?",Sebastián Edwards,"University of California, Los Angeles",UCLA Anderson School of Management
Who was the head coach of the team Olympiacos F.C. right after Alberto Bigon?,Olympiacos F.C.,Alberto Bigon,Ernesto Valverde
Who was the head coach of the team Olympiacos F.C. right after Ernesto Valverde?,Olympiacos F.C.,Ernesto Valverde,Pedro Martins
Which employer did Eugen Slutsky work for right after Institute of Conjuncture?,Eugen Slutsky,Institute of Conjuncture,Moscow State University
Which employer did Eugen Slutsky work for right after Moscow State University?,Eugen Slutsky,Moscow State University,Steklov Institute of Mathematics
Which team did James McFadden play for right after Birmingham City F.C.?,James McFadden,Birmingham City F.C.,Everton F.C
Which team did James McFadden play for right after Everton F.C?,James McFadden,Everton F.C,Sunderland A.F.C.
Which team did Orhan Şam play for right after Turkey national under-18 football team?,Orhan Şam,Turkey national under-18 football team,Turkey national under-19 football team
Which team did Orhan Şam play for right after Mardinspor?,Orhan Şam,Mardinspor,Hacettepe S.K.
Which position did José Pardo y Barreda hold right after Minister of Foreign Affairs of Peru?,José Pardo y Barreda,Minister of Foreign Affairs of Peru,rector of the National University of San Marcos
Which position did José Pardo y Barreda hold right after rector of the National University of San Marcos?,José Pardo y Barreda,rector of the National University of San Marcos,President of Peru
Who was the head of Malang right after Peni Suparto?,Malang,Peni Suparto,Muhammad Anton
Which position did Abdul-Rashid Pelpuo hold right after Member of the 4th Parliament of the 4th Republic of Ghana?,Abdul-Rashid Pelpuo,Member of the 4th Parliament of the 4th Republic of Ghana,Member of the 5th Parliament of the 4th Republic of Ghana
Which position did Abdul-Rashid Pelpuo hold right after Member of the 5th Parliament of the 4th Republic of Ghana?,Abdul-Rashid Pelpuo,Member of the 5th Parliament of the 4th Republic of Ghana,Member of the 6th Parliament of the 4th Republic of Ghana
Which position did Abdul-Rashid Pelpuo hold right after Member of the 6th Parliament of the 4th Republic of Ghana?,Abdul-Rashid Pelpuo,Member of the 6th Parliament of the 4th Republic of Ghana,Member of the 7th Parliament of the 4th Republic of Ghana
Which employer did Fazlur Rahman Malik work for right after Durham University?,Fazlur Rahman Malik,Durham University,McGill University
Which employer did Fazlur Rahman Malik work for right after McGill University?,Fazlur Rahman Malik,McGill University,University of Chicago
Which employer did Mary Douglas work for right after New York University?,Mary Douglas,New York University,Columbia University
Which employer did Mary Douglas work for right after Columbia University?,Mary Douglas,Columbia University,Yale University
Which employer did Mary Douglas work for right after Yale University?,Mary Douglas,Yale University,Northwestern University
Which position did William Dougal Christie hold right after Member of the 14th Parliament of the United Kingdom?,William Dougal Christie,Member of the 14th Parliament of the United Kingdom,Member of the 15th Parliament of the United Kingdom
Which position did William Dougal Christie hold right after ambassador of the United Kingdom to Argentina?,William Dougal Christie,ambassador of the United Kingdom to Argentina,ambassador of the United Kingdom to Brazil
Which position did Panagiotis Kanellopoulos hold right after Minister of Commercial Marine of Greece?,Panagiotis Kanellopoulos,Minister of Commercial Marine of Greece,Minister of Economy of Greece
Which position did Panagiotis Kanellopoulos hold right after Minister of Economy of Greece?,Panagiotis Kanellopoulos,Minister of Economy of Greece,Minister without portfolio of Greece
Which position did Panagiotis Kanellopoulos hold right after Minister without portfolio of Greece?,Panagiotis Kanellopoulos,Minister without portfolio of Greece,Minister of Naval Affairs of Greece
Which position did Panagiotis Kanellopoulos hold right after Minister of Public Order?,Panagiotis Kanellopoulos,Minister of Public Order,Minister of Aviation of Greece
Which position did Panagiotis Kanellopoulos hold right after Minister of Aviation of Greece?,Panagiotis Kanellopoulos,Minister of Aviation of Greece,Minister of Military Affairs of Greece
Which position did Panagiotis Kanellopoulos hold right after Minister of Military Affairs of Greece?,Panagiotis Kanellopoulos,Minister of Military Affairs of Greece,Minister for National Defence of Greece
Which position did Panagiotis Kanellopoulos hold right after Deputy Prime Minister of Greece?,Panagiotis Kanellopoulos,Deputy Prime Minister of Greece,Prime Minister of Greece
Which position did Panagiotis Kanellopoulos hold right after Prime Minister of Greece?,Panagiotis Kanellopoulos,Prime Minister of Greece,Member of the Hellenic Parliament
Which employer did Egor Babaev work for right after Cornell University?,Egor Babaev,Cornell University,Royal Institute of Technology
Which employer did Teija Tiilikainen work for right after Finnish Institute of International Affairs?,Teija Tiilikainen,Finnish Institute of International Affairs,European Centre of Excellence for Countering Hybrid Threats
Which employer did Max Volmer work for right after Frederick William University?,Max Volmer,Frederick William University,Auergesellschaft
Which employer did Max Volmer work for right after Auergesellschaft?,Max Volmer,Auergesellschaft,University of Hamburg
Which employer did Max Volmer work for right after University of Hamburg?,Max Volmer,University of Hamburg,Technische Hochschule Berlin
Who was the head of Dochia right after Constantin Păduraru?,Dochia,Constantin Păduraru,Iulian-Cornel Iacob
Who was the head of Vologda right after Alexei Jakunitschew?,Vologda,Alexei Jakunitschew,Evgeny Shulepov
Who was the head of Vologda right after Evgeny Shulepov?,Vologda,Evgeny Shulepov,Yury Sapozhnikov
Which employer did John Crank work for right after University of Cambridge?,John Crank,University of Cambridge,Courtaulds
Which employer did John Crank work for right after Courtaulds?,John Crank,Courtaulds,Brunel University
Who was the chair of Romanian Handball Federation right after Valentin Samungi?,Romanian Handball Federation,Valentin Samungi,Cristian Gațu
Which employer did Badri Nath Prasad work for right after Patna Science College?,Badri Nath Prasad,Patna Science College,Allahabad University
Who was the chair of Protezione Civile right after Guido Bertolaso?,Protezione Civile,Guido Bertolaso,Franco Gabrielli
Who was the chair of Protezione Civile right after Franco Gabrielli?,Protezione Civile,Franco Gabrielli,Angelo Borrelli
Which position did Francisco de Benavides hold right after Viceroy of Sardinia?,Francisco de Benavides,Viceroy of Sardinia,Viceroy of Sicily
Which position did Francisco de Benavides hold right after Viceroy of Sicily?,Francisco de Benavides,Viceroy of Sicily,viceroy of Naples
Who was the owner of Young man in Mayo costume right after Paul Durand-Ruel?,Young man in Mayo costume,Paul Durand-Ruel,Ernest Hoschedé
Who was the owner of Young man in Mayo costume right after Ernest Hoschedé?,Young man in Mayo costume,Ernest Hoschedé,Jean-Baptiste Faure
Who was the owner of Young man in Mayo costume right after Jean-Baptiste Faure?,Young man in Mayo costume,Jean-Baptiste Faure,Henry Osborne Havemeyer
Which employer did Alfred H. Clifford work for right after Institute for Advanced Study?,Alfred H. Clifford,Institute for Advanced Study,Massachusetts Institute of Technology
Which employer did Alfred H. Clifford work for right after Massachusetts Institute of Technology?,Alfred H. Clifford,Massachusetts Institute of Technology,United States Army
Which position did Walford Selby hold right after ambassador of the United Kingdom to Austria?,Walford Selby,ambassador of the United Kingdom to Austria,ambassador of the United Kingdom to Portugal
Which employer did Louis J. Mordell work for right after Victoria University of Manchester?,Louis J. Mordell,Victoria University of Manchester,University of Cambridge
Which team did Terry Adamson play for right after Sunderland A.F.C.?,Terry Adamson,Sunderland A.F.C.,Luton Town F.C.
Which position did Fredrik Magnus Cronberg hold right after regiment commander?,Fredrik Magnus Cronberg,regiment commander,governor of Västerbotten County
Which position did Henri Madelin hold right after Provincial?,Henri Madelin,Provincial,rector
Who was the head of Georgia right after Bidzina Ivanishvili?,Georgia,Bidzina Ivanishvili,Giorgi Kvirikashvili
Who was the head of Georgia right after Giorgi Kvirikashvili?,Georgia,Giorgi Kvirikashvili,Mamuka Bakhtadze
Who was the head of Georgia right after Mamuka Bakhtadze?,Georgia,Mamuka Bakhtadze,Giorgi Gakharia
Which team did Ryan Flynn play for right after Wrexham A.F.C.?,Ryan Flynn,Wrexham A.F.C.,Falkirk F.C.
Which team did Ryan Flynn play for right after Falkirk F.C.?,Ryan Flynn,Falkirk F.C.,Sheffield United F.C.
Which position did Goswin de Stassart hold right after Prefect of Bouches-de-la-Meuse?,Goswin de Stassart,Prefect of Bouches-de-la-Meuse,member of the House of Representatives of the Netherlands
Which position did Goswin de Stassart hold right after member of the House of Representatives of the Netherlands?,Goswin de Stassart,member of the House of Representatives of the Netherlands,President of the Belgian Senate
Who was the head of Incheon right after Ahn Sang-soo?,Incheon,Ahn Sang-soo,Song Young-gil
Who was the head of Incheon right after Song Young-gil?,Incheon,Song Young-gil,Yoo Jeong-bok
Who was the head of Incheon right after Yoo Jeong-bok?,Incheon,Yoo Jeong-bok,Park Nam-choon
Which position did Charles Morris hold right after Member of the 42nd Parliament of the United Kingdom?,Charles Morris,Member of the 42nd Parliament of the United Kingdom,Member of the 43rd Parliament of the United Kingdom
Which position did Charles Morris hold right after Member of the 43rd Parliament of the United Kingdom?,Charles Morris,Member of the 43rd Parliament of the United Kingdom,Member of the 44th Parliament of the United Kingdom
Which position did Charles Morris hold right after Member of the 44th Parliament of the United Kingdom?,Charles Morris,Member of the 44th Parliament of the United Kingdom,Member of the 45th Parliament of the United Kingdom
Which position did Charles Morris hold right after Member of the 46th Parliament of the United Kingdom?,Charles Morris,Member of the 46th Parliament of the United Kingdom,Member of the 47th Parliament of the United Kingdom
Which team did Gabriel Simion play for right after Daco-Getica?,Gabriel Simion,Daco-Getica,FC Dunărea Călărași
Which team did Gabriel Simion play for right after FC Dunărea Călărași?,Gabriel Simion,FC Dunărea Călărași,FC Astra Giurgiu
Who was the chair of Union of Italian Jewish Communities right after Pietro Blayer?,Union of Italian Jewish Communities,Pietro Blayer,Tullia Zevi
Who was the chair of Union of Italian Jewish Communities right after Tullia Zevi?,Union of Italian Jewish Communities,Tullia Zevi,Amos Luzzatto
Who was the chair of Union of Italian Jewish Communities right after Amos Luzzatto?,Union of Italian Jewish Communities,Amos Luzzatto,Renzo Gattegna
Which position did John R. Bass hold right after United States Ambassador to Turkey?,John R. Bass,United States Ambassador to Turkey,United States Ambassador to Afghanistan
Which position did John R. Bass hold right after United States Ambassador to Afghanistan?,John R. Bass,United States Ambassador to Afghanistan,Under Secretary of State for Management
Where was Annelise Riles educated right after London School of Economics and Political Science?,Annelise Riles,London School of Economics and Political Science,Harvard University
Which position did Samuel Åkerhielm hold right after Chief of the Defence Staff?,Samuel Åkerhielm,Chief of the Defence Staff,Military Commander of Gotland
"Who was the head coach of the team Sweden men's national ice hockey team right after Folke ""Masen"" Jansson?",Sweden men's national ice hockey team,"Folke ""Masen"" Jansson",Ed Reigle
Who was the head coach of the team Sweden men's national ice hockey team right after Ed Reigle?,Sweden men's national ice hockey team,Ed Reigle,Arne Strömberg
Who was the head coach of the team Sweden men's national ice hockey team right after Leif Boork?,Sweden men's national ice hockey team,Leif Boork,Tommy Sandlin
Who was the head coach of the team Sweden men's national ice hockey team right after Tommy Sandlin?,Sweden men's national ice hockey team,Tommy Sandlin,Conny Evensson
Who was the head coach of the team Sweden men's national ice hockey team right after Kent Forsberg?,Sweden men's national ice hockey team,Kent Forsberg,Peter Wallin
Who was the head coach of the team Sweden men's national ice hockey team right after Peter Wallin?,Sweden men's national ice hockey team,Peter Wallin,Anders Hedberg
Who was the head coach of the team Sweden men's national ice hockey team right after Claes-Göran Wallin?,Sweden men's national ice hockey team,Claes-Göran Wallin,Bengt-Åke Gustafsson
Who was the head coach of the team Sweden men's national ice hockey team right after Rikard Grönborg?,Sweden men's national ice hockey team,Rikard Grönborg,Johan Garpenlöv
Who was the head coach of the team Sweden men's national ice hockey team right after Johan Garpenlöv?,Sweden men's national ice hockey team,Johan Garpenlöv,Sam Hallam
Which employer did Warren Weaver work for right after United States Air Force?,Warren Weaver,United States Air Force,California Institute of Technology
Which position did Hans Fredrik Grøvan hold right after mayor of Lyngdal?,Hans Fredrik Grøvan,mayor of Lyngdal,deputy member of the Parliament of Norway
Which position did Hans Fredrik Grøvan hold right after deputy member of the Parliament of Norway?,Hans Fredrik Grøvan,deputy member of the Parliament of Norway,Substitute member of the Parliamentary Assembly of the Council of Europe
Which employer did Helmuth Nyborg work for right after University of Oxford?,Helmuth Nyborg,University of Oxford,The Rockefeller University
Which employer did Helmuth Nyborg work for right after The Rockefeller University?,Helmuth Nyborg,The Rockefeller University,University of Washington
Which position did Mario Draghi hold right after Governor of the Banca d'Italia?,Mario Draghi,Governor of the Banca d'Italia,President of the European Central Bank
Which position did Mario Draghi hold right after President of the European Central Bank?,Mario Draghi,President of the European Central Bank,Prime Minister of Italy
Who was the chair of Scottish National Party right after John Swinney?,Scottish National Party,John Swinney,Nicola Sturgeon
Which team did Terry Bradbury play for right after Wrexham A.F.C.?,Terry Bradbury,Wrexham A.F.C.,Chester City F.C.
Which team did Terry Bradbury play for right after Chester City F.C.?,Terry Bradbury,Chester City F.C.,Weymouth F.C.
Who was the chair of International Bobsleigh and Skeleton Federation right after Amilcare Rotta?,International Bobsleigh and Skeleton Federation,Amilcare Rotta,Klaus Kotter
Who was the chair of International Bobsleigh and Skeleton Federation right after Klaus Kotter?,International Bobsleigh and Skeleton Federation,Klaus Kotter,Robert H. Storey
Which employer did Susan R. Fussell work for right after Carnegie Mellon University?,Susan R. Fussell,Carnegie Mellon University,Cornell University
Which team did Craig McKeown play for right after Berwick Rangers F.C.?,Craig McKeown,Berwick Rangers F.C.,Clyde F.C.
Which team did Craig McKeown play for right after Stirling Albion F.C.?,Craig McKeown,Stirling Albion F.C.,Brora Rangers F.C.
Which team did Alhassan Nuhu play for right after Real Sportive?,Alhassan Nuhu,Real Sportive,New Edubiase United
Which team did Alhassan Nuhu play for right after New Edubiase United?,Alhassan Nuhu,New Edubiase United,FC Sheriff Tiraspol
Which employer did Susan B. Sinnott work for right after University of Kentucky?,Susan B. Sinnott,University of Kentucky,University of Florida
Which employer did Vincent Ostrom work for right after University of Wyoming?,Vincent Ostrom,University of Wyoming,University of Oregon
"Which employer did Vincent Ostrom work for right after University of California, Los Angeles?",Vincent Ostrom,"University of California, Los Angeles",Indiana University Bloomington
Which team did Daniele Delli Carri play for right after S.S.D. Lucchese 1905?,Daniele Delli Carri,S.S.D. Lucchese 1905,Italy national under-21 football team
Which team did Daniele Delli Carri play for right after Genoa CFC?,Daniele Delli Carri,Genoa CFC,Piacenza Calcio
Which team did Daniele Delli Carri play for right after ACF Fiorentina?,Daniele Delli Carri,ACF Fiorentina,Delfino Pescara 1936
Which team did Daniele Delli Carri play for right after Delfino Pescara 1936?,Daniele Delli Carri,Delfino Pescara 1936,Calcio Foggia 1920
Where was Walter Ledermann educated right after Köllnisches Gymnasium?,Walter Ledermann,Köllnisches Gymnasium,Frederick William University
Where was Walter Ledermann educated right after Frederick William University?,Walter Ledermann,Frederick William University,University of St Andrews
Who was the head of Mühldorf am Inn right after Günther Knoblauch?,Mühldorf am Inn,Günther Knoblauch,Marianne Zollner
Who was the head of Mühldorf am Inn right after Marianne Zollner?,Mühldorf am Inn,Marianne Zollner,Michael Hetzl
Which employer did Annechien Steenhuizen work for right after RTL Nieuws?,Annechien Steenhuizen,RTL Nieuws,RTV Utrecht
Which employer did Annechien Steenhuizen work for right after RTV Utrecht?,Annechien Steenhuizen,RTV Utrecht,Nederlandse Omroep Stichting
Which team did Moaz El-Henawy play for right after Al Masry SC?,Moaz El-Henawy,Al Masry SC,El Makasa
Which employer did Petrus Camper work for right after University of Franeker?,Petrus Camper,University of Franeker,Athenaeum Illustre of Amsterdam
Which team did Clarence Seedorf play for right after Real Madrid CF?,Clarence Seedorf,Real Madrid CF,FC Inter Milan
Which team did Clarence Seedorf play for right after Associazione Calcio Milan?,Clarence Seedorf,Associazione Calcio Milan,Botafogo F.R.
Which employer did Sydney Chapman work for right after Royal Observatory?,Sydney Chapman,Royal Observatory,University of Cambridge
Which employer did Sydney Chapman work for right after Victoria University of Manchester?,Sydney Chapman,Victoria University of Manchester,Imperial College London
Which employer did Sydney Chapman work for right after Imperial College London?,Sydney Chapman,Imperial College London,University of Oxford
Which team did Naim Kryeziu play for right after KF Tirana?,Naim Kryeziu,KF Tirana,A.S. Roma
Which team did Naim Kryeziu play for right after A.S. Roma?,Naim Kryeziu,A.S. Roma,S.S.C. Napoli
Which team did Naim Kryeziu play for right after S.S.C. Napoli?,Naim Kryeziu,S.S.C. Napoli,F.C. Turris 1944 A.S.D.
Who was the chair of Security Service of Ukraine right after Nikolai Golushko?,Security Service of Ukraine,Nikolai Golushko,Yevhen Marchuk
Who was the chair of Security Service of Ukraine right after Yevhen Marchuk?,Security Service of Ukraine,Yevhen Marchuk,Wałerij Malikow
Who was the chair of Security Service of Ukraine right after Wałerij Malikow?,Security Service of Ukraine,Wałerij Malikow,Volodymyr Radchenko
Who was the chair of Security Service of Ukraine right after Volodymyr Radchenko?,Security Service of Ukraine,Volodymyr Radchenko,Leonid Derkach
Who was the chair of Security Service of Ukraine right after Leonid Derkach?,Security Service of Ukraine,Leonid Derkach,Ihor Smeshko
Who was the chair of Security Service of Ukraine right after Ihor Smeshko?,Security Service of Ukraine,Ihor Smeshko,Oleksandr Turchynov
Who was the chair of Security Service of Ukraine right after Oleksandr Turchynov?,Security Service of Ukraine,Oleksandr Turchynov,Ihor Drizhchany
Who was the chair of Security Service of Ukraine right after Ihor Drizhchany?,Security Service of Ukraine,Ihor Drizhchany,Valentyn Nalyvaichenko
Who was the chair of Security Service of Ukraine right after Valeriy Khoroshkovskyi?,Security Service of Ukraine,Valeriy Khoroshkovskyi,Igor Kalinin
Who was the chair of Security Service of Ukraine right after Igor Kalinin?,Security Service of Ukraine,Igor Kalinin,Oleksandr Yakymenko
Who was the chair of Security Service of Ukraine right after Oleksandr Yakymenko?,Security Service of Ukraine,Oleksandr Yakymenko,Vasyl Hrytsak
Which team did Fernando Martín Carreras play for right after Pego CF?,Fernando Martín Carreras,Pego CF,CD Eldense
Which team did Fernando Martín Carreras play for right after Benidorm CF?,Fernando Martín Carreras,Benidorm CF,Cultural y Deportiva Leonesa
Which team did Fernando Martín Carreras play for right after Cultural y Deportiva Leonesa?,Fernando Martín Carreras,Cultural y Deportiva Leonesa,CD Alcoyano
Which team did Fernando Martín Carreras play for right after FC Cartagena?,Fernando Martín Carreras,FC Cartagena,Ontinyent CF
Which team did Fernando Martín Carreras play for right after Ontinyent CF?,Fernando Martín Carreras,Ontinyent CF,CF La Nucía
Which team did Fernando Martín Carreras play for right after CF La Nucía?,Fernando Martín Carreras,CF La Nucía,Paterna CF
Who was the head of Hadsel right after Kjell-Børge Freiberg?,Hadsel,Kjell-Børge Freiberg,Siv Dagny Aasvik
Who was the head of Hadsel right after Siv Dagny Aasvik?,Hadsel,Siv Dagny Aasvik,Kurt Jenssen
Who was the head of Hadsel right after Kurt Jenssen?,Hadsel,Kurt Jenssen,Aina Johanne Nilsen
"Which position did Sir Herbert Williams, 1st Baronet hold right after Member of the 34th Parliament of the United Kingdom?","Sir Herbert Williams, 1st Baronet",Member of the 34th Parliament of the United Kingdom,Member of the 36th Parliament of the United Kingdom
"Which position did Sir Herbert Williams, 1st Baronet hold right after Member of the 37th Parliament of the United Kingdom?","Sir Herbert Williams, 1st Baronet",Member of the 37th Parliament of the United Kingdom,Member of the 39th Parliament of the United Kingdom
"Which position did Sir Herbert Williams, 1st Baronet hold right after Member of the 39th Parliament of the United Kingdom?","Sir Herbert Williams, 1st Baronet",Member of the 39th Parliament of the United Kingdom,Member of the 40th Parliament of the United Kingdom
Who was the chair of Young Socialists in the SPD right after Niels Annen?,Young Socialists in the SPD,Niels Annen,Sascha Vogt
Who was the head of Canada right after William Lyon Mackenzie King?,Canada,William Lyon Mackenzie King,Stephen Harper
Who was the head of Canada right after Stephen Harper?,Canada,Stephen Harper,Justin Trudeau
Where was Chris Hadfield educated right after Royal Military College of Canada?,Chris Hadfield,Royal Military College of Canada,University of Waterloo
Where was Chris Hadfield educated right after University of Waterloo?,Chris Hadfield,University of Waterloo,University of Tennessee Space Institute
Which position did Saville Garner hold right after Principal Private Secretary to the Secretary of State for the Dominions?,Saville Garner,Principal Private Secretary to the Secretary of State for the Dominions,High Commissioner of the United Kingdom to Canada
Which position did Saville Garner hold right after High Commissioner of the United Kingdom to Canada?,Saville Garner,High Commissioner of the United Kingdom to Canada,Permanent Under-Secretary for Commonwealth Relations
Which position did Saville Garner hold right after Permanent Under-Secretary for Commonwealth Relations?,Saville Garner,Permanent Under-Secretary for Commonwealth Relations,Member of the House of Lords
Who was the head of state of Kosovo right after Fatmir Sejdiu?,Kosovo,Fatmir Sejdiu,Behgjet Pacolli
Who was the head coach of the team Degerfors IF right after Sven-Göran Eriksson?,Degerfors IF,Sven-Göran Eriksson,Patrik Werner
Who was the head coach of the team Degerfors IF right after Patrik Werner?,Degerfors IF,Patrik Werner,Tobias Solberg
Which team did David Casasnovas play for right after SR Delémont?,David Casasnovas,SR Delémont,FC La Chaux-de-Fonds
Which team did David Casasnovas play for right after FC La Chaux-de-Fonds?,David Casasnovas,FC La Chaux-de-Fonds,FC Biel-Bienne
Which team did Robin de Kruijf play for right after HCC/net Martinus Amstelveen?,Robin de Kruijf,HCC/net Martinus Amstelveen,TVC Amstelveen
Which team did Robin de Kruijf play for right after River Volley Piacenza?,Robin de Kruijf,River Volley Piacenza,VakıfBank SK
Which team did Miloslav Penner play for right after FC Slovácká Slavia Uherské Hradiště?,Miloslav Penner,FC Slovácká Slavia Uherské Hradiště,MFK Karviná
Which team did Miloslav Penner play for right after MFK Karviná?,Miloslav Penner,MFK Karviná,SK Dynamo České Budějovice
Which team did Miloslav Penner play for right after SK Dynamo České Budějovice?,Miloslav Penner,SK Dynamo České Budějovice,1. FK Příbram
Which team did Miloslav Penner play for right after 1. FK Příbram?,Miloslav Penner,1. FK Příbram,FC Fastav Zlín
Who was the head of Region Zealand right after Jens Stenbæk?,Region Zealand,Jens Stenbæk,Heino Knudsen
Which team did József Gelei play for right after Vasas SC?,József Gelei,Vasas SC,FC Tatabánya
Where was Albert Caquot educated right after École polytechnique?,Albert Caquot,École polytechnique,École des Ponts ParisTech
Which team did David Bory play for right after Castres Olympique?,David Bory,Castres Olympique,Bath Rugby
Which position did Kojo Appiah-Kubi hold right after Member of the 5th Parliament of the 4th Republic of Ghana?,Kojo Appiah-Kubi,Member of the 5th Parliament of the 4th Republic of Ghana,Member of the 6th Parliament of the 4th Republic of Ghana
Which position did Kojo Appiah-Kubi hold right after Member of the 6th Parliament of the 4th Republic of Ghana?,Kojo Appiah-Kubi,Member of the 6th Parliament of the 4th Republic of Ghana,Member of the 7th Parliament of the 4th Republic of Ghana
Which team did Mustafa Peštalić play for right after FK Lokomotiva Brčko?,Mustafa Peštalić,FK Lokomotiva Brčko,F.K. Vojvodina
Which team did Mustafa Peštalić play for right after F.K. Vojvodina?,Mustafa Peštalić,F.K. Vojvodina,FK Spartak Zlatibor Voda
Which team did Mustafa Peštalić play for right after FK Spartak Zlatibor Voda?,Mustafa Peštalić,FK Spartak Zlatibor Voda,HNK Šibenik
Which team did Mustafa Peštalić play for right after HNK Šibenik?,Mustafa Peštalić,HNK Šibenik,FK Sloboda Tuzla
Which team did Mustafa Peštalić play for right after FK Sloboda Tuzla?,Mustafa Peštalić,FK Sloboda Tuzla,FK Velež Mostar
Which team did Mustafa Peštalić play for right after FK Velež Mostar?,Mustafa Peštalić,FK Velež Mostar,C.F. Estrela da Amadora
Which team did Mustafa Peštalić play for right after C.F. Estrela da Amadora?,Mustafa Peštalić,C.F. Estrela da Amadora,S.C. Campomaiorense
Which team did Mustafa Peštalić play for right after C.F. União de Lamas?,Mustafa Peštalić,C.F. União de Lamas,A.D. Camacha
Which team did Mustafa Peštalić play for right after A.D. Camacha?,Mustafa Peštalić,A.D. Camacha,Sing Tao SC
Which team did Mick Morris play for right after Oxford United F.C.?,Mick Morris,Oxford United F.C.,Port Vale F.C.
Which team did Mick Morris play for right after Port Vale F.C.?,Mick Morris,Port Vale F.C.,Stafford Rangers F.C.
Which political party did Masir Kujat belong to right after Parti Rakyat Sarawak?,Masir Kujat,Parti Rakyat Sarawak,Sarawak United Party
Which position did George Jones hold right after Member of the 31st Parliament of the United Kingdom?,George Jones,Member of the 31st Parliament of the United Kingdom,Member of the 32nd Parliament of the United Kingdom
Which position did George Jones hold right after Member of the 34th Parliament of the United Kingdom?,George Jones,Member of the 34th Parliament of the United Kingdom,Member of the 35th Parliament of the United Kingdom
Who was the chair of Sweden Democrats right after Leif Zeilon?,Sweden Democrats,Leif Zeilon,Anders Klarström
Which employer did Sofie Carsten Nielsen work for right after European Parliament?,Sofie Carsten Nielsen,European Parliament,"Danish Ministry of Children, Gender Equality, Integration and Social Affairs"
"Which position did Leonard Lyell, 1st Baron Lyell hold right after Member of the 25th Parliament of the United Kingdom?","Leonard Lyell, 1st Baron Lyell",Member of the 25th Parliament of the United Kingdom,Member of the 26th Parliament of the United Kingdom
Which political party did Rosemarie Hein belong to right after The Left Party.PDS?,Rosemarie Hein,The Left Party.PDS,The Left
Who was the head of Free Hanseatic City of Bremen right after Johannes Schroers?,Free Hanseatic City of Bremen,Johannes Schroers,Erich Vagts
Who was the head of Free Hanseatic City of Bremen right after Erich Vagts?,Free Hanseatic City of Bremen,Erich Vagts,Wilhelm Kaisen
Who was the head of Free Hanseatic City of Bremen right after Wilhelm Kaisen?,Free Hanseatic City of Bremen,Wilhelm Kaisen,Willi Dehnkamp
Who was the head of Free Hanseatic City of Bremen right after Klaus Wedemeier?,Free Hanseatic City of Bremen,Klaus Wedemeier,Henning Scherf
Who was the head of Free Hanseatic City of Bremen right after Jens Böhrnsen?,Free Hanseatic City of Bremen,Jens Böhrnsen,Carsten Sieling
Who was the head of Free Hanseatic City of Bremen right after Carsten Sieling?,Free Hanseatic City of Bremen,Carsten Sieling,Andreas Bovenschulte
Which team did Cyril Granon play for right after F.C. Lorient?,Cyril Granon,F.C. Lorient,FC Mulhouse
Which team did Cyril Granon play for right after Racing Club de Ferrol?,Cyril Granon,Racing Club de Ferrol,AS Aix-en-Provence
Which employer did Laurent Schwartz work for right after Grenoble Alpes University?,Laurent Schwartz,Grenoble Alpes University,Université de Nancy
Which employer did Laurent Schwartz work for right after Université de Nancy?,Laurent Schwartz,Université de Nancy,University of Paris
Which employer did Laurent Schwartz work for right after University of Paris?,Laurent Schwartz,University of Paris,École polytechnique
Which employer did Laurent Schwartz work for right after École polytechnique?,Laurent Schwartz,École polytechnique,Paris Diderot University
Which team did Ian Gardiner play for right after East Fife F.C.?,Ian Gardiner,East Fife F.C.,St Johnstone F.C.
"Which position did Sir John Arbuthnot, 1st Baronet hold right after Member of the 39th Parliament of the United Kingdom?","Sir John Arbuthnot, 1st Baronet",Member of the 39th Parliament of the United Kingdom,Member of the 40th Parliament of the United Kingdom
"Which position did John Colville, 1st Baron Clydesmuir hold right after Member of the 35th Parliament of the United Kingdom?","John Colville, 1st Baron Clydesmuir",Member of the 35th Parliament of the United Kingdom,Member of the 36th Parliament of the United Kingdom
"Which position did John Colville, 1st Baron Clydesmuir hold right after Member of the 36th Parliament of the United Kingdom?","John Colville, 1st Baron Clydesmuir",Member of the 36th Parliament of the United Kingdom,Member of the 37th Parliament of the United Kingdom
"Which position did John Colville, 1st Baron Clydesmuir hold right after Financial Secretary to the Treasury?","John Colville, 1st Baron Clydesmuir",Financial Secretary to the Treasury,Secretary of State for Scotland
Which position did Stanley McMaster hold right after Member of the 41st Parliament of the United Kingdom?,Stanley McMaster,Member of the 41st Parliament of the United Kingdom,Member of the 42nd Parliament of the United Kingdom
Which position did Stanley McMaster hold right after Member of the 42nd Parliament of the United Kingdom?,Stanley McMaster,Member of the 42nd Parliament of the United Kingdom,Member of the 43rd Parliament of the United Kingdom
Which position did Stanley McMaster hold right after Member of the 43rd Parliament of the United Kingdom?,Stanley McMaster,Member of the 43rd Parliament of the United Kingdom,Member of the 44th Parliament of the United Kingdom
Which position did Stanley McMaster hold right after Member of the 44th Parliament of the United Kingdom?,Stanley McMaster,Member of the 44th Parliament of the United Kingdom,Member of the 45th Parliament of the United Kingdom
Which position did Dietmar Keller hold right after minister?,Dietmar Keller,minister,member of the Volkskammer
Which employer did Philipp August Böckh work for right after Evangelisches Gymnasium zum Grauen Kloster?,Philipp August Böckh,Evangelisches Gymnasium zum Grauen Kloster,Heidelberg University
Which employer did Philipp August Böckh work for right after Heidelberg University?,Philipp August Böckh,Heidelberg University,University of Berlin
Which employer did Dirk Helbing work for right after TU Dresden?,Dirk Helbing,TU Dresden,ETH Zürich
Which team did Mikaël Cantave play for right after Lorca FC B?,Mikaël Cantave,Lorca FC B,Deportivo Rayo Cantabria
Which team did Mikaël Cantave play for right after Deportivo Rayo Cantabria?,Mikaël Cantave,Deportivo Rayo Cantabria,CD Tropezón
Which team did Mikaël Cantave play for right after CD Tropezón?,Mikaël Cantave,CD Tropezón,CD Lealtad
Which team did Mikaël Cantave play for right after CD Talamanca?,Mikaël Cantave,CD Talamanca,CD Villarrobledo
Which team did Alyaksey Belavusaw play for right after FC Dinamo-Juni Minsk?,Alyaksey Belavusaw,FC Dinamo-Juni Minsk,FC Dinamo Minsk
Which team did Alyaksey Belavusaw play for right after FC Dinamo Minsk?,Alyaksey Belavusaw,FC Dinamo Minsk,FC Shakhtyor Salihorsk
Which employer did Franz Baader work for right after University of Erlangen-Nuremberg?,Franz Baader,University of Erlangen-Nuremberg,German Research Center for Artificial Intelligence
Which employer did Franz Baader work for right after RWTH Aachen University?,Franz Baader,RWTH Aachen University,TU Dresden
"Which position did Sir Love Jones-Parry, 1st Baronet hold right after Member of the 20th Parliament of the United Kingdom?","Sir Love Jones-Parry, 1st Baronet",Member of the 20th Parliament of the United Kingdom,Member of the 22nd Parliament of the United Kingdom
"Which position did Sir Love Jones-Parry, 1st Baronet hold right after Member of the 22nd Parliament of the United Kingdom?","Sir Love Jones-Parry, 1st Baronet",Member of the 22nd Parliament of the United Kingdom,Member of the 23rd Parliament of the United Kingdom
Which position did Edward Stanley hold right after Member of the 22nd Parliament of the United Kingdom?,Edward Stanley,Member of the 22nd Parliament of the United Kingdom,Member of the 23rd Parliament of the United Kingdom
Which position did Edward Stanley hold right after Member of the 23rd Parliament of the United Kingdom?,Edward Stanley,Member of the 23rd Parliament of the United Kingdom,Member of the 24th Parliament of the United Kingdom
Which position did Edward Stanley hold right after Member of the 24th Parliament of the United Kingdom?,Edward Stanley,Member of the 24th Parliament of the United Kingdom,Member of the 25th Parliament of the United Kingdom
Which position did Edward Stanley hold right after Member of the 26th Parliament of the United Kingdom?,Edward Stanley,Member of the 26th Parliament of the United Kingdom,Member of the 27th Parliament of the United Kingdom
Who was the head of Sant Fost de Campsentelles right after Montserrat Sanmarti Pratginestós?,Sant Fost de Campsentelles,Montserrat Sanmarti Pratginestós,Maria José Sánchez i Ortega
Who was the head of Sant Fost de Campsentelles right after Maria José Sánchez i Ortega?,Sant Fost de Campsentelles,Maria José Sánchez i Ortega,Carles Miquel i Ruzafa
Who was the head of Annemasse right after Jean Deffaugt?,Annemasse,Jean Deffaugt,Robert Borrel
Who was the head of Annemasse right after Robert Borrel?,Annemasse,Robert Borrel,special delegation
Which position did Arnold Shaw hold right after Member of the 44th Parliament of the United Kingdom?,Arnold Shaw,Member of the 44th Parliament of the United Kingdom,Member of the 46th Parliament of the United Kingdom
Which team did Manuel Hartmann play for right after TuS Koblenz?,Manuel Hartmann,TuS Koblenz,FC Ingolstadt 04
Which team did Steve Jones play for right after Bury F.C.?,Steve Jones,Bury F.C.,Sligo Rovers F.C.
Which team did Steve Jones play for right after AFC Telford United?,Steve Jones,AFC Telford United,Airbus UK Broughton F.C.
Which team did Steve Jones play for right after Airbus UK Broughton F.C.?,Steve Jones,Airbus UK Broughton F.C.,Nantwich Town F.C.
Which team did Onur Kıvrak play for right after Turkey national under-18 football team?,Onur Kıvrak,Turkey national under-18 football team,Turkey national under-19 football team
Who was the head coach of the team TSG 1899 Hoffenheim right after Julian Nagelsmann?,TSG 1899 Hoffenheim,Julian Nagelsmann,Alfred Schreuder
Who was the head coach of the team TSG 1899 Hoffenheim right after Sebastian Hoeneß?,TSG 1899 Hoffenheim,Sebastian Hoeneß,André Breitenreiter
Which employer did David Gilbarg work for right after Indiana University Bloomington?,David Gilbarg,Indiana University Bloomington,Stanford University
Which team did Quintin Mikell play for right after Philadelphia Eagles?,Quintin Mikell,Philadelphia Eagles,Los Angeles Rams
Which team did Quintin Mikell play for right after Los Angeles Rams?,Quintin Mikell,Los Angeles Rams,Carolina Panthers
Which employer did Leonid Kantorovich work for right after Military Engineering-Technical University?,Leonid Kantorovich,Military Engineering-Technical University,Novosibirsk State University
Which position did Michael Shersby hold right after Member of the 49th Parliament of the United Kingdom?,Michael Shersby,Member of the 49th Parliament of the United Kingdom,Member of the 50th Parliament of the United Kingdom
Which position did Michael Shersby hold right after Member of the 50th Parliament of the United Kingdom?,Michael Shersby,Member of the 50th Parliament of the United Kingdom,Member of the 51st Parliament of the United Kingdom
Which position did Donald Stewart hold right after Member of the 45th Parliament of the United Kingdom?,Donald Stewart,Member of the 45th Parliament of the United Kingdom,Member of the 46th Parliament of the United Kingdom
Which position did Donald Stewart hold right after Member of the 46th Parliament of the United Kingdom?,Donald Stewart,Member of the 46th Parliament of the United Kingdom,Member of the 47th Parliament of the United Kingdom
Which position did Donald Stewart hold right after Member of the 47th Parliament of the United Kingdom?,Donald Stewart,Member of the 47th Parliament of the United Kingdom,Member of the 48th Parliament of the United Kingdom
Which position did Donald Stewart hold right after Member of the 48th Parliament of the United Kingdom?,Donald Stewart,Member of the 48th Parliament of the United Kingdom,Member of the 49th Parliament of the United Kingdom
Who was the head coach of the team CSM Reșița right after Alexandru Pelici?,CSM Reșița,Alexandru Pelici,Alin Minteuan
Who was the head coach of the team CSM Reșița right after Adrian Falub?,CSM Reșița,Adrian Falub,Dan Alexa
Which employer did Lyman Spitzer work for right after Harvard University?,Lyman Spitzer,Harvard University,Yale University
Who was the head coach of the team Olympique Lyonnais right after Sylvinho?,Olympique Lyonnais,Sylvinho,Rudi Garcia
Who was the head coach of the team Olympique Lyonnais right after Rudi Garcia?,Olympique Lyonnais,Rudi Garcia,Peter Bosz
Who was the owner of USS Abatan right after United States Maritime Administration?,USS Abatan,United States Maritime Administration,United States Navy
"Which position did Sir James Bourne, 1st Baronet hold right after Member of the 19th Parliament of the United Kingdom?","Sir James Bourne, 1st Baronet",Member of the 19th Parliament of the United Kingdom,Member of the 20th Parliament of the United Kingdom
Which position did Abukari Sumani hold right after Member of the 3rd Parliament of the 4th Republic of Ghana?,Abukari Sumani,Member of the 3rd Parliament of the 4th Republic of Ghana,Member of the 4th Parliament of the 4th Republic of Ghana
Which position did Abukari Sumani hold right after Member of the 4th Parliament of the 4th Republic of Ghana?,Abukari Sumani,Member of the 4th Parliament of the 4th Republic of Ghana,Member of the 5th Parliament of the 4th Republic of Ghana
Which team did Mauricio Alfaro play for right after Alianza Fútbol Club?,Mauricio Alfaro,Alianza Fútbol Club,C.D. FAS
Which employer did Arnold Mallis work for right after University of Delaware?,Arnold Mallis,University of Delaware,Gulf Oil
Which employer did Kevin Anderson work for right after United States Military Academy?,Kevin Anderson,United States Military Academy,University of Maryland
Who was the chair of Johns Hopkins University right after Ira Remsen?,Johns Hopkins University,Ira Remsen,Frank Johnson Goodnow
Who was the chair of Johns Hopkins University right after Isaiah Bowman?,Johns Hopkins University,Isaiah Bowman,Detlev Bronk
Who was the chair of Johns Hopkins University right after Detlev Bronk?,Johns Hopkins University,Detlev Bronk,Lowell Reed
Who was the chair of Johns Hopkins University right after Milton Stover Eisenhower?,Johns Hopkins University,Milton Stover Eisenhower,Lincoln Gordon
Who was the chair of Johns Hopkins University right after Lincoln Gordon?,Johns Hopkins University,Lincoln Gordon,Steven Muller
Who was the chair of Johns Hopkins University right after Steven Muller?,Johns Hopkins University,Steven Muller,William C. Richardson
Who was the chair of Johns Hopkins University right after William C. Richardson?,Johns Hopkins University,William C. Richardson,Daniel Nathans
Who was the chair of Johns Hopkins University right after Daniel Nathans?,Johns Hopkins University,Daniel Nathans,William Ralph Brody
Who was the chair of Johns Hopkins University right after William Ralph Brody?,Johns Hopkins University,William Ralph Brody,Ronald J. Daniels
"Which position did Maxime Bernier hold right after Minister of Innovation, Science and Industry?",Maxime Bernier,"Minister of Innovation, Science and Industry",Minister of Foreign Affairs of Canada
Which position did Maxime Bernier hold right after Minister of Foreign Affairs of Canada?,Maxime Bernier,Minister of Foreign Affairs of Canada,Minister of Small Business and Tourism
Which position did Ilir Meta hold right after Prime Minister of Albania?,Ilir Meta,Prime Minister of Albania,Minister of Foreign Affairs
Which position did Ilir Meta hold right after Speaker of the Parliament of Albania?,Ilir Meta,Speaker of the Parliament of Albania,President of Albania
Which team did José Eloy Jiménez Moreno play for right after CE L'Hospitalet?,José Eloy Jiménez Moreno,CE L'Hospitalet,Levante UD
Which team did José Eloy Jiménez Moreno play for right after Levante UD?,José Eloy Jiménez Moreno,Levante UD,Elche CF
Which team did José Eloy Jiménez Moreno play for right after Unión Deportiva Las Palmas?,José Eloy Jiménez Moreno,Unión Deportiva Las Palmas,Córdoba CF
Which team did José Eloy Jiménez Moreno play for right after Córdoba CF?,José Eloy Jiménez Moreno,Córdoba CF,CD Castellón
Which employer did Wong He work for right after Commercial Radio Hong Kong?,Wong He,Commercial Radio Hong Kong,Television Broadcasts Limited
Which employer did Wong He work for right after Television Broadcasts Limited?,Wong He,Television Broadcasts Limited,Now TV
Which team did Domenico Maggiora play for right after A.S. Roma?,Domenico Maggiora,A.S. Roma,U.C. Sampdoria
Which team did Domenico Maggiora play for right after U.C. Sampdoria?,Domenico Maggiora,U.C. Sampdoria,Cagliari Calcio
Which team did Domenico Maggiora play for right after Cagliari Calcio?,Domenico Maggiora,Cagliari Calcio,Calcio Catania
Who was the head of state of German Democratic Republic right after Wilhelm Pieck?,German Democratic Republic,Wilhelm Pieck,Walter Ulbricht
Who was the head of state of German Democratic Republic right after Walter Ulbricht?,German Democratic Republic,Walter Ulbricht,Willi Stoph
Who was the head of state of German Democratic Republic right after Manfred Gerlach?,German Democratic Republic,Manfred Gerlach,Sabine Bergmann-Pohl
Which employer did Maximilian Herzberger work for right after Leitz?,Maximilian Herzberger,Leitz,Carl Zeiss AG
Which employer did Maximilian Herzberger work for right after Eastman Kodak?,Maximilian Herzberger,Eastman Kodak,ETH Zürich
Which employer did Maximilian Herzberger work for right after ETH Zürich?,Maximilian Herzberger,ETH Zürich,University of New Orleans
Which position did Bonar Law hold right after Member of the 27th Parliament of the United Kingdom?,Bonar Law,Member of the 27th Parliament of the United Kingdom,Member of the 28th Parliament of the United Kingdom
Which position did Bonar Law hold right after Member of the 29th Parliament of the United Kingdom?,Bonar Law,Member of the 29th Parliament of the United Kingdom,Leader of the Conservative Party
Which employer did James Rodger Fleming work for right after Princeton University?,James Rodger Fleming,Princeton University,American Meteorological Society
Which employer did James Rodger Fleming work for right after American Meteorological Society?,James Rodger Fleming,American Meteorological Society,Colby College
Which position did Jackie Baillie hold right after Minister for Social Justice?,Jackie Baillie,Minister for Social Justice,Member of the 2nd Scottish Parliament
Which position did Jackie Baillie hold right after Member of the 2nd Scottish Parliament?,Jackie Baillie,Member of the 2nd Scottish Parliament,Member of the 3rd Scottish Parliament
Which position did Jackie Baillie hold right after Leader of the Opposition (Scotland)?,Jackie Baillie,Leader of the Opposition (Scotland),Member of the 5th Scottish Parliament
Which position did Jackie Baillie hold right after Member of the 5th Scottish Parliament?,Jackie Baillie,Member of the 5th Scottish Parliament,Member of the 6th Scottish Parliament
Which team did Brayan Perea play for right after Deportivo Cali?,Brayan Perea,Deportivo Cali,Colombia U20 soccer team
Which team did Brayan Perea play for right after Colombia U20 soccer team?,Brayan Perea,Colombia U20 soccer team,A.C. Perugia Calcio
Which team did Brayan Perea play for right after A.C. Perugia Calcio?,Brayan Perea,A.C. Perugia Calcio,ES Troyes AC
Who was the head coach of the team Club Brugge K.V. right after Philippe Clement?,Club Brugge K.V.,Philippe Clement,Alfred Schreuder
Which position did Vito Lattanzio hold right after Italian Minister of Transports?,Vito Lattanzio,Italian Minister of Transports,member of the Chamber of Deputies of the Italian Republic
Who was the chair of Liga Veneta Repubblica right after Mariangelo Foggiato?,Liga Veneta Repubblica,Mariangelo Foggiato,Donato Manfroi
Who was the chair of Liga Veneta Repubblica right after Donato Manfroi?,Liga Veneta Repubblica,Donato Manfroi,Fabrizio Comencini
Who was the chair of Liga Veneta Repubblica right after Fabrizio Comencini?,Liga Veneta Repubblica,Fabrizio Comencini,Alessio Morosin
Who was the chair of Liga Veneta Repubblica right after Alessio Morosin?,Liga Veneta Repubblica,Alessio Morosin,Gian Pietro Piotto
Which position did Jan Kappeyne van de Coppello hold right after municipal councillor of The Hague?,Jan Kappeyne van de Coppello,municipal councillor of The Hague,member of the House of Representatives of the Netherlands
Which employer did Mitchell Feigenbaum work for right after Virginia Tech?,Mitchell Feigenbaum,Virginia Tech,The Rockefeller University
Where was Caroline Aigle educated right after Lycée militaire de Saint-Cyr?,Caroline Aigle,Lycée militaire de Saint-Cyr,Prytanée National Militaire
Where was Caroline Aigle educated right after École polytechnique?,Caroline Aigle,École polytechnique,School of the Air
Who was the head of People's Republic of China right after Zhou Enlai?,People's Republic of China,Zhou Enlai,Hua Guofeng
Who was the head of People's Republic of China right after Li Peng?,People's Republic of China,Li Peng,Zhu Rongji
Who was the head of People's Republic of China right after Zhu Rongji?,People's Republic of China,Zhu Rongji,Wen Jiabao
Who was the head of People's Republic of China right after Wen Jiabao?,People's Republic of China,Wen Jiabao,Li Keqiang
Who was the head of Stevns Municipality right after Poul Arne Nielsen?,Stevns Municipality,Poul Arne Nielsen,Mogens Haugaard Nielsen
Who was the head of Stevns Municipality right after Mogens Haugaard Nielsen?,Stevns Municipality,Mogens Haugaard Nielsen,Anette Mortensen
Which position did Stavros Kostopoulos hold right after Minister of Supplies?,Stavros Kostopoulos,Minister of Supplies,Minister of Coordination of Greece
Which position did Stavros Kostopoulos hold right after Minister of Coordination of Greece?,Stavros Kostopoulos,Minister of Coordination of Greece,Minister of Commercial Marine of Greece
Which position did Stavros Kostopoulos hold right after Minister without portfolio of Greece?,Stavros Kostopoulos,Minister without portfolio of Greece,Minister of Economy of Greece
Which position did Stavros Kostopoulos hold right after Minister of Economy of Greece?,Stavros Kostopoulos,Minister of Economy of Greece,Greek Minister of the Interior
Which position did Stavros Kostopoulos hold right after Greek Minister of the Interior?,Stavros Kostopoulos,Greek Minister of the Interior,Minister for Foreign Affairs of Greece
Where was Stefan Bergman educated right after University of Vienna?,Stefan Bergman,University of Vienna,Frederick William University
"Which employer did Michael Purugganan work for right after University of California, San Diego?",Michael Purugganan,"University of California, San Diego",North Carolina State University
Which employer did Michael Purugganan work for right after North Carolina State University?,Michael Purugganan,North Carolina State University,New York University
Which team did Aimé Lavie play for right after FC Sète?,Aimé Lavie,FC Sète,AS Cannes
Who was the chair of Fédération Internationale de l'Automobile right after Étienne van Zuylen van Nyevelt?,Fédération Internationale de l'Automobile,Étienne van Zuylen van Nyevelt,Robert de Vogüé
Who was the chair of Fédération Internationale de l'Automobile right after Robert de Vogüé?,Fédération Internationale de l'Automobile,Robert de Vogüé,Jehan de Rohan-Chabot
Who was the chair of Fédération Internationale de l'Automobile right after Amaury de Mérode?,Fédération Internationale de l'Automobile,Amaury de Mérode,Paul de Metternich-Winneburg
Who was the chair of Fédération Internationale de l'Automobile right after Jean Todt?,Fédération Internationale de l'Automobile,Jean Todt,Mohammed bin Sulayem
Who was the chair of Synaspismós right after Maria Damanaki?,Synaspismós,Maria Damanaki,Nikos Konstantopoulos
Who was the chair of Synaspismós right after Nikos Konstantopoulos?,Synaspismós,Nikos Konstantopoulos,Alekos Alavanos
Who was the chair of American Alliance of Museums right after Hermon Carey Bumpus?,American Alliance of Museums,Hermon Carey Bumpus,William Jacob Holland
Who was the head of Dortmund right after Günter Samtlebe?,Dortmund,Günter Samtlebe,Gerhard Langemeyer
Who was the head of Dortmund right after Gerhard Langemeyer?,Dortmund,Gerhard Langemeyer,Ullrich Sierau
Who was the head of Dortmund right after Ullrich Sierau?,Dortmund,Ullrich Sierau,Thomas Westphal
Which employer did Lee Anna Clark work for right after Southern Methodist University?,Lee Anna Clark,Southern Methodist University,University of Iowa
Which position did Mike Hedges hold right after Member of the 4th National Assembly for Wales?,Mike Hedges,Member of the 4th National Assembly for Wales,Member of the 5th National Assembly for Wales
Which position did George Higginson Allsopp hold right after Member of the 23rd Parliament of the United Kingdom?,George Higginson Allsopp,Member of the 23rd Parliament of the United Kingdom,Member of the 24th Parliament of the United Kingdom
Which position did George Higginson Allsopp hold right after Member of the 25th Parliament of the United Kingdom?,George Higginson Allsopp,Member of the 25th Parliament of the United Kingdom,Member of the 26th Parliament of the United Kingdom
Which position did George Higginson Allsopp hold right after Member of the 26th Parliament of the United Kingdom?,George Higginson Allsopp,Member of the 26th Parliament of the United Kingdom,Member of the 27th Parliament of the United Kingdom
Which employer did Rebecca Hankins work for right after University of Arizona?,Rebecca Hankins,University of Arizona,Texas A&M University
Which employer did Manuel García Velarde work for right after Université libre de Bruxelles?,Manuel García Velarde,Université libre de Bruxelles,University of Texas at Austin
Which team did Geoffrey Doumeng play for right after Valenciennes F.C.?,Geoffrey Doumeng,Valenciennes F.C.,R.C. Lens
Who was the chair of PEN International right after John Galsworthy?,PEN International,John Galsworthy,H. G. Wells
Who was the chair of PEN International right after H. G. Wells?,PEN International,H. G. Wells,Jules Romains
Who was the chair of PEN International right after Jules Romains?,PEN International,Jules Romains,Denis Saurat
Who was the chair of PEN International right after Denis Saurat?,PEN International,Denis Saurat,Arthur Miller
Who was the chair of PEN International right after Heinrich Böll?,Heinrich Böll,right after Heinrich Böll,Mario Vargas Llosa
Who was the chair of PEN International right after Iván Boldizsár?,PEN International,Iván Boldizsár,György Konrád
Who was the chair of PEN International right after Homero Aridjis?,PEN International,Homero Aridjis,Jiří Gruša
Who was the chair of PEN International right after John R. Saul?,PEN International,John R. Saul,Jennifer Clement
Which position did Peter Atkinson hold right after Member of the 51st Parliament of the United Kingdom?,Peter Atkinson,Member of the 51st Parliament of the United Kingdom,Member of the 52nd Parliament of the United Kingdom
Which position did Peter Atkinson hold right after Member of the 52nd Parliament of the United Kingdom?,Peter Atkinson,Member of the 52nd Parliament of the United Kingdom,Member of the 53rd Parliament of the United Kingdom
Which team did Birger Madsen play for right after Skeid Fotball?,Birger Madsen,Skeid Fotball,Sandefjord Fotball
Which team did Birger Madsen play for right after Sandefjord Fotball?,Birger Madsen,Sandefjord Fotball,Vålerenga Fotball
Which team did Birger Madsen play for right after Vålerenga Fotball?,Birger Madsen,Vålerenga Fotball,IK Start
Which position did V. D. Satheesan hold right after Member of the 13th Kerala Legislative Assembly?,V. D. Satheesan,Member of the 13th Kerala Legislative Assembly,Member of the 14th Kerala Legislative Assembly
Which employer did Thomas Lengauer work for right after University of Bonn?,Thomas Lengauer,University of Bonn,Saarland University
Who was the head coach of the team Sheffield Wednesday F.C. right after Steve Bruce?,Sheffield Wednesday F.C.,Steve Bruce,Garry Monk
Who was the head coach of the team Sheffield Wednesday F.C. right after Garry Monk?,Sheffield Wednesday F.C.,Garry Monk,Tony Pulis
Who was the head coach of the team Bristol Rovers F.C. right after Darrell Clarke?,Bristol Rovers F.C.,Darrell Clarke,Graham Coughlan
Which team did Valdet Rama play for right after VfL Wolfsburg?,Valdet Rama,VfL Wolfsburg,FC Ingolstadt 04
Which team did Valdet Rama play for right after FC Ingolstadt 04?,Valdet Rama,FC Ingolstadt 04,Hannover 96
Which team did Valdet Rama play for right after Hannover 96?,Valdet Rama,Hannover 96,Örebro SK
Which team did Valdet Rama play for right after Örebro SK?,Valdet Rama,Örebro SK,Real Valladolid
Who was the head of Arnhem right after Job Drijber?,Arnhem,Job Drijber,Pauline Krikke
Which position did Chester Bowles hold right after Governor of Connecticut?,Chester Bowles,Governor of Connecticut,United States representative
Which position did Charles Owen O'Conor hold right after Member of the 20th Parliament of the United Kingdom?,Charles Owen O'Conor,Member of the 20th Parliament of the United Kingdom,Member of the 21st Parliament of the United Kingdom
Which employer did Aarne Üksküla work for right after Vanalinnastuudio?,Aarne Üksküla,Vanalinnastuudio,Estonian Drama Theatre
Which position did Anne-Marie Descôtes hold right after director?,Anne-Marie Descôtes,director,ambassador of France to Germany
Which position did Anne-Marie Descôtes hold right after ambassador of France to Germany?,Anne-Marie Descôtes,ambassador of France to Germany,Permanent secretary of the French Foreign Affairs Ministry
Which employer did John Pople work for right after Carnegie Mellon University?,John Pople,Carnegie Mellon University,Northwestern University
Where was William Michael Herbert Greaves educated right after The Lodge School?,William Michael Herbert Greaves,The Lodge School,Codrington College
Where was William Michael Herbert Greaves educated right after Codrington College?,William Michael Herbert Greaves,Codrington College,St John's College
"Who was the chair of Paris Observatory, PSL University right after Giovanni Domenico Cassini?","Paris Observatory, PSL University",Giovanni Domenico Cassini,Jacques Cassini
"Who was the chair of Paris Observatory, PSL University right after Dominique, comte de Cassini?","Paris Observatory, PSL University","Dominique, comte de Cassini",Michel Combes
"Who was the chair of Paris Observatory, PSL University right after Michel Combes?","Paris Observatory, PSL University",Michel Combes,Daniel Egret
"Who was the chair of Paris Observatory, PSL University right after Daniel Egret?","Paris Observatory, PSL University",Daniel Egret,Claude Catala
Which team did Dave Connell play for right after Shamrock Rovers F.C?,Dave Connell,Shamrock Rovers F.C,Ards F.C.
Which team did Dave Connell play for right after Ards F.C.?,Dave Connell,Ards F.C.,Drogheda United F.C.
Where was Earle Raymond Hedrick educated right after Harvard University?,Earle Raymond Hedrick,Harvard University,University of Göttingen
Which team did Jack Mustard play for right after Queens Park Rangers F.C.?,Jack Mustard,Queens Park Rangers F.C.,South Shields F.C.
Which team did Jack Mustard play for right after South Shields F.C.?,Jack Mustard,South Shields F.C.,Preston North End F.C.
Which team did Willy Scheepers play for right after Lommel United?,Willy Scheepers,Lommel United,Aarhus Gymnastikforening
Which team did Willy Scheepers play for right after Odense Boldklub?,Willy Scheepers,Odense Boldklub,FC Zürich
"Which position did John Hutton, Baron Hutton of Furness hold right after Member of the 53rd Parliament of the United Kingdom?","John Hutton, Baron Hutton of Furness",Member of the 53rd Parliament of the United Kingdom,Member of the 54th Parliament of the United Kingdom
"Which position did John Hutton, Baron Hutton of Furness hold right after Chancellor of the Duchy of Lancaster?","John Hutton, Baron Hutton of Furness",Chancellor of the Duchy of Lancaster,"Secretary of State for Business, Energy and Industrial Strategy"
"Which position did John Hutton, Baron Hutton of Furness hold right after Secretary of State for Business, Energy and Industrial Strategy?","John Hutton, Baron Hutton of Furness","Secretary of State for Business, Energy and Industrial Strategy",Secretary of State for Defence
"Which position did John Hutton, Baron Hutton of Furness hold right after Secretary of State for Defence?","John Hutton, Baron Hutton of Furness",Secretary of State for Defence,Member of the House of Lords
Who was the chair of Salafist Group for Preaching and Combat right after Nabil Sahraoui?,Salafist Group for Preaching and Combat,Nabil Sahraoui,Abdelmalek Droukdel
Which political party did Marcel Ciolacu belong to right after Democratic National Salvation Front?,Marcel Ciolacu,Democratic National Salvation Front,Social Democracy Party of Romania
Which political party did Marcel Ciolacu belong to right after Social Democracy Party of Romania?,Marcel Ciolacu,Social Democracy Party of Romania,Social Democratic Party
Which team did Gary Stevens play for right after Cardiff City F.C.?,Gary Stevens,Cardiff City F.C.,Shrewsbury Town F.C.
Which team did Gary Stevens play for right after Brentford F.C.?,Gary Stevens,Brentford F.C.,Hereford United F.C.
Which team did Gary Stevens play for right after Hereford United F.C.?,Gary Stevens,Hereford United F.C.,Knighton Town F.C.
Which employer did Eugen Loderer work for right after IG Metall Heidenheim?,Eugen Loderer,IG Metall Heidenheim,IG Metall Baden-Württemberg
Which employer did Eugen Loderer work for right after IG Metall Baden-Württemberg?,Eugen Loderer,IG Metall Baden-Württemberg,IG Metall
Which position did Daniel O'Connell hold right after Member of the 10th Parliament of the United Kingdom?,Daniel O'Connell,Member of the 10th Parliament of the United Kingdom,Member of the 11th Parliament of the United Kingdom
Which position did Daniel O'Connell hold right after Member of the 11th Parliament of the United Kingdom?,Daniel O'Connell,Member of the 11th Parliament of the United Kingdom,Member of the 12th Parliament of the United Kingdom
Which position did Daniel O'Connell hold right after Member of the 13th Parliament of the United Kingdom?,Daniel O'Connell,Member of the 13th Parliament of the United Kingdom,Member of the 14th Parliament of the United Kingdom
Which team did Federico Freire play for right after C.A. Vélez Sarsfield?,Federico Freire,C.A. Vélez Sarsfield,Calcio Catania
Which team did Federico Freire play for right after Calcio Catania?,Federico Freire,Calcio Catania,Arsenal de Sarandí
Who was the head coach of the team Toulouse FC right after Alain Casanova?,Toulouse FC,Alain Casanova,Antoine Kombouaré
Who was the head coach of the team Toulouse FC right after Antoine Kombouaré?,Toulouse FC,Antoine Kombouaré,Denis Zanko
Who was the head coach of the team Toulouse FC right after Denis Zanko?,Toulouse FC,Denis Zanko,Patrice Garande
Who was the head coach of the team Toulouse FC right after Patrice Garande?,Toulouse FC,Patrice Garande,Philippe Montanier
Where was Rocc educated right after Faculty of Music of the Janáček Academy of Music and Performing Arts in Brno?,Rocc,Faculty of Music of the Janáček Academy of Music and Performing Arts in Brno,Zurich University of the Arts
Where was Rocc educated right after Zurich University of the Arts?,Rocc,Zurich University of the Arts,Hochschule für Gestaltung Offenbach
Which position did Walter Clegg hold right after Member of the 45th Parliament of the United Kingdom?,Walter Clegg,Member of the 45th Parliament of the United Kingdom,Member of the 46th Parliament of the United Kingdom
Which position did Walter Clegg hold right after Member of the 46th Parliament of the United Kingdom?,Walter Clegg,Member of the 46th Parliament of the United Kingdom,Member of the 47th Parliament of the United Kingdom
Which position did Walter Clegg hold right after Member of the 47th Parliament of the United Kingdom?,Walter Clegg,Member of the 47th Parliament of the United Kingdom,Member of the 48th Parliament of the United Kingdom
Which position did Walter Clegg hold right after Member of the 48th Parliament of the United Kingdom?,Walter Clegg,Member of the 48th Parliament of the United Kingdom,Member of the 49th Parliament of the United Kingdom
Who was the head coach of the team F.C. Ashdod right after Yuval Naim?,F.C. Ashdod,Yuval Naim,Ronny Awat
Who was the head coach of the team F.C. Ashdod right after Ronny Awat?,F.C. Ashdod,Ronny Awat,Ran Ben Shimon
Which employer did Peter Corke work for right after University of Melbourne?,Peter Corke,University of Melbourne,Commonwealth Scientific and Industrial Research Organisation
Which employer did Peter Corke work for right after Commonwealth Scientific and Industrial Research Organisation?,Peter Corke,Commonwealth Scientific and Industrial Research Organisation,Queensland University of Technology
Where was Bill Clinton educated right after Edmund A. Walsh School of Foreign Service?,Bill Clinton,Edmund A. Walsh School of Foreign Service,"University College, Oxford"
"Where was Bill Clinton educated right after University College, Oxford?",Bill Clinton,"University College, Oxford",Yale Law School
Who was the chair of United States Department of State right after Thomas Jefferson?,United States Department of State,Thomas Jefferson,Dean Rusk
Who was the chair of United States Department of State right after Dean Rusk?,United States Department of State,Dean Rusk,William P. Rogers
Who was the chair of United States Department of State right after William P. Rogers?,United States Department of State,William P. Rogers,Henry Kissinger
Who was the chair of United States Department of State right after Henry Kissinger?,United States Department of State,Henry Kissinger,Cyrus Vance
Who was the chair of United States Department of State right after Edmund Muskie?,United States Department of State,Edmund Muskie,Alexander Haig
Who was the chair of United States Department of State right after Alexander Haig?,United States Department of State,Alexander Haig,George P. Shultz
Who was the chair of United States Department of State right after James Baker?,United States Department of State,James Baker,Lawrence Eagleburger
Who was the chair of United States Department of State right after Lawrence Eagleburger?,United States Department of State,Lawrence Eagleburger,Warren Christopher
Who was the chair of United States Department of State right after Colin Powell?,United States Department of State,Colin Powell,Condoleezza Rice
Who was the chair of United States Department of State right after Condoleezza Rice?,United States Department of State,Condoleezza Rice,Hillary Clinton
Who was the chair of United States Department of State right after Rex Tillerson?,United States Department of State,Rex Tillerson,Mike Pompeo
Which employer did Leroy Cronin work for right after University of Edinburgh?,Leroy Cronin,University of Edinburgh,Bielefeld University
Which position did William Plumer hold right after Member of the 13th Parliament of Great Britain?,William Plumer,Member of the 13th Parliament of Great Britain,Member of the 14th Parliament of Great Britain
Which position did William Plumer hold right after Member of the 15th Parliament of Great Britain?,William Plumer,Member of the 15th Parliament of Great Britain,Member of the 16th Parliament of Great Britain
Which position did William Plumer hold right after Member of the 16th Parliament of Great Britain?,William Plumer,Member of the 16th Parliament of Great Britain,Member of the 17th Parliament of Great Britain
Which position did William Plumer hold right after Member of the 18th Parliament of Great Britain?,William Plumer,Member of the 18th Parliament of Great Britain,Member of the 1st Parliament of the United Kingdom
Which position did William Plumer hold right after Member of the 2nd Parliament of the United Kingdom?,William Plumer,Member of the 2nd Parliament of the United Kingdom,Member of the 3rd Parliament of the United Kingdom
Which position did William Plumer hold right after Member of the 3rd Parliament of the United Kingdom?,William Plumer,Member of the 3rd Parliament of the United Kingdom,Member of the 5th Parliament of the United Kingdom
Which position did William Plumer hold right after Member of the 6th Parliament of the United Kingdom?,William Plumer,Member of the 6th Parliament of the United Kingdom,Member of the 7th Parliament of the United Kingdom
Which team did Noah Syndergaard play for right after Gulf Coast League Blue Jays?,Noah Syndergaard,Gulf Coast League Blue Jays,Bluefield Blue Jays
Which team did Noah Syndergaard play for right after Lansing Lugnuts?,Noah Syndergaard,Lansing Lugnuts,New York Mets
Which team did Noah Syndergaard play for right after St. Lucie Mets?,Noah Syndergaard,St. Lucie Mets,Binghamton Rumble Ponies
Which team did Noah Syndergaard play for right after Binghamton Rumble Ponies?,Noah Syndergaard,Binghamton Rumble Ponies,Las Vegas Aviators
Who was the head coach of the team NK Rudeš right after Ivan Matić?,NK Rudeš,Ivan Matić,Darko Jozinović
Which employer did Vilhelm Bjerknes work for right after Stockholm University?,Vilhelm Bjerknes,Stockholm University,University of Oslo
Which employer did Vilhelm Bjerknes work for right after University of Oslo?,Vilhelm Bjerknes,University of Oslo,Leipzig University
Which position did Denis McDonough hold right after Deputy National Security Advisor?,Denis McDonough,Deputy National Security Advisor,White House Chief of Staff
"Which position did Sir Horace Rumbold, 9th Baronet hold right after ambassador of the United Kingdom to Poland?","Sir Horace Rumbold, 9th Baronet",ambassador of the United Kingdom to Poland,ambassador of the United Kingdom to Spain
Which team did Mohamed El Monir play for right after Orlando City SC?,Mohamed El Monir,Orlando City SC,Los Angeles FC
Who was the chair of Academy of Arts of the GDR right after Johannes R. Becher?,Academy of Arts of the GDR,Johannes R. Becher,Otto Nagel
Who was the chair of Academy of Arts of the GDR right after Willi Bredel?,Academy of Arts of the GDR,Willi Bredel,Konrad Wolf
Who was the head coach of the team Legia Warsaw right after Józef Kałuża?,Legia Warsaw,Józef Kałuża,Stanisław Mielech
Who was the head coach of the team Legia Warsaw right after Stanisław Mielech?,Legia Warsaw,Stanisław Mielech,Karol Hanke
Who was the head coach of the team Legia Warsaw right after Karol Hanke?,Legia Warsaw,Karol Hanke,Edward Drabiński
Who was the head coach of the team Legia Warsaw right after Wacław Kuchar?,Legia Warsaw,Wacław Kuchar,Janos Steiner
Who was the head coach of the team Legia Warsaw right after Janos Steiner?,Legia Warsaw,Janos Steiner,Ryszard Koncewicz
Who was the head coach of the team Legia Warsaw right after Stjepan Bobek?,Legia Warsaw,Stjepan Bobek,Longin Janeczek
Who was the head coach of the team Legia Warsaw right after Edmund Zientara?,Legia Warsaw,Edmund Zientara,Jaroslav Vejvoda
Who was the head coach of the team Legia Warsaw right after Jaroslav Vejvoda?,Legia Warsaw,Jaroslav Vejvoda,Kazimierz Górski
Who was the head coach of the team Legia Warsaw right after Kazimierz Górski?,Legia Warsaw,Kazimierz Górski,Jerzy Engel
Who was the head coach of the team Legia Warsaw right after Krzysztof Etmanowicz?,Legia Warsaw,Krzysztof Etmanowicz,Janusz Wójcik
Who was the head coach of the team Legia Warsaw right after Janusz Wójcik?,Legia Warsaw,Janusz Wójcik,Paweł Janas
Who was the head coach of the team Legia Warsaw right after Jerzy Kopa?,Legia Warsaw,Jerzy Kopa,Dariusz Kubicki
Who was the head coach of the team Legia Warsaw right after Krzysztof Gawara?,Legia Warsaw,Krzysztof Gawara,Dariusz Wdowczyk
Who was the head coach of the team Legia Warsaw right after Dariusz Wdowczyk?,Legia Warsaw,Dariusz Wdowczyk,Jacek Zieliński
Who was the head coach of the team Legia Warsaw right after Jan Urban?,Legia Warsaw,Jan Urban,Stefan Białas
Who was the head coach of the team Legia Warsaw right after Maciej Skorża?,Legia Warsaw,Maciej Skorża,Henning Berg
Who was the head coach of the team Legia Warsaw right after Henning Berg?,Legia Warsaw,Henning Berg,Stanislav Cherchesov
Who was the head coach of the team Legia Warsaw right after Besnik Hasi?,Legia Warsaw,Besnik Hasi,Jacek Magiera
Who was the head coach of the team Legia Warsaw right after Dean Klafurić?,Legia Warsaw,Dean Klafurić,Ricardo Sá Pinto
Which team did Jukka Sauso play for right after Finland national football team?,Jukka Sauso,Finland national football team,Helsingin Jalkapalloklubi
Which team did Jukka Sauso play for right after Helsingin Jalkapalloklubi?,Jukka Sauso,Helsingin Jalkapalloklubi,Jönköpings Södra IF
Which team did Juan Fernando Quintero play for right after Orsomarso S.C.?,Juan Fernando Quintero,Orsomarso S.C.,Delfino Pescara 1936
Which team did Cem Can play for right after Bugsaş Spor?,Cem Can,Bugsaş Spor,Ankara Demirspor
Which team did Cem Can play for right after Ankara Demirspor?,Cem Can,Ankara Demirspor,İstanbulspor A.Ş.
Which team did Cem Can play for right after İstanbulspor A.Ş.?,Cem Can,İstanbulspor A.Ş.,Sivasspor
Which team did Cem Can play for right after Sivasspor?,Cem Can,Sivasspor,MKE Ankaragücü
Which team did Cem Can play for right after MKE Ankaragücü?,Cem Can,MKE Ankaragücü,Gençlerbirliği S.K.
Which team did Cem Can play for right after Gençlerbirliği S.K.?,Cem Can,Gençlerbirliği S.K.,Kayseri Erciyesspor
Which team did Cem Can play for right after Kayseri Erciyesspor?,Cem Can,Kayseri Erciyesspor,Kayserispor
Which position did James Brokenshire hold right after Member of the 54th Parliament of the United Kingdom?,James Brokenshire,Member of the 54th Parliament of the United Kingdom,Member of the 55th Parliament of the United Kingdom
"Which position did James Brokenshire hold right after Secretary of State for Housing, Communities and Local Government?",James Brokenshire,"Secretary of State for Housing, Communities and Local Government",Member of the 58th Parliament of the United Kingdom
Which employer did Harrison B. Tordoff work for right after University of Michigan?,Harrison B. Tordoff,University of Michigan,University of Minnesota
"Which position did James Prior, Baron Prior hold right after Member of the 42nd Parliament of the United Kingdom?","James Prior, Baron Prior",Member of the 42nd Parliament of the United Kingdom,Member of the 43rd Parliament of the United Kingdom
"Which position did James Prior, Baron Prior hold right after Secretary of State for Employment?","James Prior, Baron Prior",Secretary of State for Employment,Secretary of State for Northern Ireland
Which employer did Frank Peters Jr. work for right after KGBX-FM?,Frank Peters Jr.,KGBX-FM,Arkansas Gazette
Which employer did Frank Peters Jr. work for right after Springfield News-Leader?,Frank Peters Jr.,Springfield News-Leader,Rome Daily American
Who was the chair of Catalan Unity right after Jaume Roure?,Catalan Unity,Jaume Roure,Brice Lafontaine
Where was Val Ackerman educated right after University of Virginia?,Val Ackerman,University of Virginia,UCLA School of Law
Which employer did Simone Young work for right after Hochschule für Musik und Theater Hamburg?,Simone Young,Hochschule für Musik und Theater Hamburg,Sydney Symphony Orchestra
"Which employer did Richard Dawkins work for right after University of California, Berkeley?",Richard Dawkins,"University of California, Berkeley",University of Oxford
Who was the head of Úbeda right after Guillermo Rojas Galey?,Úbeda,Guillermo Rojas Galey,Manuel Fernández Peña
Who was the head of Úbeda right after Manuel Fernández Peña?,Úbeda,Manuel Fernández Peña,Arsenio Moreno Mendoza
Who was the head of Úbeda right after Arsenio Moreno Mendoza?,Úbeda,Arsenio Moreno Mendoza,Juan José Pérez Padilla
Who was the head of Úbeda right after Juan José Pérez Padilla?,Úbeda,Juan José Pérez Padilla,Marcelino Sánchez Ruiz
Who was the head of Úbeda right after Marcelino Sánchez Ruiz?,Úbeda,Marcelino Sánchez Ruiz,Juan Pizarro Navarrete
Who was the head of Úbeda right after Juan Pizarro Navarrete?,Úbeda,Juan Pizarro Navarrete,José Robles Valenzuela
Which team did Matt Caution play for right after Buffalo Blizzard?,Matt Caution,Buffalo Blizzard,Cleveland Crunch
Who was the head of Addis Ababa right after Takele Uma Benti?,Addis Ababa,Takele Uma Benti,Adanech Abebe
Who was the head coach of the team FC Urartu right after Volodymyr Pyatenko?,FC Urartu,Volodymyr Pyatenko,Arthur Voskanyan
Who was the head coach of the team FC Urartu right after Ilshat Faizulin?,FC Urartu,Ilshat Faizulin,Aleksandr Grigoryan
Who was the head coach of the team FC Urartu right after Aleksandr Grigoryan?,FC Urartu,Aleksandr Grigoryan,Robert Arzumanyan
Which position did Miklós Haraszti hold right after member of the National Assembly of Hungary?,Miklós Haraszti,member of the National Assembly of Hungary,OSCE Representative on Freedom of the Media
Which position did Henry Handley hold right after Member of the 7th Parliament of the United Kingdom?,Henry Handley,Member of the 7th Parliament of the United Kingdom,Member of the 11th Parliament of the United Kingdom
Which position did Arthur Roche hold right after coadjutor bishop?,Arthur Roche,coadjutor bishop,diocesan bishop
Who was the head of state of Dominican Republic right after Joaquín Balaguer?,Dominican Republic,Joaquín Balaguer,Antonio Guzmán Fernández
Who was the head of state of Dominican Republic right after Antonio Guzmán Fernández?,Dominican Republic,Antonio Guzmán Fernández,Jacobo Majluta Azar
Who was the head of state of Dominican Republic right after Jacobo Majluta Azar?,Dominican Republic,Jacobo Majluta Azar,Salvador Jorge Blanco
Who was the head of state of Dominican Republic right after Salvador Jorge Blanco?,Dominican Republic,Salvador Jorge Blanco,Hipólito Mejía
Who was the head of state of Dominican Republic right after Hipólito Mejía?,Dominican Republic,Hipólito Mejía,Danilo Medina
Which employer did Susan J. Smith work for right after Durham University?,Susan J. Smith,Durham University,Girton College
Which team did Vladyslav Prudius play for right after FC Olympik Kharkiv?,Vladyslav Prudius,FC Olympik Kharkiv,FC Metalist Kharkiv
Which team did Erich Habitzl play for right after R.C. Lens?,Erich Habitzl,R.C. Lens,F.C. Nantes
Which team did Erich Habitzl play for right after F.C. Nantes?,Erich Habitzl,F.C. Nantes,FC Admira Wacker Mödling
Who was the head of Kinmen right after Chen Shui-tsai?,Kinmen,Chen Shui-tsai,Lee Chu-feng
Who was the head of Kinmen right after Lee Chu-feng?,Kinmen,Lee Chu-feng,Li Wo-shi
Who was the head of Kinmen right after Chen Fu-hai?,Kinmen,Chen Fu-hai,Yang Cheng-wu
Where was Aleksander Rajchman educated right after University of Paris?,Aleksander Rajchman,University of Paris,Jagiellonian University
Where was Aleksander Rajchman educated right after Jagiellonian University?,Aleksander Rajchman,Jagiellonian University,University of Warsaw
Where was Aleksander Rajchman educated right after University of Warsaw?,Aleksander Rajchman,University of Warsaw,University of Vienna
Where was Karen Messing educated right after McGill University?,Karen Messing,McGill University,Conservatoire national des Arts et Métiers
Which team did Neil Danns play for right after Birmingham City F.C.?,Neil Danns,Birmingham City F.C.,Crystal Palace F.C.
Which team did Neil Danns play for right after Crystal Palace F.C.?,Neil Danns,Crystal Palace F.C.,Leicester City F.C.
Who was the owner of Expobank CZ right after BAWAG P.S.K.?,Expobank CZ,BAWAG P.S.K.,Landesbank Baden-Wuerttemberg
Who was the head of Greenland right after Lars-Emil Johansen?,Greenland,Lars-Emil Johansen,Jonathan Motzfeldt
Who was the head of Greenland right after Jonathan Motzfeldt?,Greenland,Jonathan Motzfeldt,Hans Enoksen
Who was the head of Greenland right after Hans Enoksen?,Greenland,Hans Enoksen,Kuupik Kleist
Who was the head of Greenland right after Kuupik Kleist?,Greenland,Kuupik Kleist,Aleqa Hammond
Who was the chair of Deutscher Schriftstellerverband right after Bodo Uhse?,Deutscher Schriftstellerverband,Bodo Uhse,Anna Seghers
Who was the chair of Deutscher Schriftstellerverband right after Anna Seghers?,Deutscher Schriftstellerverband,Anna Seghers,Hermann Kant
Which employer did William Claytor work for right after West Virginia State University?,William Claytor,West Virginia State University,University of Michigan
Which employer did William Claytor work for right after University of Michigan?,William Claytor,University of Michigan,United States Army
Which employer did William Claytor work for right after United States Army?,William Claytor,United States Army,Southern University
Which employer did William Claytor work for right after Southern University?,William Claytor,Southern University,Hampton University
Which employer did William Claytor work for right after Hampton University?,William Claytor,Hampton University,Howard University
Which employer did Percy John Daniell work for right after Rice University?,Percy John Daniell,Rice University,University of Sheffield
"Where was Mette-Marit, Crown Princess of Norway educated right after School of Oriental and African Studies, University of London?","Mette-Marit, Crown Princess of Norway","School of Oriental and African Studies, University of London",BI Norwegian Business School
Which position did Ebenezer Parkes hold right after Member of the 26th Parliament of the United Kingdom?,Ebenezer Parkes,Member of the 26th Parliament of the United Kingdom,Member of the 27th Parliament of the United Kingdom
Which position did Ebenezer Parkes hold right after Member of the 28th Parliament of the United Kingdom?,Ebenezer Parkes,Member of the 28th Parliament of the United Kingdom,Member of the 29th Parliament of the United Kingdom
Which position did Ebenezer Parkes hold right after Member of the 29th Parliament of the United Kingdom?,Ebenezer Parkes,Member of the 29th Parliament of the United Kingdom,Member of the 30th Parliament of the United Kingdom
Which team did Ángel Bernuncio play for right after San Lorenzo de Almagro?,Ángel Bernuncio,San Lorenzo de Almagro,Club Atlético Lanús
Which team did Ángel Bernuncio play for right after Club Atlético Lanús?,Ángel Bernuncio,Club Atlético Lanús,Barcelona S.C.
Which team did Ángel Bernuncio play for right after Textil Mandiyú?,Ángel Bernuncio,Textil Mandiyú,Club Olimpo
Which team did Ángel Bernuncio play for right after Club Olimpo?,Ángel Bernuncio,Club Olimpo,Juventud Antoniana
Which position did Vladimir Țurcan hold right after member of the Parliament of Moldova?,Vladimir Țurcan,member of the Parliament of Moldova,Substitute member of the Parliamentary Assembly of the Council of Europe
Which employer did Marilyn Strathern work for right after Australian National University?,Marilyn Strathern,Australian National University,University of Manchester
"Who was the chair of Embassy of Ukraine, Chișinău right after Vitaliy Boiko?","Embassy of Ukraine, Chișinău",Vitaliy Boiko,Petro Tchaly
Which position did Henry Hobhouse hold right after Member of the 25th Parliament of the United Kingdom?,Henry Hobhouse,Member of the 25th Parliament of the United Kingdom,Member of the 26th Parliament of the United Kingdom
Which position did Henry Hobhouse hold right after Member of the 26th Parliament of the United Kingdom?,Henry Hobhouse,Member of the 26th Parliament of the United Kingdom,Member of the 27th Parliament of the United Kingdom
Which employer did Enrique Tierno Galván work for right after University of Murcia?,Enrique Tierno Galván,University of Murcia,University of Salamanca
Which employer did Enrique Tierno Galván work for right after University of Salamanca?,Enrique Tierno Galván,University of Salamanca,Princeton University
"Which position did Sir Horace Rumbold, 8th Baronet hold right after ambassador of the United Kingdom to Switzerland?","Sir Horace Rumbold, 8th Baronet",ambassador of the United Kingdom to Switzerland,ambassador of the United Kingdom to Argentina
"Which position did Sir Horace Rumbold, 8th Baronet hold right after ambassador of the United Kingdom to Greece?","Sir Horace Rumbold, 8th Baronet",ambassador of the United Kingdom to Greece,ambassador of the United Kingdom to the Netherlands
"Which position did Sir Horace Rumbold, 8th Baronet hold right after ambassador of the United Kingdom to the Netherlands?","Sir Horace Rumbold, 8th Baronet",ambassador of the United Kingdom to the Netherlands,ambassador of the United Kingdom to Austria-Hungary
Which team did Warren Jabali play for right after Wichita State Shockers men's basketball?,Warren Jabali,Wichita State Shockers men's basketball,Virginia Squires
Which team did Warren Jabali play for right after Virginia Squires?,Warren Jabali,Virginia Squires,Indiana Pacers
Which team did Warren Jabali play for right after Indiana Pacers?,Warren Jabali,Indiana Pacers,Miami Floridians
Which team did Warren Jabali play for right after Miami Floridians?,Warren Jabali,Miami Floridians,Denver Nuggets
Which team did Warren Jabali play for right after Denver Nuggets?,Warren Jabali,Denver Nuggets,San Diego Sails
Who was the head coach of the team Panathinaikos F.C. right after Aggelos Anastasiadis?,Panathinaikos F.C.,Aggelos Anastasiadis,Fernando Santos
Who was the head coach of the team Panathinaikos F.C. right after Itzhak Shum?,Panathinaikos F.C.,Itzhak Shum,Zdeněk Ščasný
Who was the head coach of the team Panathinaikos F.C. right after Zdeněk Ščasný?,Panathinaikos F.C.,Zdeněk Ščasný,Alberto Malesani
Who was the head coach of the team Panathinaikos F.C. right after Alberto Malesani?,Panathinaikos F.C.,Alberto Malesani,Jasminko Velić
Who was the head coach of the team Panathinaikos F.C. right after Jasminko Velić?,Panathinaikos F.C.,Jasminko Velić,Víctor Muñoz
Who was the head coach of the team Panathinaikos F.C. right after Henk ten Cate?,Panathinaikos F.C.,Henk ten Cate,Nikos Nioplias
Who was the head coach of the team Panathinaikos F.C. right after Nikos Nioplias?,Panathinaikos F.C.,Nikos Nioplias,Jesualdo Ferreira
Who was the head coach of the team Panathinaikos F.C. right after Jesualdo Ferreira?,Panathinaikos F.C.,Jesualdo Ferreira,Juan Ramón Rocha
Who was the head coach of the team Panathinaikos F.C. right after Yannis Vonortas?,Panathinaikos F.C.,Yannis Vonortas,Yannis Anastasiou
Who was the head coach of the team Panathinaikos F.C. right after Yannis Anastasiou?,Panathinaikos F.C.,Yannis Anastasiou,Marinos Ouzounidis
Who was the head coach of the team Panathinaikos F.C. right after Giorgos Donis?,Panathinaikos F.C.,Giorgos Donis,Dani Poyatos
Who was the head coach of the team Panathinaikos F.C. right after Sotiris Silaidopoulos?,Panathinaikos F.C.,Sotiris Silaidopoulos,László Bölöni
Who was the owner of Primrose Hill Tunnel right after London and Birmingham Railway?,Primrose Hill Tunnel,London and Birmingham Railway,London and North Western Railway
Who was the owner of Primrose Hill Tunnel right after London and North Western Railway?,Primrose Hill Tunnel,London and North Western Railway,"London, Midland and Scottish Railway"
"Who was the owner of Primrose Hill Tunnel right after London, Midland and Scottish Railway?",Primrose Hill Tunnel,"London, Midland and Scottish Railway",British Rail
Who was the owner of Primrose Hill Tunnel right after British Rail?,Primrose Hill Tunnel,British Rail,Railtrack
"Which position did William Hayes Fisher, 1st Baron Downham hold right after Member of the 23rd Parliament of the United Kingdom?","William Hayes Fisher, 1st Baron Downham",Member of the 23rd Parliament of the United Kingdom,Member of the 24th Parliament of the United Kingdom
"Which position did William Hayes Fisher, 1st Baron Downham hold right after Member of the 24th Parliament of the United Kingdom?","William Hayes Fisher, 1st Baron Downham",Member of the 24th Parliament of the United Kingdom,Member of the 25th Parliament of the United Kingdom
"Which position did William Hayes Fisher, 1st Baron Downham hold right after Member of the 25th Parliament of the United Kingdom?","William Hayes Fisher, 1st Baron Downham",Member of the 25th Parliament of the United Kingdom,Member of the 26th Parliament of the United Kingdom
"Which position did William Hayes Fisher, 1st Baron Downham hold right after Member of the 26th Parliament of the United Kingdom?","William Hayes Fisher, 1st Baron Downham",Member of the 26th Parliament of the United Kingdom,Member of the 27th Parliament of the United Kingdom
Who was the head coach of the team Frosinone Calcio right after Marco Baroni?,Frosinone Calcio,Marco Baroni,Alessandro Nesta
Which political party did Jordi Xuclà belong to right after Democratic Convergence of Catalonia?,Jordi Xuclà,Democratic Convergence of Catalonia,Catalan European Democratic Party
Which political party did Jordi Xuclà belong to right after Catalan European Democratic Party?,Jordi Xuclà,Catalan European Democratic Party,Partit Nacionalista de Catalunya
Who was the head coach of the team PEC Zwolle right after Jaap Stam?,PEC Zwolle,Jaap Stam,John Stegeman
Who was the head coach of the team PEC Zwolle right after John Stegeman?,PEC Zwolle,John Stegeman,Dick Schreuder
Which position did David Mudd hold right after Member of the 46th Parliament of the United Kingdom?,David Mudd,Member of the 46th Parliament of the United Kingdom,Member of the 47th Parliament of the United Kingdom
Which position did David Mudd hold right after Member of the 48th Parliament of the United Kingdom?,David Mudd,Member of the 48th Parliament of the United Kingdom,Member of the 49th Parliament of the United Kingdom
Which position did David Mudd hold right after Member of the 49th Parliament of the United Kingdom?,David Mudd,Member of the 49th Parliament of the United Kingdom,Member of the 50th Parliament of the United Kingdom
Who was the chair of Allgemeiner Deutscher Fahrrad-Club right after Anne Modersohn?,Allgemeiner Deutscher Fahrrad-Club,Anne Modersohn,Karl-Ludwig Kelber
Who was the chair of Allgemeiner Deutscher Fahrrad-Club right after Karl-Ludwig Kelber?,Allgemeiner Deutscher Fahrrad-Club,Karl-Ludwig Kelber,Wolfgang Große
Who was the chair of Allgemeiner Deutscher Fahrrad-Club right after Wolfgang Große?,Allgemeiner Deutscher Fahrrad-Club,Wolfgang Große,Karsten Hübener
Who was the chair of Allgemeiner Deutscher Fahrrad-Club right after Karsten Hübener?,Allgemeiner Deutscher Fahrrad-Club,Karsten Hübener,Ulrich Syberg
Who was the head of Quezon City right after Norberto S. Amoranto?,Quezon City,Norberto S. Amoranto,Adelina Santos Rodriguez
Who was the head of Quezon City right after Adelina Santos Rodriguez?,Quezon City,Adelina Santos Rodriguez,"Brigido Simon, Jr."
Who was the head of Kleinmachnow right after Klaus Nitzsche?,Klaus Nitzsche,right after Klaus Nitzsche,Wolfgang Blasig
Who was the head of state of Republic of Artsakh right after Robert Kocharyan?,Republic of Artsakh,Robert Kocharyan,Leonard Petrosyan
Who was the head of state of Republic of Artsakh right after Leonard Petrosyan?,Republic of Artsakh,Leonard Petrosyan,Arkadi Ghukasyan
Who was the head of state of Republic of Artsakh right after Arkadi Ghukasyan?,Republic of Artsakh,Arkadi Ghukasyan,Bako Sahakyan
Who was the head of state of Republic of Artsakh right after Bako Sahakyan?,Republic of Artsakh,Bako Sahakyan,Arayik Harutyunyan
Which team did Luís Manuel Ferreira Delgado play for right after Atlético Petróleos Luanda?,Luís Manuel Ferreira Delgado,Atlético Petróleos Luanda,FC Metz
Which position did Iván Flores hold right after deputy of Chile?,Iván Flores,deputy of Chile,president of the Chamber of Deputies of Chile
Which employer did Phyllis Fox work for right after General Electric?,Phyllis Fox,General Electric,New York University
Which employer did Phyllis Fox work for right after Massachusetts Institute of Technology?,Phyllis Fox,Massachusetts Institute of Technology,Newark College of Engineering
Which team did Eric Potts play for right after Sheffield Wednesday F.C.?,Eric Potts,Sheffield Wednesday F.C.,Brighton & Hove Albion F.C.
Which team did Eric Potts play for right after Brighton & Hove Albion F.C.?,Eric Potts,Brighton & Hove Albion F.C.,Preston North End F.C.
Which team did Eric Potts play for right after Burnley F.C.?,Eric Potts,Burnley F.C.,Bury F.C.
Which position did Andrés Chadwick hold right after deputy of Chile?,Andrés Chadwick,deputy of Chile,senator of Chile
Who was the head of Bremerhaven right after Hermann Gullasch?,Bremerhaven,Hermann Gullasch,Bodo Selge
Who was the head of Bremerhaven right after Karl Willms?,Bremerhaven,Karl Willms,Manfred Richter
Who was the head of Bremerhaven right after Jörg Schulz?,Bremerhaven,Jörg Schulz,Melf Grantz
Who was the head coach of the team FK Kom right after Viktor Trenevski?,FK Kom,Viktor Trenevski,Radislav Dragićević
Which employer did Margaret Atwood work for right after University of British Columbia?,Margaret Atwood,University of British Columbia,Sir George Williams University
Which employer did Margaret Atwood work for right after Sir George Williams University?,Margaret Atwood,Sir George Williams University,University of Alberta
Which employer did Margaret Atwood work for right after University of Alberta?,Margaret Atwood,University of Alberta,York University
Who was the head of Germany right after Kurt Georg Kiesinger?,Germany,Kurt Georg Kiesinger,Willy Brandt
Who was the head of Germany right after Willy Brandt?,Germany,Willy Brandt,Walter Scheel
Who was the head of Germany right after Helmut Schmidt?,Germany,Helmut Schmidt,Helmut Kohl
Who was the head of Germany right after Angela Merkel?,Germany,Angela Merkel,Olaf Scholz
Which employer did Carlo Rovelli work for right after University of Pittsburgh?,Carlo Rovelli,University of Pittsburgh,University of the Mediterranean - Aix Marseille II
Which team did Davor Jozić play for right after A.C. Cesena?,Davor Jozić,A.C. Cesena,Club América
Which position did Austen Hudson hold right after Member of the 39th Parliament of the United Kingdom?,Austen Hudson,Member of the 39th Parliament of the United Kingdom,Member of the 40th Parliament of the United Kingdom
Which position did Austen Hudson hold right after Member of the 40th Parliament of the United Kingdom?,Austen Hudson,Member of the 40th Parliament of the United Kingdom,Member of the 41st Parliament of the United Kingdom
Which team did Riccardo Gagliolo play for right after A.S.D. Sanremese?,Riccardo Gagliolo,A.S.D. Sanremese,A.S.D. Imperia
Which employer did Fiona Meldrum work for right after Queen Mary University of London?,Fiona Meldrum,Queen Mary University of London,University of Bristol
Who was the head of state of Principality of Polotsk right after Izyaslav of Polotsk?,Principality of Polotsk,Izyaslav of Polotsk,Vseslav Izyaslavich
Who was the head of state of Principality of Polotsk right after Vseslav Izyaslavich?,Principality of Polotsk,Vseslav Izyaslavich,Bryachislav of Polotsk
Which position did John Bonfoy Rooper hold right after Member of the 10th Parliament of the United Kingdom?,John Bonfoy Rooper,Member of the 10th Parliament of the United Kingdom,Member of the 11th Parliament of the United Kingdom
Which position did John Bonfoy Rooper hold right after Member of the 11th Parliament of the United Kingdom?,John Bonfoy Rooper,Member of the 11th Parliament of the United Kingdom,Member of the 12th Parliament of the United Kingdom
Where was Fani Stipković educated right after Faculty of Political Sciences in Zagreb?,Fani Stipković,Faculty of Political Sciences in Zagreb,Universidad Europea de Madrid
"Which position did Sir Frederick Thomson, 1st Baronet hold right after Member of the 31st Parliament of the United Kingdom?","Sir Frederick Thomson, 1st Baronet",Member of the 31st Parliament of the United Kingdom,Member of the 32nd Parliament of the United Kingdom
"Which position did Sir Frederick Thomson, 1st Baronet hold right after Member of the 32nd Parliament of the United Kingdom?","Sir Frederick Thomson, 1st Baronet",Member of the 32nd Parliament of the United Kingdom,Member of the 33rd Parliament of the United Kingdom
"Which position did Sir Frederick Thomson, 1st Baronet hold right after Member of the 33rd Parliament of the United Kingdom?","Sir Frederick Thomson, 1st Baronet",Member of the 33rd Parliament of the United Kingdom,Member of the 34th Parliament of the United Kingdom
"Which position did Sir Frederick Thomson, 1st Baronet hold right after Member of the 34th Parliament of the United Kingdom?","Sir Frederick Thomson, 1st Baronet",Member of the 34th Parliament of the United Kingdom,Member of the 35th Parliament of the United Kingdom
"Which position did Sir Anthony Esmonde, 15th Baronet hold right after Teachta Dála?","Sir Anthony Esmonde, 15th Baronet",Teachta Dála,Representative of the Parliamentary Assembly of the Council of Europe
"Which position did Sir Anthony Esmonde, 15th Baronet hold right after Representative of the Parliamentary Assembly of the Council of Europe?","Sir Anthony Esmonde, 15th Baronet",Representative of the Parliamentary Assembly of the Council of Europe,Substitute member of the Parliamentary Assembly of the Council of Europe
Who was the head of Munich right after Franz Paul von Mittermayr?,Munich,Franz Paul von Mittermayr,Josef von Teng
Who was the head of Munich right after Josef von Teng?,Munich,Josef von Teng,Jacob Bauer
Who was the head of Munich right after Alois Erhardt?,Munich,Alois Erhardt,Johannes von Widenmayer
Who was the head of Munich right after Johannes von Widenmayer?,Munich,Johannes von Widenmayer,Wilhelm Ritter von Borscht
Who was the head of Munich right after Karl Fiehler?,Munich,Karl Fiehler,Thomas Wimmer
Who was the head of Munich right after Thomas Wimmer?,Munich,Thomas Wimmer,Hans-Jochen Vogel
Who was the head of Munich right after Erich Kiesl?,Munich,Erich Kiesl,Georg Kronawitter
Who was the head of Munich right after Georg Kronawitter?,Munich,Georg Kronawitter,Christian Ude
Who was the head of Munich right after Christian Ude?,Munich,Christian Ude,Dieter Reiter
Which position did Henri Longchambon hold right after Representative of the Parliamentary Assembly of the Council of Europe?,Henri Longchambon,Representative of the Parliamentary Assembly of the Council of Europe,Substitute member of the Parliamentary Assembly of the Council of Europe
Which employer did Felix Klein work for right after University of Erlangen-Nuremberg?,Felix Klein,University of Erlangen-Nuremberg,Technical University of Munich
Which employer did Felix Klein work for right after Technical University of Munich?,Felix Klein,Technical University of Munich,Leipzig University
Who was the head coach of the team Valenciennes F.C. right after Olivier Guégan?,Valenciennes F.C.,Olivier Guégan,Christophe Delmotte
Which political party did Enric Tarrado Vives belong to right after National Democratic Group?,Enric Tarrado Vives,National Democratic Group,Andorran Democratic Centre
Which political party did Enric Tarrado Vives belong to right after Andorran Democratic Centre?,Enric Tarrado Vives,Andorran Democratic Centre,Democrats for Andorra
Which position did Franklin Delano Roosevelt hold right after member of the State Senate of New York?,Franklin Delano Roosevelt,member of the State Senate of New York,Assistant Secretary of the Navy
Which position did Franklin Delano Roosevelt hold right after Assistant Secretary of the Navy?,Franklin Delano Roosevelt,Assistant Secretary of the Navy,Governor of New York
Which position did Franklin Delano Roosevelt hold right after President-elect of the United States?,Franklin Delano Roosevelt,President-elect of the United States,President of the United States
Which team did Willie Steel play for right after St Johnstone F.C.?,Willie Steel,St Johnstone F.C.,Liverpool F.C
"Which position did John Diamond, Baron Diamond hold right after Member of the 39th Parliament of the United Kingdom?","John Diamond, Baron Diamond",Member of the 39th Parliament of the United Kingdom,Member of the 41st Parliament of the United Kingdom
"Which position did John Diamond, Baron Diamond hold right after Member of the 41st Parliament of the United Kingdom?","John Diamond, Baron Diamond",Member of the 41st Parliament of the United Kingdom,Member of the 42nd Parliament of the United Kingdom
"Which position did John Diamond, Baron Diamond hold right after Member of the 42nd Parliament of the United Kingdom?","John Diamond, Baron Diamond",Member of the 42nd Parliament of the United Kingdom,Member of the 43rd Parliament of the United Kingdom
Which employer did Ghil'ad Zuckermann work for right after University of Queensland?,Ghil'ad Zuckermann,University of Queensland,University of Adelaide
Which team did Albert Brown play for right after Aston Villa F.C.?,Albert Brown,Aston Villa F.C.,Southampton F.C.
Which team did Albert Brown play for right after Queens Park Rangers F.C.?,Albert Brown,Queens Park Rangers F.C.,Preston North End F.C.
Which employer did Hayao Miyazaki work for right after Toei Animation?,Hayao Miyazaki,Toei Animation,Nippon Animation
Which employer did Hayao Miyazaki work for right after Nippon Animation?,Hayao Miyazaki,Nippon Animation,TMS Entertainment
Which team did Jürgen Pahl play for right after Hallescher FC?,Jürgen Pahl,Hallescher FC,Eintracht Frankfurt
Which team did Jürgen Pahl play for right after Eintracht Frankfurt?,Jürgen Pahl,Eintracht Frankfurt,Çaykur Rizespor
Which employer did Derek Simpson work for right after Firth Brown Steels?,Derek Simpson,Firth Brown Steels,Amalgamated Engineering Union
Which employer did Derek Simpson work for right after Amalgamated Engineering and Electrical Union?,Derek Simpson,Amalgamated Engineering and Electrical Union,Unite the Union
Which political party did Ida Auken belong to right after Danish Social Liberal Party?,Ida Auken,Danish Social Liberal Party,Social Democrats
Which team did Jimmy Bloomfield play for right after Birmingham City F.C.?,Jimmy Bloomfield,Birmingham City F.C.,Brentford F.C.
Which team did Jimmy Bloomfield play for right after West Ham United F.C.?,Jimmy Bloomfield,West Ham United F.C.,Plymouth Argyle F.C.
Who was the head coach of the team FC Admira Wacker Mödling right after Dietmar Kühbauer?,FC Admira Wacker Mödling,Dietmar Kühbauer,Zvonimir Soldo
Who was the head coach of the team FC Admira Wacker Mödling right after Zvonimir Soldo?,FC Admira Wacker Mödling,Zvonimir Soldo,Damir Burić
Which position did Patrick Joseph O'Brien hold right after Member of the 24th Parliament of the United Kingdom?,Patrick Joseph O'Brien,Member of the 24th Parliament of the United Kingdom,Member of the 25th Parliament of the United Kingdom
Which position did Patrick Joseph O'Brien hold right after Member of the 25th Parliament of the United Kingdom?,Patrick Joseph O'Brien,Member of the 25th Parliament of the United Kingdom,Member of the 26th Parliament of the United Kingdom
Which position did Patrick Joseph O'Brien hold right after Member of the 26th Parliament of the United Kingdom?,Patrick Joseph O'Brien,Member of the 26th Parliament of the United Kingdom,Member of the 27th Parliament of the United Kingdom
Where was Antoine Compagnon educated right after Prytanée National Militaire?,Antoine Compagnon,Prytanée National Militaire,École polytechnique
Where was Antoine Compagnon educated right after École polytechnique?,Antoine Compagnon,École polytechnique,École des Ponts ParisTech
"Who was the chair of Industrial Union of Chemicals, Glass and Ceramics right after Horst Willim?","Industrial Union of Chemicals, Glass and Ceramics",Horst Willim,Rudolf Höppner
"Who was the chair of Industrial Union of Chemicals, Glass and Ceramics right after Rudolf Höppner?","Industrial Union of Chemicals, Glass and Ceramics",Rudolf Höppner,Hans-Joachim Winkler
"Who was the chair of Industrial Union of Chemicals, Glass and Ceramics right after Werner Oertelt?","Industrial Union of Chemicals, Glass and Ceramics",Werner Oertelt,Edith Weber
"Who was the chair of Industrial Union of Chemicals, Glass and Ceramics right after Edith Weber?","Industrial Union of Chemicals, Glass and Ceramics",Edith Weber,Nomen nescio
Who was the head of state of Austria right after Michael Hainisch?,Austria,Michael Hainisch,Wilhelm Miklas
Who was the head of state of Austria right after Theodor Körner?,Austria,Theodor Körner,Adolf Schärf
Who was the head of state of Austria right after Rudolf Kirchschläger?,Austria,Rudolf Kirchschläger,Kurt Waldheim
Who was the head of state of Austria right after Kurt Waldheim?,Austria,Kurt Waldheim,Thomas Klestil
Which position did Christian Zetlitz Bretteville hold right after deputy member of the Parliament of Norway?,Christian Zetlitz Bretteville,deputy member of the Parliament of Norway,member of the Parliament of Norway
Which position did Christian Zetlitz Bretteville hold right after member of the Parliament of Norway?,Christian Zetlitz Bretteville,member of the Parliament of Norway,Minister of Finance of Norway
Which position did Christian Zetlitz Bretteville hold right after Minister of Finance of Norway?,Christian Zetlitz Bretteville,Minister of Finance of Norway,Minister of Auditing
Which position did Christian Zetlitz Bretteville hold right after Minister of Auditing?,Christian Zetlitz Bretteville,Minister of Auditing,Norwegian prime minister in Stockholm
Which position did Randolfo Pacciardi hold right after Italian Minister of Defence?,Randolfo Pacciardi,Italian Minister of Defence,member of the Chamber of Deputies of the Italian Republic
Who was the head of Nuremberg right after Christian Gottfried Lorsch?,Nuremberg,Christian Gottfried Lorsch,Jakob Friedrich Binder
Who was the head of Nuremberg right after Jakob Friedrich Binder?,Nuremberg,Jakob Friedrich Binder,Maximilian von Waechter
Who was the head of Nuremberg right after Maximilian von Waechter?,Nuremberg,Maximilian von Waechter,Otto Stromer von Reichenbach
Who was the head of Nuremberg right after Otto Stromer von Reichenbach?,Nuremberg,Otto Stromer von Reichenbach,Georg von Schuh
Who was the head of Nuremberg right after Otto Ziebill?,Nuremberg,Otto Ziebill,Otto Bärnreuther
Who was the head of Nuremberg right after Otto Bärnreuther?,Nuremberg,Otto Bärnreuther,Andreas Urschlechter
Who was the head of Nuremberg right after Andreas Urschlechter?,Nuremberg,Andreas Urschlechter,Peter Schönlein
Who was the head of Nuremberg right after Peter Schönlein?,Nuremberg,Peter Schönlein,Ulrich Maly
Which employer did Frederick Valentine Atkinson work for right after Magdalen College?,Frederick Valentine Atkinson,Magdalen College,Intelligence Corps
Which employer did Frederick Valentine Atkinson work for right after Intelligence Corps?,Frederick Valentine Atkinson,Intelligence Corps,Christ Church
Which employer did Frederick Valentine Atkinson work for right after Christ Church?,Frederick Valentine Atkinson,Christ Church,University of Ibadan
Which employer did Frederick Valentine Atkinson work for right after University of Ibadan?,Frederick Valentine Atkinson,University of Ibadan,Canberra College
Which employer did Frederick Valentine Atkinson work for right after Canberra College?,Frederick Valentine Atkinson,Canberra College,University of Toronto
Who was the head of Ōsaka Prefecture right after Kazuo Nakagawa?,Ōsaka Prefecture,Kazuo Nakagawa,Knock Yokoyama
Who was the head of Ōsaka Prefecture right after Knock Yokoyama?,Ōsaka Prefecture,Knock Yokoyama,Fusae Ōta
Who was the head of Ōsaka Prefecture right after Fusae Ōta?,Ōsaka Prefecture,Fusae Ōta,Tōru Hashimoto
Who was the head of Ōsaka Prefecture right after Tōru Hashimoto?,Ōsaka Prefecture,Tōru Hashimoto,Ichirō Matsui
Which team did George McVitie play for right after Oldham Athletic A.F.C.?,George McVitie,Oldham Athletic A.F.C.,Carlisle United F.C.
Which team did George McVitie play for right after Carlisle United F.C.?,George McVitie,Carlisle United F.C.,Queen of the South F.C.
Which position did John Carpenter Garnier hold right after Member of the 21st Parliament of the United Kingdom?,John Carpenter Garnier,Member of the 21st Parliament of the United Kingdom,Member of the 22nd Parliament of the United Kingdom
Which political party did John Tyler belong to right after Whig Party?,John Tyler,Whig Party,independent politician
"Which position did Donald Anderson, Baron Anderson of Swansea hold right after Member of the 51st Parliament of the United Kingdom?","Donald Anderson, Baron Anderson of Swansea",Member of the 51st Parliament of the United Kingdom,Member of the 52nd Parliament of the United Kingdom
"Which position did Donald Anderson, Baron Anderson of Swansea hold right after Member of the 53rd Parliament of the United Kingdom?","Donald Anderson, Baron Anderson of Swansea",Member of the 53rd Parliament of the United Kingdom,Member of the House of Lords
Which team did Maciej Korzym play for right after GKS Bełchatów?,Maciej Korzym,GKS Bełchatów,Korona Kielce
Which team did Maciej Korzym play for right after Podbeskidzie Bielsko-Biała?,Maciej Korzym,Podbeskidzie Bielsko-Biała,Górnik Zabrze
Which political party did Mahathir Mohamad belong to right after Malaysian United Indigenous Party?,Mahathir Mohamad,Malaysian United Indigenous Party,independent politician
Which political party did Mahathir Mohamad belong to right after independent politician?,Mahathir Mohamad,independent politician,Homeland Fighter Party
Who was the chair of Swedish Ice Hockey Association right after Helge Berglund?,Swedish Ice Hockey Association,Helge Berglund,Ove Rainer
Who was the chair of Swedish Ice Hockey Association right after Rickard Fagerlund?,Swedish Ice Hockey Association,Rickard Fagerlund,Christer Englund
Where was Joichi Suetsuna educated right after University of Tokyo?,Joichi Suetsuna,University of Tokyo,University of Göttingen
Which employer did Gabriel Díaz Bessón work for right after Royal Convent of La Encarnación?,Gabriel Díaz Bessón,Royal Convent of La Encarnación,Mezquita Catedral
Who was the head of Vințu de Jos right after Gheorghe Vlad?,Vințu de Jos,Gheorghe Vlad,Ion-Iosif Josan
Who was the head of Vințu de Jos right after Ion-Iosif Josan?,Vințu de Jos,Ion-Iosif Josan,Petru-Ioan Barbu
Which position did François-Xavier Dumortier hold right after rector?,François-Xavier Dumortier,rector,Provincial
Which position did Vlasta Parkanová hold right after Representative of the Parliamentary Assembly of the Council of Europe?,Vlasta Parkanová,Representative of the Parliamentary Assembly of the Council of Europe,Minister of Justice of the Czech Republic
Which position did Vlasta Parkanová hold right after Minister of Justice of the Czech Republic?,Vlasta Parkanová,Minister of Justice of the Czech Republic,Minister of Defence of the Czech Republic
Which position did Vlasta Parkanová hold right after Deputy Prime Minister of the Czech Republic?,Vlasta Parkanová,Deputy Prime Minister of the Czech Republic,Member of the Chamber of Deputies of the Parliament of the Czech Republic
Which position did Per-Kristian Foss hold right after deputy member of the Parliament of Norway?,Per-Kristian Foss,deputy member of the Parliament of Norway,Minister of Finance of Norway
Which position did Per-Kristian Foss hold right after Minister of Finance of Norway?,Per-Kristian Foss,Minister of Finance of Norway,Representative of the Parliamentary Assembly of the Council of Europe
Which political party did Pier Luigi Bersani belong to right after Italian Communist Party?,Pier Luigi Bersani,Italian Communist Party,Democratic Party of the Left
Which political party did Pier Luigi Bersani belong to right after Democrats of the Left?,Pier Luigi Bersani,Democrats of the Left,Democratic Party
Which employer did Ulrich von Wilamowitz-Moellendorff work for right after University of Greifswald?,Ulrich von Wilamowitz-Moellendorff,University of Greifswald,University of Göttingen
Which employer did Ulrich von Wilamowitz-Moellendorff work for right after University of Göttingen?,Ulrich von Wilamowitz-Moellendorff,University of Göttingen,Frederick William University
Which employer did Charles-André Julien work for right after Lycée Montaigne?,Charles-André Julien,Lycée Montaigne,Lycée Condorcet
Where was Marian Pepler educated right after Froebel College?,Marian Pepler,Froebel College,Architectural Association School of Architecture
Which employer did Nancy E. Gwinn work for right after Library of Congress?,Nancy E. Gwinn,Library of Congress,Council on Library and Information Resources
Which employer did Nancy E. Gwinn work for right after Research Libraries Group?,Nancy E. Gwinn,Research Libraries Group,Smithsonian Institution Libraries
Which employer did Carlo Cottarelli work for right after Bank of Italy?,Carlo Cottarelli,Bank of Italy,Eni
Which employer did Carlo Cottarelli work for right after Eni?,Carlo Cottarelli,Eni,International Monetary Fund
Who was the head coach of the team Enosis Neon Paralimni FC right after Kostas Kaiafas?,Enosis Neon Paralimni FC,Kostas Kaiafas,Apostolos Makrides
Who was the head coach of the team Enosis Neon Paralimni FC right after Apostolos Makrides?,Enosis Neon Paralimni FC,Apostolos Makrides,André Paus
Who was the head coach of the team Enosis Neon Paralimni FC right after André Paus?,Enosis Neon Paralimni FC,André Paus,Čedomir Janevski
Who was the head coach of the team Enosis Neon Paralimni FC right after Čedomir Janevski?,Enosis Neon Paralimni FC,Čedomir Janevski,Carlos Alós Ferrer
Which employer did Hermann Ebbinghaus work for right after Frederick William University?,Hermann Ebbinghaus,Frederick William University,University of Wrocław
Which employer did Hermann Ebbinghaus work for right after University of Wrocław?,Hermann Ebbinghaus,University of Wrocław,University of Halle-Wittenberg
Who was the head coach of the team France men's national volleyball team right after Nicolae Sotir?,France men's national volleyball team,Nicolae Sotir,Georges Derose
Who was the head coach of the team France men's national volleyball team right after Georges Derose?,France men's national volleyball team,Georges Derose,Georges Komatov
Who was the head coach of the team France men's national volleyball team right after Georges Komatov?,France men's national volleyball team,Georges Komatov,Jean-Marc Buchel
Who was the head coach of the team France men's national volleyball team right after Jean-Marc Buchel?,France men's national volleyball team,Jean-Marc Buchel,Éric Daniel
Who was the head coach of the team France men's national volleyball team right after Éric Daniel?,France men's national volleyball team,Éric Daniel,Jean-Marie Fabiani
Who was the head coach of the team France men's national volleyball team right after Philippe Blain?,France men's national volleyball team,Philippe Blain,Laurent Tillie
Which position did George Windsor-Clive hold right after Member of the 32nd Parliament of the United Kingdom?,George Windsor-Clive,Member of the 32nd Parliament of the United Kingdom,Member of the 33rd Parliament of the United Kingdom
Which position did George Windsor-Clive hold right after Member of the 36th Parliament of the United Kingdom?,George Windsor-Clive,Member of the 36th Parliament of the United Kingdom,Member of the 37th Parliament of the United Kingdom
Who was the head coach of the team MKE Ankaragücü right after İsmail Kartal?,MKE Ankaragücü,İsmail Kartal,İbrahim Üzülmez
Who was the head coach of the team MKE Ankaragücü right after İbrahim Üzülmez?,MKE Ankaragücü,İbrahim Üzülmez,Fuat Çapa
Who was the head coach of the team MKE Ankaragücü right after Mustafa Dalcı?,MKE Ankaragücü,Mustafa Dalcı,Ömer Erdoğan
"Which position did Sir Charles Warde, 1st Baronet hold right after Member of the 26th Parliament of the United Kingdom?","Sir Charles Warde, 1st Baronet",Member of the 26th Parliament of the United Kingdom,Member of the 27th Parliament of the United Kingdom
"Which position did Sir Charles Warde, 1st Baronet hold right after Member of the 27th Parliament of the United Kingdom?","Sir Charles Warde, 1st Baronet",Member of the 27th Parliament of the United Kingdom,Member of the 28th Parliament of the United Kingdom
Who was the head of state of Hanthawaddy Kingdom right after Wareru?,Hanthawaddy Kingdom,Wareru,Razadarit
Who was the head of state of Hanthawaddy Kingdom right after Shin Sawbu?,Hanthawaddy Kingdom,Shin Sawbu,Dhammazedi
Who was the head of state of Hanthawaddy Kingdom right after Dhammazedi?,Hanthawaddy Kingdom,Dhammazedi,Takayutpi
Which position did Simranjit Singh Mann hold right after Member of the 9th Lok Sabha?,Simranjit Singh Mann,Member of the 9th Lok Sabha,Member of the 13th Lok Sabha
Which position did Simranjit Singh Mann hold right after Member of the 13th Lok Sabha?,Simranjit Singh Mann,Member of the 13th Lok Sabha,Member of the 17th Lok Sabha
Which employer did David K. Levine work for right after University of Minnesota?,David K. Levine,University of Minnesota,"University of California, Los Angeles"
"Which employer did David K. Levine work for right after University of California, Los Angeles?",David K. Levine,"University of California, Los Angeles",Washington University in St. Louis
Which political party did Paweł Adamowicz belong to right after Liberal Democratic Congress?,Paweł Adamowicz,Liberal Democratic Congress,Civic Platform
Which political party did Paweł Adamowicz belong to right after Civic Platform?,Paweł Adamowicz,Civic Platform,independent politician
Which position did Anders Lysgaard hold right after member of the Parliament of Norway?,Anders Lysgaard,member of the Parliament of Norway,deputy member of the Parliament of Norway
Where was T. J. McConnell educated right after Chartiers Valley High School?,T. J. McConnell,Chartiers Valley High School,Duquesne University
Where was T. J. McConnell educated right after Duquesne University?,T. J. McConnell,Duquesne University,University of Arizona
Which team did Kees Bregman play for right after HFC Haarlem?,Kees Bregman,HFC Haarlem,ADO Den Haag
Which team did Kees Bregman play for right after ADO Den Haag?,Kees Bregman,ADO Den Haag,Roda JC Kerkrade
Which team did Kees Bregman play for right after Roda JC Kerkrade?,Kees Bregman,Roda JC Kerkrade,Arminia Bielefeld
Which team did Kees Bregman play for right after Arminia Bielefeld?,Kees Bregman,Arminia Bielefeld,MSV Duisburg
Which employer did Allison Littlejohn work for right after The Open University?,Allison Littlejohn,The Open University,University of Glasgow
Who was the chair of Roman Catholic Diocese of Gaspé right after Albini LeBlanc?,Roman Catholic Diocese of Gaspé,Albini LeBlanc,Jean-Marie Fortier
Who was the chair of Roman Catholic Diocese of Gaspé right after Joseph Gilles Napoléon Ouellet?,Roman Catholic Diocese of Gaspé,Joseph Gilles Napoléon Ouellet,Bertrand Blanchet
Which team did Marko Memedović play for right after FK Sloboda Užice?,Marko Memedović,FK Sloboda Užice,FK Metalac Gornji Milanovac
Who was the head of Râșnov right after Liviu Butnaru?,Râșnov,Liviu Butnaru,Liviu-Călin Butnariu
Which position did Samuel Whitbread hold right after Member of the 16th Parliament of the United Kingdom?,Samuel Whitbread,Member of the 16th Parliament of the United Kingdom,Member of the 17th Parliament of the United Kingdom
Which position did Samuel Whitbread hold right after Member of the 17th Parliament of the United Kingdom?,Samuel Whitbread,Member of the 17th Parliament of the United Kingdom,Member of the 18th Parliament of the United Kingdom
Which position did Samuel Whitbread hold right after Member of the 18th Parliament of the United Kingdom?,Samuel Whitbread,Member of the 18th Parliament of the United Kingdom,Member of the 19th Parliament of the United Kingdom
Which position did Samuel Whitbread hold right after Member of the 20th Parliament of the United Kingdom?,Samuel Whitbread,Member of the 20th Parliament of the United Kingdom,Member of the 21st Parliament of the United Kingdom
Which position did Samuel Whitbread hold right after Member of the 21st Parliament of the United Kingdom?,Samuel Whitbread,Member of the 21st Parliament of the United Kingdom,Member of the 22nd Parliament of the United Kingdom
Which position did Samuel Whitbread hold right after Member of the 22nd Parliament of the United Kingdom?,Samuel Whitbread,Member of the 22nd Parliament of the United Kingdom,Member of the 23rd Parliament of the United Kingdom
Which position did Samuel Whitbread hold right after Member of the 24th Parliament of the United Kingdom?,Samuel Whitbread,Member of the 24th Parliament of the United Kingdom,Member of the 25th Parliament of the United Kingdom
Which employer did Tamsin Ford work for right after Royal London Hospital?,Tamsin Ford,Royal London Hospital,South London and Maudsley NHS Foundation Trust
"Which employer did Tamsin Ford work for right after Institute of Psychiatry, Psychology and Neuroscience?",Tamsin Ford,"Institute of Psychiatry, Psychology and Neuroscience",University of Exeter Medical School
Who was the head of Lannemezan right after Paul Baratgin?,Lannemezan,Paul Baratgin,Pierre Bleuler
Who was the head of Lannemezan right after Pierre Bleuler?,Lannemezan,Pierre Bleuler,Bernard Plano
Which employer did Roger D. Launius work for right after NASA?,Roger D. Launius,NASA,Smithsonian Institution
Who was the head of state of Slovakia right after Michal Kováč?,Slovakia,Michal Kováč,Rudolf Schuster
Who was the head of state of Slovakia right after Andrej Kiska?,Slovakia,Andrej Kiska,Zuzana Čaputová
Who was the head of Belgium right after Charles Michel?,Belgium,Charles Michel,Sophie Wilmès
Who was the head of Dresden District right after Rudolf Jahn?,Dresden District,Rudolf Jahn,Walter Weidauer
Who was the head of Castres right after Jacques Limouzy?,Castres,Jacques Limouzy,Arnaud Mandement
Which position did Dugdale Dugdale hold right after Member of the 3rd Parliament of the United Kingdom?,Dugdale Dugdale,Member of the 3rd Parliament of the United Kingdom,Member of the 4th Parliament of the United Kingdom
Which position did Dugdale Dugdale hold right after Member of the 5th Parliament of the United Kingdom?,Dugdale Dugdale,Member of the 5th Parliament of the United Kingdom,Member of the 6th Parliament of the United Kingdom
Which position did Dugdale Dugdale hold right after Member of the 7th Parliament of the United Kingdom?,Dugdale Dugdale,Member of the 7th Parliament of the United Kingdom,Member of the 8th Parliament of the United Kingdom
Which position did Dugdale Dugdale hold right after Member of the 8th Parliament of the United Kingdom?,Dugdale Dugdale,Member of the 8th Parliament of the United Kingdom,Member of the 9th Parliament of the United Kingdom
Which political party did Amiruddin Hamzah belong to right after Malaysian Islamic Party?,Amiruddin Hamzah,Malaysian Islamic Party,Malaysian United Indigenous Party
Which political party did Amiruddin Hamzah belong to right after Malaysian United Indigenous Party?,Amiruddin Hamzah,Malaysian United Indigenous Party,independent politician
Which political party did Amiruddin Hamzah belong to right after independent politician?,Amiruddin Hamzah,independent politician,Homeland Fighter Party
Which position did Johannes Hougen hold right after deputy member of the Parliament of Norway?,Johannes Hougen,deputy member of the Parliament of Norway,member of the Parliament of Norway
Which position did Johannes Hougen hold right after member of the Parliament of Norway?,Johannes Hougen,member of the Parliament of Norway,Minister of Education and Church Affairs
Who was the chair of Eurelectric right after Fulvio Conti?,Eurelectric,Fulvio Conti,Johannes Teyssen
Who was the chair of Eurelectric right after Johannes Teyssen?,Eurelectric,Johannes Teyssen,António Mexia
Who was the chair of Eurelectric right after António Mexia?,Eurelectric,António Mexia,Francesco Starace
Which team did Luke Varney play for right after Blackpool F.C.?,Luke Varney,Blackpool F.C.,Portsmouth F.C.
Which team did Luke Varney play for right after Portsmouth F.C.?,Luke Varney,Portsmouth F.C.,Leeds United F.C.
Which team did Luke Varney play for right after Leeds United F.C.?,Luke Varney,Leeds United F.C.,Blackburn Rovers F.C.
Which team did Luke Varney play for right after Blackburn Rovers F.C.?,Luke Varney,Blackburn Rovers F.C.,Ipswich Town F.C.
Which employer did Patrick du Val work for right after Trinity College?,Patrick du Val,Trinity College,Victoria University of Manchester
Which employer did Patrick du Val work for right after Victoria University of Manchester?,Patrick du Val,Victoria University of Manchester,University of Georgia
Which employer did Patrick du Val work for right after University of Georgia?,Patrick du Val,University of Georgia,University of Bristol
Which employer did Patrick du Val work for right after University of Bristol?,Patrick du Val,University of Bristol,University College London
Who was the head coach of the team Tampa Bay Rowdies right after Perry Van der Beck?,Tampa Bay Rowdies,Perry Van der Beck,Ricky Hill
Who was the head coach of the team Tampa Bay Rowdies right after Ricky Hill?,Tampa Bay Rowdies,Ricky Hill,Thomas Rongen
Who was the head coach of the team Tampa Bay Rowdies right after Thomas Rongen?,Tampa Bay Rowdies,Thomas Rongen,Stuart Campbell
Who was the head coach of the team Tampa Bay Rowdies right after Stuart Campbell?,Tampa Bay Rowdies,Stuart Campbell,Neill Collins
Which team did Lukas Grozurek play for right after Wiener Sport-Club?,Lukas Grozurek,Wiener Sport-Club,SK Rapid Wien
Which team did Lukas Grozurek play for right after SK Rapid Wien?,Lukas Grozurek,SK Rapid Wien,FC Admira Wacker Mödling
Which employer did Grace Hopper work for right after Vassar College?,Grace Hopper,Vassar College,Bureau of Ships
Which employer did Grace Hopper work for right after Sperry Corporation?,Grace Hopper,Sperry Corporation,Naval Sea Systems Command
Which team did Bill Brown play for right after Southampton F.C.?,Bill Brown,Southampton F.C.,Charlton Athletic F.C.
Which team did Bill Brown play for right after Charlton Athletic F.C.?,Bill Brown,Charlton Athletic F.C.,Romford F.C.
Which team did Bill Brown play for right after Chelmsford City F.C.?,Bill Brown,Chelmsford City F.C.,Gillingham F.C.
Which team did Bill Brown play for right after Gillingham F.C.?,Bill Brown,Gillingham F.C.,Portsmouth F.C.
Which team did Bill Brown play for right after Portsmouth F.C.?,Bill Brown,Portsmouth F.C.,Margate F.C.
Which position did Olusegun Obasanjo hold right after Vice President of Nigeria?,Olusegun Obasanjo,Vice President of Nigeria,President of Nigeria
Who was the head of Isabela right after Faustino Dy?,Isabela,Faustino Dy,Benjamin Dy
Who was the head of Isabela right after Grace Padaca?,Isabela,Grace Padaca,Faustino G. Dy III
Who was the head of Isabela right after Faustino G. Dy III?,Isabela,Faustino G. Dy III,Rodolfo T. Albano III
Which team did Ernie Thompson play for right after Carlisle United F.C.?,Ernie Thompson,Carlisle United F.C.,Bristol City F.C.
Which team did Ernie Thompson play for right after Blackburn Rovers F.C.?,Ernie Thompson,Blackburn Rovers F.C.,Manchester United F.C.
Which team did Ernie Thompson play for right after Manchester United F.C.?,Ernie Thompson,Manchester United F.C.,Gateshead F.C.
Who was the head coach of the team Pittsburgh Steelers right after Bill Cowher?,Pittsburgh Steelers,Bill Cowher,Mike Tomlin
Which team did Nol van der Vin play for right after Persija Jakarta?,Nol van der Vin,Persija Jakarta,Fortuna '54
Which team did Alessandro Piacenti play for right after Foligno Calcio?,Alessandro Piacenti,Foligno Calcio,Parma Calcio 1913
Who was the chair of National Police of Ukraine right after Khatia Dekanoidze?,National Police of Ukraine,Khatia Dekanoidze,Vadym Troyan
Which employer did Michael Atwood Mason work for right after Anacostia Community Museum?,Michael Atwood Mason,Anacostia Community Museum,National Museum of Natural History
Which employer did Michael Atwood Mason work for right after National Museum of Natural History?,Michael Atwood Mason,National Museum of Natural History,Smithsonian Center for Folklife and Cultural Heritage
Which employer did Thierry Roland work for right after Office de Radiodiffusion Télévision Française?,Thierry Roland,Office de Radiodiffusion Télévision Française,France Inter
Which employer did Thierry Roland work for right after France Inter?,Thierry Roland,France Inter,RTL
Which employer did Thierry Roland work for right after Antenne 2?,Thierry Roland,Antenne 2,TF1
"Where was William Penney, Baron Penney educated right after Royal College of Science?","William Penney, Baron Penney",Royal College of Science,University of Groningen
"Where was William Penney, Baron Penney educated right after Imperial College London?","William Penney, Baron Penney",Imperial College London,University of Wisconsin–Madison
"Where was William Penney, Baron Penney educated right after University of Wisconsin–Madison?","William Penney, Baron Penney",University of Wisconsin–Madison,University of Cambridge
Which employer did Faye McLeod work for right after St Antony's College?,Faye McLeod,St Antony's College,Aston Martin Heritage Trust Museum
Which employer did Faye McLeod work for right after Aston Martin Heritage Trust Museum?,Faye McLeod,Aston Martin Heritage Trust Museum,Keble College
Which employer did Faye McLeod work for right after Keble College?,Faye McLeod,Keble College,Bodleian Libraries
Who was the chair of University of Limoges right after Jacques Fontanille?,University of Limoges,Jacques Fontanille,Hélène Pauliat
Which political party did Nicolás Salmerón y Alonso belong to right after Progressive Party?,Nicolás Salmerón y Alonso,Progressive Party,Republican Union
Who was the chair of Ministry of Transport and Communications right after Jon Georg Dale?,Ministry of Transport and Communications,Jon Georg Dale,Knut Arild Hareide
Which position did Daniel Scioli hold right after Vice President of Argentina?,Daniel Scioli,Vice President of Argentina,Governor of Buenos Aires Province
Which position did Daniel Scioli hold right after member of the Argentine Chamber of Deputies?,Daniel Scioli,member of the Argentine Chamber of Deputies,ambassador of Argentina to Brazil
Where was Joëlle Elvinger educated right after Lycée de garçons Luxembourg?,Joëlle Elvinger,Lycée de garçons Luxembourg,Paul Cézanne University
Where was Joëlle Elvinger educated right after Paul Cézanne University?,Joëlle Elvinger,Paul Cézanne University,Queen Mary University of London
Which employer did George Philbrook work for right after Multnomah Athletic Club?,George Philbrook,Multnomah Athletic Club,University of Idaho
Which employer did George Philbrook work for right after Whittier College?,George Philbrook,Whittier College,"University of Nevada, Reno"
Who was the owner of Woman with a Parrot right after Gustave Courbet?,Woman with a Parrot,Gustave Courbet,Jules Bordet
Who was the owner of Woman with a Parrot right after Jules Bordet?,Woman with a Parrot,Jules Bordet,Henry Osborne Havemeyer
Which position did George Willey hold right after Member of the 38th Parliament of the United Kingdom?,George Willey,Member of the 38th Parliament of the United Kingdom,Member of the 39th Parliament of the United Kingdom
Which position did George Willey hold right after Member of the 39th Parliament of the United Kingdom?,George Willey,Member of the 39th Parliament of the United Kingdom,Member of the 40th Parliament of the United Kingdom
Which political party did Takeo Miki belong to right after Cooperative Democratic Party?,Takeo Miki,Cooperative Democratic Party,National Cooperative Party
Which political party did Takeo Miki belong to right after National Cooperative Party?,Takeo Miki,National Cooperative Party,National Democratic Party (Japan)
Which political party did Takeo Miki belong to right after National Democratic Party (Japan)?,Takeo Miki,National Democratic Party (Japan),Kaishintō
Which political party did Takeo Miki belong to right after Kaishintō?,Takeo Miki,Kaishintō,Japan Democratic Party
Which political party did Takeo Miki belong to right after Japan Democratic Party?,Takeo Miki,Japan Democratic Party,Liberal Democratic Party
Which employer did Tom Meschery work for right after Golden State Warriors?,Tom Meschery,Golden State Warriors,Seattle SuperSonics
Which employer did Tom Meschery work for right after Seattle SuperSonics?,Tom Meschery,Seattle SuperSonics,Carolina Cougars
Which employer did Richard Feynman work for right after Manhattan Project?,Richard Feynman,Manhattan Project,Cornell University
Which team did Jason Price play for right after Hull City A.F.C.?,Jason Price,Hull City A.F.C.,Doncaster Rovers F.C.
Which team did Jason Price play for right after Doncaster Rovers F.C.?,Jason Price,Doncaster Rovers F.C.,Millwall F.C.
Which team did Jason Price play for right after Millwall F.C.?,Jason Price,Millwall F.C.,Bradford City A.F.C.
Which team did Jason Price play for right after Shaw Lane Aquaforce F.C.?,Jason Price,Shaw Lane Aquaforce F.C.,Brighouse Town F.C.
Which employer did Wolfgang Rindler work for right after University of Liverpool?,Wolfgang Rindler,University of Liverpool,University of London
Which employer did Wolfgang Rindler work for right after University of London?,Wolfgang Rindler,University of London,Cornell University
Who was the head coach of the team Levadiakos F.C. right after Giuseppe Sannino?,Levadiakos F.C.,Giuseppe Sannino,Sotiris Antoniou
Who was the head coach of the team Levadiakos F.C. right after Sotiris Antoniou?,Levadiakos F.C.,Sotiris Antoniou,Giannis Taousianis
Which team did Dzhambulad Bazayev play for right after FC Saturn Ramenskoye?,Dzhambulad Bazayev,FC Saturn Ramenskoye,Rubin Kazan
Which position did Chris Ruane hold right after Member of the 52nd Parliament of the United Kingdom?,Chris Ruane,Member of the 52nd Parliament of the United Kingdom,Member of the 53rd Parliament of the United Kingdom
Which position did Chris Ruane hold right after Member of the 54th Parliament of the United Kingdom?,Chris Ruane,Member of the 54th Parliament of the United Kingdom,Member of the 55th Parliament of the United Kingdom
Which team did Mike McCartney play for right after Carlisle United F.C.?,Mike McCartney,Carlisle United F.C.,Gretna F.C.
Which employer did John R. Kirtley work for right after University of Pennsylvania?,John R. Kirtley,University of Pennsylvania,IBM Thomas J. Watson Research Center
Which employer did John R. Kirtley work for right after IBM Thomas J. Watson Research Center?,John R. Kirtley,IBM Thomas J. Watson Research Center,Stanford University
Which team did Christophe Samson play for right after Stade Rochelais?,Christophe Samson,Stade Rochelais,ASM Clermont Auvergne
Which team did Christophe Samson play for right after ASM Clermont Auvergne?,Christophe Samson,ASM Clermont Auvergne,RC Toulonnais
Which team did Paul Hinshelwood play for right after England national under-21 association football team?,Paul Hinshelwood,England national under-21 association football team,Oxford United F.C.
Which team did Paul Hinshelwood play for right after Millwall F.C.?,Paul Hinshelwood,Millwall F.C.,Colchester United F.C.
Which employer did Sonja Brentjes work for right after Leipzig University?,Sonja Brentjes,Leipzig University,Goethe University Frankfurt
Which employer did Sonja Brentjes work for right after Goethe University Frankfurt?,Sonja Brentjes,Goethe University Frankfurt,University of Oklahoma
Which position did Andreas Cappelen hold right after Minister of Finance of Norway?,Andreas Cappelen,Minister of Finance of Norway,Foreign Minister of Norway
Which position did Andreas Cappelen hold right after Foreign Minister of Norway?,Andreas Cappelen,Foreign Minister of Norway,Minister of Justice and Public Security
Which position did Richard Ryder hold right after Member of the 17th Parliament of Great Britain?,Richard Ryder,Member of the 17th Parliament of Great Britain,Member of the 18th Parliament of Great Britain
Which position did Richard Ryder hold right after Member of the 18th Parliament of Great Britain?,Richard Ryder,Member of the 18th Parliament of Great Britain,Member of the 1st Parliament of the United Kingdom
Which position did Richard Ryder hold right after Member of the 1st Parliament of the United Kingdom?,Richard Ryder,Member of the 1st Parliament of the United Kingdom,Member of the 2nd Parliament of the United Kingdom
Which position did Richard Ryder hold right after Member of the 2nd Parliament of the United Kingdom?,Richard Ryder,Member of the 2nd Parliament of the United Kingdom,Member of the 3rd Parliament of the United Kingdom
Which position did Richard Ryder hold right after Member of the 3rd Parliament of the United Kingdom?,Richard Ryder,Member of the 3rd Parliament of the United Kingdom,Member of the 4th Parliament of the United Kingdom
Which position did Richard Ryder hold right after Home Secretary?,Richard Ryder,Home Secretary,Member of the 5th Parliament of the United Kingdom
Which position did Richard Ryder hold right after Member of the 6th Parliament of the United Kingdom?,Richard Ryder,Member of the 6th Parliament of the United Kingdom,Member of the 7th Parliament of the United Kingdom
Which position did Richard Ryder hold right after Member of the 7th Parliament of the United Kingdom?,Richard Ryder,Member of the 7th Parliament of the United Kingdom,Member of the 8th Parliament of the United Kingdom
Where was Princess Eugenie educated right after Upton House School?,Princess Eugenie,Upton House School,"St George's School, Windsor Castle"
Where was Princess Eugenie educated right after Marlborough College?,Princess Eugenie,Marlborough College,Newcastle University
Who was the owner of i right after Johnston Press?,i,Johnston Press,JPIMedia
Who was the chair of International Ski Federation right after Ivar Holmquist?,International Ski Federation,Ivar Holmquist,Nikolai Ramm Østgaard
Who was the chair of International Ski Federation right after Marc Hodler?,International Ski Federation,Marc Hodler,Gian-Franco Kasper
Who was the chair of International Ski Federation right after Gian-Franco Kasper?,International Ski Federation,Gian-Franco Kasper,Johan Eliasch
Which employer did Paul Stäckel work for right after University of Halle-Wittenberg?,Paul Stäckel,University of Halle-Wittenberg,University of Königsberg
Which employer did Paul Stäckel work for right after University of Kiel?,Paul Stäckel,University of Kiel,Leibniz University Hannover
Which employer did Paul Stäckel work for right after Leibniz University Hannover?,Paul Stäckel,Leibniz University Hannover,Karlsruhe Institute of Technology
Which employer did Paul Stäckel work for right after Karlsruhe Institute of Technology?,Paul Stäckel,Karlsruhe Institute of Technology,Heidelberg University
Which employer did Jean Vercoutter work for right after Louvre Museum?,Jean Vercoutter,Louvre Museum,National Center for Scientific Research
Which employer did Jean Vercoutter work for right after National Center for Scientific Research?,Jean Vercoutter,National Center for Scientific Research,University of Lille
Who was the chair of Civic Choice right after Andrea Riccardi?,Civic Choice,Andrea Riccardi,Mario Monti
Who was the chair of Civic Choice right after Alberto Bombassei?,Civic Choice,Alberto Bombassei,Renato Balduzzi
Who was the chair of Civic Choice right after Renato Balduzzi?,Civic Choice,Renato Balduzzi,Salvatore Matarrese
Who was the chair of Civic Choice right after Salvatore Matarrese?,Civic Choice,Salvatore Matarrese,Mariano Rabino
Who was the head coach of the team Clube Desportivo das Aves right after Paulo Fonseca?,Clube Desportivo das Aves,Paulo Fonseca,Augusto Inácio
Who was the head coach of the team Clube Desportivo das Aves right after Augusto Inácio?,Clube Desportivo das Aves,Augusto Inácio,Nuno Manta Santos
Who was the head coach of the team FK Bodø/Glimt right after Jan Halvor Halvorsen?,FK Bodø/Glimt,Jan Halvor Halvorsen,Aasmund Bjørkan
Who was the head coach of the team FK Bodø/Glimt right after Aasmund Bjørkan?,FK Bodø/Glimt,Aasmund Bjørkan,Kjetil Knutsen
Which team did Djamel Bouaïcha play for right after Paradou AC?,Djamel Bouaïcha,Paradou AC,USM Annaba
Which team did Djamel Bouaïcha play for right after USM Annaba?,Djamel Bouaïcha,USM Annaba,MC El Eulma
Which team did Djamel Bouaïcha play for right after Mouloudia Club Oranais?,Djamel Bouaïcha,Mouloudia Club Oranais,RC Arbaâ
Which employer did Yves Calvi work for right after Radio France Internationale?,Yves Calvi,Radio France Internationale,France Info
Which employer did Yves Calvi work for right after France Info?,Yves Calvi,France Info,RMC
Which employer did Yves Calvi work for right after France Inter?,Yves Calvi,France Inter,LCI
Which employer did Yves Calvi work for right after LCI?,Yves Calvi,LCI,Canal+
Which team did Thanasis Sentementes play for right after Kalamata F.C.?,Thanasis Sentementes,Kalamata F.C.,Doxa Vyronas F.C.
Which team did Thanasis Sentementes play for right after Doxa Vyronas F.C.?,Thanasis Sentementes,Doxa Vyronas F.C.,PAS Giannina F.C.
Which team did Thanasis Sentementes play for right after PAS Giannina F.C.?,Thanasis Sentementes,PAS Giannina F.C.,Panserraikos F.C.
Which team did Thanasis Sentementes play for right after PAE Kerkyra?,Thanasis Sentementes,PAE Kerkyra,Panachaiki G.E.
Where was Stilianos Alexiou educated right after National and Kapodistrian University of Athens?,Stilianos Alexiou,National and Kapodistrian University of Athens,National Center for Scientific Research
Which employer did Phoebe S. Leboy work for right after Bryn Mawr College?,Phoebe S. Leboy,Bryn Mawr College,Perelman School of Medicine at the University of Pennsylvania
Which employer did Phoebe S. Leboy work for right after Perelman School of Medicine at the University of Pennsylvania?,Phoebe S. Leboy,Perelman School of Medicine at the University of Pennsylvania,Weizmann Institute of Science
Which team did Giovanni Galeone play for right after A.C. Monza?,Giovanni Galeone,A.C. Monza,UFM Monfalcone
Which team did Giovanni Galeone play for right after UFM Monfalcone?,Giovanni Galeone,UFM Monfalcone,Udinese Calcio
Who was the head coach of the team FC Bayern Munich right after Giovanni Trapattoni?,FC Bayern Munich,Giovanni Trapattoni,Ottmar Hitzfeld
Who was the head coach of the team FC Bayern Munich right after Ottmar Hitzfeld?,FC Bayern Munich,Ottmar Hitzfeld,Jürgen Klinsmann
Who was the head coach of the team FC Bayern Munich right after Jürgen Klinsmann?,FC Bayern Munich,Jürgen Klinsmann,Louis van Gaal
Who was the head coach of the team FC Bayern Munich right after Andries Jonker?,FC Bayern Munich,Andries Jonker,Josep Guardiola
Who was the head coach of the team FC Bayern Munich right after Josep Guardiola?,FC Bayern Munich,Josep Guardiola,Carlo Ancelotti
Who was the head coach of the team FC Bayern Munich right after Niko Kovač?,FC Bayern Munich,Niko Kovač,Hansi Flick
Who was the head coach of the team FC Bayern Munich right after Hansi Flick?,FC Bayern Munich,Hansi Flick,Julian Nagelsmann
Who was the chair of ANSOL - Associação Nacional para o Software Livre right after Jaime Villate?,ANSOL - Associação Nacional para o Software Livre,Jaime Villate,Rui Seabra
Who was the chair of ANSOL - Associação Nacional para o Software Livre right after Rui Seabra?,ANSOL - Associação Nacional para o Software Livre,Rui Seabra,Marcos Marado
Who was the chair of ANSOL - Associação Nacional para o Software Livre right after Marcos Marado?,ANSOL - Associação Nacional para o Software Livre,Marcos Marado,Tiago Carrondo
Which employer did Murdoch MacLennan work for right after Reach plc?,Murdoch MacLennan,Reach plc,DMG Media
Which employer did Murdoch MacLennan work for right after DMG Media?,Murdoch MacLennan,DMG Media,Telegraph Media Group
Which team did Cecilia Salvai play for right after Italy women's national under-19 football team?,Cecilia Salvai,Italy women's national under-19 football team,Football Club femminile Rapid Lugano
Which team did Cecilia Salvai play for right after Football Club femminile Rapid Lugano?,Cecilia Salvai,Football Club femminile Rapid Lugano,ASD AGSM Verona
Which team did Cecilia Salvai play for right after ACF Brescia Calcio Femminile?,Cecilia Salvai,ACF Brescia Calcio Femminile,Juventus F.C. Women
Which team did Gerardo Berodia play for right after CD El Álamo?,Gerardo Berodia,CD El Álamo,DAV Santa Ana
Which team did Gerardo Berodia play for right after DAV Santa Ana?,Gerardo Berodia,DAV Santa Ana,RSD Alcalá
Which team did Gerardo Berodia play for right after CA Pinto?,Gerardo Berodia,CA Pinto,UD San Sebastián de los Reyes
Which team did Gerardo Berodia play for right after UD San Sebastián de los Reyes?,Gerardo Berodia,UD San Sebastián de los Reyes,CD Leganés
Which team did Gerardo Berodia play for right after Zamora CF?,Gerardo Berodia,Zamora CF,Sociedad Deportiva Ponferradina
Which team did Gerardo Berodia play for right after Sociedad Deportiva Ponferradina?,Gerardo Berodia,Sociedad Deportiva Ponferradina,UB Conquense
Where was Victor Ambartsumian educated right after Herzen University?,Victor Ambartsumian,Herzen University,Faculty of Physics and Mathematics of the Saint Petersburg University
Which political party did Lin Cheng-chieh belong to right after Democratic Progressive Party?,Lin Cheng-chieh,Democratic Progressive Party,Unionist Party
Which political party did Lin Cheng-chieh belong to right after Unionist Party?,Lin Cheng-chieh,Unionist Party,Kuomintang
Which employer did Ethan Vishniac work for right after University of Texas at Austin?,Ethan Vishniac,University of Texas at Austin,Johns Hopkins University
Which employer did Deane Montgomery work for right after Smith College?,Deane Montgomery,Smith College,Yale University
Which employer did Deane Montgomery work for right after Yale University?,Deane Montgomery,Yale University,Institute for Advanced Study
Where was Gustave Choquet educated right after Lycée Saint-Louis?,Gustave Choquet,Lycée Saint-Louis,École normale supérieure  (Paris)
Where was Gustave Choquet educated right after École normale supérieure  (Paris)?,Gustave Choquet,École normale supérieure  (Paris),Princeton University
Where was Janet Perlman educated right after École des arts graphiques?,Janet Perlman,École des arts graphiques,Concordia University
Where was Janet Perlman educated right after Concordia University?,Janet Perlman,Concordia University,Vanier College
"Which position did Hamish Gray, Baron Gray of Contin hold right after Member of the 45th Parliament of the United Kingdom?","Hamish Gray, Baron Gray of Contin",Member of the 45th Parliament of the United Kingdom,Member of the 46th Parliament of the United Kingdom
"Which position did Hamish Gray, Baron Gray of Contin hold right after Member of the 46th Parliament of the United Kingdom?","Hamish Gray, Baron Gray of Contin",Member of the 46th Parliament of the United Kingdom,Member of the 47th Parliament of the United Kingdom
Which team did Eric Kwekeu play for right after AS Mangasport?,Eric Kwekeu,AS Mangasport,Sapins FC
Who was the head coach of the team R.S.C. Anderlecht right after Fred Rutten?,R.S.C. Anderlecht,Fred Rutten,Franky Vercauteren
Who was the head coach of the team R.S.C. Anderlecht right after Franky Vercauteren?,R.S.C. Anderlecht,Franky Vercauteren,Vincent Kompany
Which employer did Thomas Albrecht-Schönzart work for right after Auburn University?,Thomas Albrecht-Schönzart,Auburn University,University of Notre Dame
Which employer did Thomas Albrecht-Schönzart work for right after University of Notre Dame?,Thomas Albrecht-Schönzart,University of Notre Dame,Florida State University
Who was the head of Zorlențu Mare right after Viorel Ișfan?,Zorlențu Mare,Viorel Ișfan,Martin Cornea
Who was the head of Zorlențu Mare right after Martin Cornea?,Zorlențu Mare,Martin Cornea,Ion-Marius Ișfan
Which position did Jacob Bright hold right after Member of the 20th Parliament of the United Kingdom?,Jacob Bright,Member of the 20th Parliament of the United Kingdom,Member of the 21st Parliament of the United Kingdom
Which position did Jacob Bright hold right after Member of the 21st Parliament of the United Kingdom?,Jacob Bright,Member of the 21st Parliament of the United Kingdom,Member of the 22nd Parliament of the United Kingdom
Which position did Jacob Bright hold right after Member of the 22nd Parliament of the United Kingdom?,Jacob Bright,Member of the 22nd Parliament of the United Kingdom,Member of the 24th Parliament of the United Kingdom
Which position did Jacob Bright hold right after Member of the 24th Parliament of the United Kingdom?,Jacob Bright,Member of the 24th Parliament of the United Kingdom,Member of the 25th Parliament of the United Kingdom
Which position did Charles Frewen hold right after Member of the 14th Parliament of the United Kingdom?,Charles Frewen,Member of the 14th Parliament of the United Kingdom,Member of the 15th Parliament of the United Kingdom
Which team did Marco Piccinni play for right after F.B. Brindisi 1912?,Marco Piccinni,F.B. Brindisi 1912,S.S.D. Lucchese 1905
Who was the chair of Embassy of Ukraine in Greece right after Boris Korneenko?,Embassy of Ukraine in Greece,Boris Korneenko,Yuriy A. Sergeyev
Who was the chair of Embassy of Ukraine in Greece right after Yuriy A. Sergeyev?,Embassy of Ukraine in Greece,Yuriy A. Sergeyev,Victor Kalnik
Which employer did Johann Radon work for right after TU Wien?,Johann Radon,TU Wien,University of Hamburg
Which employer did Johann Radon work for right after University of Hamburg?,Johann Radon,University of Hamburg,University of Greifswald
Which employer did Johann Radon work for right after University of Greifswald?,Johann Radon,University of Greifswald,University of Erlangen-Nuremberg
Which employer did Johann Radon work for right after University of Erlangen-Nuremberg?,Johann Radon,University of Erlangen-Nuremberg,University of Wrocław
Which employer did Johann Radon work for right after University of Wrocław?,Johann Radon,University of Wrocław,University of Innsbruck
Which employer did Johann Radon work for right after University of Innsbruck?,Johann Radon,University of Innsbruck,University of Vienna
Which team did Cristian Dancia play for right after Romania national association football team?,Cristian Dancia,Romania national association football team,FC Torpedo Moscow
"Which position did François Baroin hold right after Minister of the Economy, Finances and Industry?",François Baroin,"Minister of the Economy, Finances and Industry",member of the French National Assembly
Who was the head of Kyōto Prefecture right after Masanano Makimura?,Kyōto Prefecture,Masanano Makimura,Kunimichi Kitagaki
Who was the head of Kyōto Prefecture right after Kunimichi Kitagaki?,Kyōto Prefecture,Kunimichi Kitagaki,Sadaaki Senda
Who was the head of Kyōto Prefecture right after Sadaaki Senda?,Kyōto Prefecture,Sadaaki Senda,Yamada Nobumichi
Who was the head of Kyōto Prefecture right after Yamada Nobumichi?,Kyōto Prefecture,Yamada Nobumichi,Utsumi Tadakatsu
Who was the head of Kyōto Prefecture right after Utsumi Tadakatsu?,Kyōto Prefecture,Utsumi Tadakatsu,Chikaaki Takasaki
Who was the head of Kyōto Prefecture right after Raizo Wakabayashi?,Kyōto Prefecture,Raizo Wakabayashi,Tokikazu Ikematsu
Who was the head of Kyōto Prefecture right after Tokikazu Ikematsu?,Kyōto Prefecture,Tokikazu Ikematsu,Konosuke Hamada
Who was the head of Kyōto Prefecture right after Konosuke Hamada?,Kyōto Prefecture,Konosuke Hamada,Shigorō Sugiyama
Who was the head of Kyōto Prefecture right after Shigeyoshi Omihara?,Kyōto Prefecture,Shigeyoshi Omihara,Shinichi Sagami
Who was the head of Kyōto Prefecture right after Shinya Kurosaki?,Kyōto Prefecture,Shinya Kurosaki,Sukenari Yokoyama
Who was the head of Kyōto Prefecture right after Munenori Saito?,Kyōto Prefecture,Munenori Saito,Kotora Akamatsu
Who was the head of Kyōto Prefecture right after Jitsuzō Kawanishi?,Kyōto Prefecture,Jitsuzō Kawanishi,Kyōshirō Andō
Who was the head of Kyōto Prefecture right after Chiyoji Yukisawa?,Kyōto Prefecture,Chiyoji Yukisawa,Zentarō Arai
Who was the head of Kyōto Prefecture right after Zentarō Arai?,Kyōto Prefecture,Zentarō Arai,Shigeo Miyoshi
Who was the head of Kyōto Prefecture right after Shigeo Miyoshi?,Kyōto Prefecture,Shigeo Miyoshi,Torazō Ninagawa
Who was the head of Kyōto Prefecture right after Torazō Ninagawa?,Kyōto Prefecture,Torazō Ninagawa,Yukio Hayashida
Who was the head of Kyōto Prefecture right after Yukio Hayashida?,Kyōto Prefecture,Yukio Hayashida,Teiichi Aramaki
Who was the head of Kyōto Prefecture right after Teiichi Aramaki?,Kyōto Prefecture,Teiichi Aramaki,Keiji Yamada
Who was the head of Kyōto Prefecture right after Keiji Yamada?,Kyōto Prefecture,Keiji Yamada,Takatoshi Nishiwaki
Who was the chair of Claremont Colleges right after James A. Blaisdell?,Claremont Colleges,James A. Blaisdell,Louis T. Benezet
Who was the chair of Claremont Colleges right after Louis T. Benezet?,Claremont Colleges,Louis T. Benezet,Barnaby Keeney
Who was the chair of International AIDS Society right after Linda-Gail Bekker?,International AIDS Society,Linda-Gail Bekker,Adeeba Kamarulzaman
"Which position did Sir Charles Abney-Hastings, 2nd Baronet hold right after High Sheriff of Derbyshire?","Sir Charles Abney-Hastings, 2nd Baronet",High Sheriff of Derbyshire,Member of the 8th Parliament of the United Kingdom
"Which position did Sir Charles Abney-Hastings, 2nd Baronet hold right after Member of the 8th Parliament of the United Kingdom?","Sir Charles Abney-Hastings, 2nd Baronet",Member of the 8th Parliament of the United Kingdom,Member of the 9th Parliament of the United Kingdom
Which team did Mark Gower play for right after Barnet F.C.?,Mark Gower,Barnet F.C.,Southend United F.C.
Which team did Mark Gower play for right after Swansea City A.F.C.?,Mark Gower,Swansea City A.F.C.,Charlton Athletic F.C.
Which position did Gareth Evans hold right after Attorney-General for Australia?,Gareth Evans,Attorney-General for Australia,Minister for Industry and Innovation
Which position did Gareth Evans hold right after Minister for Infrastructure and Transport?,Gareth Evans,Minister for Infrastructure and Transport,Minister for Foreign Affairs
Who was the head of Treptow-Köpenick right after Klaus Ulbricht?,Treptow-Köpenick,Klaus Ulbricht,Gabriele Schöttler
Who was the head of Treptow-Köpenick right after Gabriele Schöttler?,Treptow-Köpenick,Gabriele Schöttler,Oliver Igel
Which position did Tsai Ing-wen hold right after Member of the Legislative Yuan?,Tsai Ing-wen,Member of the Legislative Yuan,Vice Premier of the Republic of China
Which position did Tsai Ing-wen hold right after Vice Premier of the Republic of China?,Tsai Ing-wen,Vice Premier of the Republic of China,President of the Republic of China
Which employer did Niall Ferguson work for right after University of Cambridge?,Niall Ferguson,University of Cambridge,University of Oxford
Which employer did Niall Ferguson work for right after University of Oxford?,Niall Ferguson,University of Oxford,New York University
Which employer did Niall Ferguson work for right after New York University?,Niall Ferguson,New York University,Harvard University
Where was Victoria Livengood educated right after East Davidson High School?,Victoria Livengood,East Davidson High School,University of North Carolina at Chapel Hill
"Which position did Ildefonso Díez de Rivera, Count of Almodóvar hold right after ministro de la Guerra?","Ildefonso Díez de Rivera, Count of Almodóvar",ministro de la Guerra,President of the Spanish Senate
"Which position did Ildefonso Díez de Rivera, Count of Almodóvar hold right after President of the Spanish Senate?","Ildefonso Díez de Rivera, Count of Almodóvar",President of the Spanish Senate,Minister of State of Spain
Which team did Modeste M'bami play for right after Paris Saint-Germain F.C.?,Modeste M'bami,Paris Saint-Germain F.C.,Olympique de Marseille
Which team did Modeste M'bami play for right after Olympique de Marseille?,Modeste M'bami,Olympique de Marseille,Unión Deportiva Almería
Which team did Modeste M'bami play for right after Al Ittihad FC?,Modeste M'bami,Al Ittihad FC,Le Havre AC
Which team did Wang Guoming play for right after Cangzhou Mighty Lions F.C.?,Wang Guoming,Cangzhou Mighty Lions F.C.,Henan Songshan Longmen F.C.
Which position did José Echegaray hold right after Minister of Public Works of Spain?,José Echegaray,Minister of Public Works of Spain,Minister of the Treasury of Spain
Which position did William Wilson-Todd hold right after Member of the 25th Parliament of the United Kingdom?,William Wilson-Todd,Member of the 25th Parliament of the United Kingdom,Member of the 26th Parliament of the United Kingdom
Which position did John Henry Puleston hold right after Member of the 23rd Parliament of the United Kingdom?,John Henry Puleston,Member of the 23rd Parliament of the United Kingdom,Member of the 24th Parliament of the United Kingdom
Which team did Mario Mutsch play for right after Alemannia Aachen?,Mario Mutsch,Alemannia Aachen,FC Aarau
Which team did Mario Mutsch play for right after FC Aarau?,Mario Mutsch,FC Aarau,FC Metz
Which team did Mario Mutsch play for right after FC Metz?,Mario Mutsch,FC Metz,FC Sion
Which team did Mario Mutsch play for right after FC Sion?,Mario Mutsch,FC Sion,FC St. Gallen
Which team did Mario Mutsch play for right after FC St. Gallen?,Mario Mutsch,FC St. Gallen,FC Progrès Niederkorn
Which employer did Gijs Bakker work for right after Koninklijke Van Kempen & Begeer?,Gijs Bakker,Koninklijke Van Kempen & Begeer,Delft University of Technology
Which employer did Gijs Bakker work for right after Delft University of Technology?,Gijs Bakker,Delft University of Technology,Design Academy Eindhoven
Which employer did Katya Scheinberg work for right after IBM Research?,Katya Scheinberg,IBM Research,Lehigh University
Which employer did Katya Scheinberg work for right after Lehigh University?,Katya Scheinberg,Lehigh University,Cornell University
Which employer did Ken Murph work for right after Walgreens Boots Alliance?,Ken Murph,Walgreens Boots Alliance,Tesco
Which position did Enoch Powell hold right after Member of the 39th Parliament of the United Kingdom?,Enoch Powell,Member of the 39th Parliament of the United Kingdom,Member of the 40th Parliament of the United Kingdom
Which position did Enoch Powell hold right after Financial Secretary to the Treasury?,Enoch Powell,Financial Secretary to the Treasury,Member of the 42nd Parliament of the United Kingdom
Which position did Enoch Powell hold right after Secretary of State for Health and Social Care?,Enoch Powell,Secretary of State for Health and Social Care,Member of the 43rd Parliament of the United Kingdom
Which position did Enoch Powell hold right after Member of the 47th Parliament of the United Kingdom?,Enoch Powell,Member of the 47th Parliament of the United Kingdom,Member of the 48th Parliament of the United Kingdom
Which team did Walid Azaro play for right after Difaa El Jadida?,Walid Azaro,Difaa El Jadida,Al Ahly SC
Which team did Walid Azaro play for right after Al Ahly SC?,Walid Azaro,Al Ahly SC,Ettifaq FC
Which team did Sandro Wolfinger play for right after Liechtenstein national under-21 football team?,Sandro Wolfinger,Liechtenstein national under-21 football team,FC Ruggell
Which team did Sandro Wolfinger play for right after FC Chur 97?,Sandro Wolfinger,FC Chur 97,FC Balzers
Which team did Sandro Wolfinger play for right after FC Balzers?,Sandro Wolfinger,FC Balzers,SV Heimstetten
Which team did Sandro Wolfinger play for right after SV Heimstetten?,Sandro Wolfinger,SV Heimstetten,BCF Wolfratshausen
Where was Clarice Phelps educated right after Tennessee State University?,Clarice Phelps,Tennessee State University,"University of Tennessee, Knoxville"
Which position did Peter Aldous hold right after Member of the 55th Parliament of the United Kingdom?,Peter Aldous,Member of the 55th Parliament of the United Kingdom,Member of the 56th Parliament of the United Kingdom
Which position did Peter Aldous hold right after Member of the 56th Parliament of the United Kingdom?,Peter Aldous,Member of the 56th Parliament of the United Kingdom,Member of the 57th Parliament of the United Kingdom
Which employer did J. M. Wallace-Hadrill work for right after University of Manchester?,J. M. Wallace-Hadrill,University of Manchester,Merton College
Which team did Miloš Soboňa play for right after Slovakia national association football team?,Miloš Soboňa,Slovakia national association football team,Bursaspor
Which team did Miloš Soboňa play for right after Bursaspor?,Miloš Soboňa,Bursaspor,FC Petržalka
Which team did Gilbert Dussier play for right after Jeunesse Esch?,Gilbert Dussier,Jeunesse Esch,A.S. Nancy-Lorraine
Which team did Gilbert Dussier play for right after A.S. Nancy-Lorraine?,Gilbert Dussier,A.S. Nancy-Lorraine,Lille OSC
Which team did Gilbert Dussier play for right after Lille OSC?,Gilbert Dussier,Lille OSC,K. Waterschei S.V. Thor Genk
Which employer did George F. Carrier work for right after Harvard School of Engineering and Applied Sciences?,George F. Carrier,Harvard School of Engineering and Applied Sciences,Brown University
Which employer did George F. Carrier work for right after Brown University?,George F. Carrier,Brown University,Harvard University
Which team did Emmanuel Pappoe play for right after Hapoel Kfar Saba F.C.?,Emmanuel Pappoe,Hapoel Kfar Saba F.C.,AEK Larnaca F.C.
Who was the head of Balassagyarmat right after István Lombos?,Balassagyarmat,István Lombos,Lajos Medvácz
Who was the head of Balassagyarmat right after Lajos Medvácz?,Balassagyarmat,Lajos Medvácz,Gábor Csach
Which team did Boris Hüttenbrenner play for right after Kapfenberger SV?,Boris Hüttenbrenner,Kapfenberger SV,FC Kärnten
Which team did Boris Hüttenbrenner play for right after FC Kärnten?,Boris Hüttenbrenner,FC Kärnten,Wolfsberger AC
Which team did Don Campbell play for right after Crewe Alexandra F.C.?,Don Campbell,Crewe Alexandra F.C.,Gillingham F.C.
Which employer did Annette Dittert work for right after Sender Freies Berlin?,Annette Dittert,Sender Freies Berlin,Westdeutscher Rundfunk
Which employer did Annette Dittert work for right after Westdeutscher Rundfunk?,Annette Dittert,Westdeutscher Rundfunk,Norddeutscher Rundfunk
Who was the head coach of the team New York Liberty right after Nancy Darsch?,New York Liberty,Nancy Darsch,Richie Adubato
Who was the head coach of the team New York Liberty right after John Whisenant?,New York Liberty,John Whisenant,Bill Laimbeer
Who was the head coach of the team New York Liberty right after Bill Laimbeer?,New York Liberty,Bill Laimbeer,Katie Smith
Which team did David Ginola play for right after OGC Nice?,David Ginola,OGC Nice,Sporting Toulon Var
Which team did David Ginola play for right after Paris Saint-Germain F.C.?,David Ginola,Paris Saint-Germain F.C.,Newcastle United F.C.
Which team did David Ginola play for right after Tottenham Hotspur F.C.?,David Ginola,Tottenham Hotspur F.C.,Aston Villa F.C.
Which employer did Emil Leon Post work for right after Princeton University?,Emil Leon Post,Princeton University,Columbia University
Which employer did Emil Leon Post work for right after Columbia University?,Emil Leon Post,Columbia University,Cornell University
Which employer did Emil Leon Post work for right after Cornell University?,Emil Leon Post,Cornell University,George Washington Educational Campus
Which employer did Emil Leon Post work for right after George Washington Educational Campus?,Emil Leon Post,George Washington Educational Campus,City College of New York
Who was the head coach of the team Bolton Wanderers F.C. right after Phil Parkinson?,Bolton Wanderers F.C.,Phil Parkinson,Keith Hill
Who was the head coach of the team Bolton Wanderers F.C. right after Keith Hill?,Bolton Wanderers F.C.,Keith Hill,Ian Evatt
Who was the head coach of the team FK Budućnost Podgorica right after Radislav Dragićević?,FK Budućnost Podgorica,Radislav Dragićević,Branko Brnović
Who was the head coach of the team FK Budućnost Podgorica right after Branko Brnović?,FK Budućnost Podgorica,Branko Brnović,Mladen Milinković
Which position did James Childs Gould hold right after Member of the 31st Parliament of the United Kingdom?,James Childs Gould,Member of the 31st Parliament of the United Kingdom,Member of the 32nd Parliament of the United Kingdom
Which position did James Childs Gould hold right after Member of the 32nd Parliament of the United Kingdom?,James Childs Gould,Member of the 32nd Parliament of the United Kingdom,Member of the 33rd Parliament of the United Kingdom
Who was the chair of Mouvement des Entreprises de France right after Laurence Parisot?,Mouvement des Entreprises de France,Laurence Parisot,Pierre Gattaz
Which team did Marco Kottmann play for right after FC Luzern?,Marco Kottmann,FC Luzern,SC Kriens
Which team did Marco Kottmann play for right after FC Schötz?,Marco Kottmann,FC Schötz,SC Cham
Which employer did Joseph Roach work for right after Sweet Briar College?,Joseph Roach,Sweet Briar College,Washington University in St. Louis
Which employer did Joseph Roach work for right after Washington University in St. Louis?,Joseph Roach,Washington University in St. Louis,Northwestern University
Which employer did Joseph Roach work for right after Northwestern University?,Joseph Roach,Northwestern University,Tulane University
Which employer did Joseph Roach work for right after Tulane University?,Joseph Roach,Tulane University,Yale University
Who was the head coach of the team AaB Fodbold right after Jacob Friis?,AaB Fodbold,Jacob Friis,Martí Cifuentes
"Which position did Charles Wentworth-Fitzwilliam, 5th Earl Fitzwilliam hold right after Member of the 3rd Parliament of the United Kingdom?","Charles Wentworth-Fitzwilliam, 5th Earl Fitzwilliam",Member of the 3rd Parliament of the United Kingdom,Member of the 4th Parliament of the United Kingdom
"Which position did Charles Wentworth-Fitzwilliam, 5th Earl Fitzwilliam hold right after Member of the 5th Parliament of the United Kingdom?","Charles Wentworth-Fitzwilliam, 5th Earl Fitzwilliam",Member of the 5th Parliament of the United Kingdom,Member of the 6th Parliament of the United Kingdom
"Which position did Charles Wentworth-Fitzwilliam, 5th Earl Fitzwilliam hold right after Member of the 7th Parliament of the United Kingdom?","Charles Wentworth-Fitzwilliam, 5th Earl Fitzwilliam",Member of the 7th Parliament of the United Kingdom,Member of the 8th Parliament of the United Kingdom
"Which position did Charles Wentworth-Fitzwilliam, 5th Earl Fitzwilliam hold right after Member of the 8th Parliament of the United Kingdom?","Charles Wentworth-Fitzwilliam, 5th Earl Fitzwilliam",Member of the 8th Parliament of the United Kingdom,Member of the 9th Parliament of the United Kingdom
"Which position did Charles Wentworth-Fitzwilliam, 5th Earl Fitzwilliam hold right after Member of the 9th Parliament of the United Kingdom?","Charles Wentworth-Fitzwilliam, 5th Earl Fitzwilliam",Member of the 9th Parliament of the United Kingdom,Member of the 10th Parliament of the United Kingdom
"Which position did Charles Wentworth-Fitzwilliam, 5th Earl Fitzwilliam hold right after Member of the 10th Parliament of the United Kingdom?","Charles Wentworth-Fitzwilliam, 5th Earl Fitzwilliam",Member of the 10th Parliament of the United Kingdom,Member of the 11th Parliament of the United Kingdom
"Which position did Charles Wentworth-Fitzwilliam, 5th Earl Fitzwilliam hold right after Member of the 11th Parliament of the United Kingdom?","Charles Wentworth-Fitzwilliam, 5th Earl Fitzwilliam",Member of the 11th Parliament of the United Kingdom,Member of the House of Lords
Who was the chair of Chamber of Deputies right after Michel Witry?,Chamber of Deputies,Michel Witry,Paul de Scherff
Who was the chair of Chamber of Deputies right after Félix de Blochausen?,Chamber of Deputies,Félix de Blochausen,Jacques-Gustave Lessel
Who was the chair of Chamber of Deputies right after Zénon de Muyser?,Chamber of Deputies,Zénon de Muyser,Théodore de Wacquant
Who was the chair of Chamber of Deputies right after Théodore de Wacquant?,Chamber of Deputies,Théodore de Wacquant,Charles-Jean Simons
Who was the chair of Chamber of Deputies right after Charles-Jean Simons?,Chamber of Deputies,Charles-Jean Simons,Auguste Laval
Who was the chair of Chamber of Deputies right after Auguste Laval?,Chamber of Deputies,Auguste Laval,Edouard Hemmer
Who was the chair of Chamber of Deputies right after Edouard Hemmer?,Chamber of Deputies,Edouard Hemmer,François Altwies
Who was the chair of Chamber of Deputies right after Joseph Bech?,Chamber of Deputies,Joseph Bech,Victor Bodson
Who was the chair of Chamber of Deputies right after Léon Bollendorff?,Chamber of Deputies,Léon Bollendorff,Erna Hennicot-Schoepges
Who was the chair of Chamber of Deputies right after Erna Hennicot-Schoepges?,Chamber of Deputies,Erna Hennicot-Schoepges,Jean Spautz
Who was the chair of Chamber of Deputies right after Jean Spautz?,Chamber of Deputies,Jean Spautz,Jean Asselborn
Who was the chair of Chamber of Deputies right after Jean Asselborn?,Chamber of Deputies,Jean Asselborn,Lucien Weiler
Who was the chair of Chamber of Deputies right after Laurent Mosar?,Chamber of Deputies,Laurent Mosar,Mars Di Bartolomeo
Who was the chair of Chamber of Deputies right after Mars Di Bartolomeo?,Chamber of Deputies,Mars Di Bartolomeo,Fernand Etgen
Which position did Samuel Christy-Miller hold right after Member of the 16th Parliament of the United Kingdom?,Samuel Christy-Miller,Member of the 16th Parliament of the United Kingdom,Member of the 17th Parliament of the United Kingdom
Where was Nicholas de Roumanie-Medforth-Mills educated right after Argyle House School?,Nicholas de Roumanie-Medforth-Mills,Argyle House School,Shiplake College
Where was Nicholas de Roumanie-Medforth-Mills educated right after Shiplake College?,Nicholas de Roumanie-Medforth-Mills,Shiplake College,"Royal Holloway, University of London"
"Where was Nicholas de Roumanie-Medforth-Mills educated right after Royal Holloway, University of London?",Nicholas de Roumanie-Medforth-Mills,"Royal Holloway, University of London",University of Alberta
Which position did Anthony Henry Ashley-Cooper hold right after Member of the 13th Parliament of the United Kingdom?,Anthony Henry Ashley-Cooper,Member of the 13th Parliament of the United Kingdom,Member of the 14th Parliament of the United Kingdom
Who was the head of Cádiz right after Ramón Rivas y Valladares?,Cádiz,Ramón Rivas y Valladares,Sebastián Martínez de Pinillos y Tourne
Who was the head of Cádiz right after Sebastián Martínez de Pinillos y Tourne?,Cádiz,Sebastián Martínez de Pinillos y Tourne,Manuel García Noguerol
Who was the head of Cádiz right after Manuel García Noguerol?,Cádiz,Manuel García Noguerol,Francisco Clotet y Miranda
Who was the head of Cádiz right after Francisco Clotet y Miranda?,Cádiz,Francisco Clotet y Miranda,Pedro Barbadillo Delgado
Who was the head of Cádiz right after Alfonso Moreno Gallardo?,Cádiz,Alfonso Moreno Gallardo,Francisco Sánchez Cossío
Who was the head of Cádiz right after Francisco Sánchez Cossío?,Cádiz,Francisco Sánchez Cossío,José León de Carranza
Who was the head of Cádiz right after José León de Carranza?,Cádiz,José León de Carranza,Jerónimo Almagro y Montes de Oca
Who was the head of Cádiz right after Jerónimo Almagro y Montes de Oca?,Cádiz,Jerónimo Almagro y Montes de Oca,Emilio Beltrami López-Linares
Who was the head of Cádiz right after Carlos Díaz Medina?,Cádiz,Carlos Díaz Medina,Teófila Martínez
Which employer did Abraham Fraenkel work for right after University of Marburg?,Abraham Fraenkel,University of Marburg,University of Kiel
Which employer did Abraham Fraenkel work for right after University of Kiel?,Abraham Fraenkel,University of Kiel,Hebrew University of Jerusalem
Which team did Kosta Rodrigues play for right after SC Weismain-Obermain?,Kosta Rodrigues,SC Weismain-Obermain,Hannover 96
Which employer did Paul Arthur Schilpp work for right after Northwestern University?,Paul Arthur Schilpp,Northwestern University,Southern Illinois University Carbondale
Where was Michela Taufer educated right after University of Padua?,Michela Taufer,University of Padua,ETH Zürich
Who was the head coach of the team CS Pandurii Târgu Jiu right after Petre Grigoraș?,CS Pandurii Târgu Jiu,Petre Grigoraș,Adrian Iencsi
Which team did Yaser Karami play for right after Iran national under-17 football team?,Yaser Karami,Iran national under-17 football team,Iran national under-20 football team
Which team did Yaser Karami play for right after Iran national under-20 football team?,Yaser Karami,Iran national under-20 football team,Saba Qom F.C.
Which team did Yaser Karami play for right after Saba Qom F.C.?,Yaser Karami,Saba Qom F.C.,Moghavemat Tehran F.C.
Which team did Jonas Hofmann play for right after Germany national under-21 football team?,Jonas Hofmann,Germany national under-21 football team,1. FSV Mainz 05
Which team did Romulus Miclea play for right after ASA Târgu Mureș?,Romulus Miclea,ASA Târgu Mureș,CSM Reșița
Which team did Romulus Miclea play for right after FC Politehnica Iași?,Romulus Miclea,FC Politehnica Iași,CS Gaz Metan Mediaș
Who was the head coach of the team FC Viktoria Plzeň right after Pavel Vrba?,FC Viktoria Plzeň,Pavel Vrba,Adrián Guľa
Who was the head coach of the team FC Viktoria Plzeň right after Adrián Guľa?,FC Viktoria Plzeň,Adrián Guľa,Michal Bílek
Which team did Güven Gürsoy play for right after Beşiktaş A2?,Güven Gürsoy,Beşiktaş A2,Van Büyükşehir Belediyespor
Which team did Güven Gürsoy play for right after Van Büyükşehir Belediyespor?,Güven Gürsoy,Van Büyükşehir Belediyespor,Üsküdar Anadolu SK
Which team did Güven Gürsoy play for right after Sakaryaspor?,Güven Gürsoy,Sakaryaspor,Kırıkhanspor
Who was the owner of Com Hem right after Telia Company?,Com Hem,Telia Company,EQT Partners
Who was the owner of Com Hem right after EQT Partners?,Com Hem,EQT Partners,Carlyle Group
Who was the owner of Com Hem right after Providence Equity Partners?,Com Hem,Providence Equity Partners,BC Partners
Which team did Kyle Macy play for right after Kentucky Wildcats men's basketball?,Kyle Macy,Kentucky Wildcats men's basketball,Pallacanestro Treviso
Which team did Arnold D'Arcy play for right after Swindon Town F.C.?,Arnold D'Arcy,Swindon Town F.C.,Cheltenham Town F.C.
Who was the chair of USSR Ministry of Health right after George Miterev?,USSR Ministry of Health,George Miterev,Yefim Smirnov
Who was the chair of USSR Ministry of Health right after Mariya Kovrigina?,USSR Ministry of Health,Mariya Kovrigina,Sergei Kurashov
Who was the chair of USSR Ministry of Health right after Boris Petrovsky?,USSR Ministry of Health,Boris Petrovsky,Sergey Burenkov
Who was the chair of USSR Ministry of Health right after Sergey Burenkov?,USSR Ministry of Health,Sergey Burenkov,Yevgeniy Chazov
Who was the chair of USSR Ministry of Health right after Yevgeniy Chazov?,USSR Ministry of Health,Yevgeniy Chazov,Igor Denisov
Who was the head coach of the team FC Flora Tallinn right after Arno Pijpers?,FC Flora Tallinn,Arno Pijpers,Jürgen Henn
Which position did Joaquín Manglano Cucaló de Montull hold right after mayor of Valencia?,Joaquín Manglano Cucaló de Montull,mayor of Valencia,procurador en Cortes
Which employer did Stephen Milner work for right after University of Cambridge?,Stephen Milner,University of Cambridge,University of Bristol
Which position did Jordi Sànchez i Picanyol hold right after director?,Jordi Sànchez i Picanyol,director,president of the Assemblea Nacional Catalana
Which team did Sebastian Freis play for right after 1. FC Köln?,Sebastian Freis,1. FC Köln,SC Freiburg
Which political party did Gad Yaacobi belong to right after Rafi?,Gad Yaacobi,Rafi,Alignment
Which political party did Gad Yaacobi belong to right after Alignment?,Gad Yaacobi,Alignment,Israeli Labor Party
Which employer did Manuel Estiarte work for right after FC Barcelona?,Manuel Estiarte,FC Barcelona,FC Bayern Munich
Which employer did Manuel Estiarte work for right after FC Bayern Munich?,Manuel Estiarte,FC Bayern Munich,Manchester City F.C
Which position did David Lewis Davies hold right after Member of the 35th Parliament of the United Kingdom?,David Lewis Davies,Member of the 35th Parliament of the United Kingdom,Member of the 36th Parliament of the United Kingdom
Which position did David Lewis Davies hold right after Member of the 36th Parliament of the United Kingdom?,David Lewis Davies,Member of the 36th Parliament of the United Kingdom,Member of the 37th Parliament of the United Kingdom
Which political party did Sergio Chiamparino belong to right after Democratic Party of the Left?,Sergio Chiamparino,Democratic Party of the Left,Democrats of the Left
Which political party did Sergio Chiamparino belong to right after Democrats of the Left?,Sergio Chiamparino,Democrats of the Left,Democratic Party
Which position did Joseph Watson Sidebotham hold right after Member of the 24th Parliament of the United Kingdom?,Joseph Watson Sidebotham,Member of the 24th Parliament of the United Kingdom,Member of the 25th Parliament of the United Kingdom
Which position did Joseph Watson Sidebotham hold right after Member of the 25th Parliament of the United Kingdom?,Joseph Watson Sidebotham,Member of the 25th Parliament of the United Kingdom,Member of the 26th Parliament of the United Kingdom
Who was the head coach of the team F.C. Crotone right after Franco Scoglio?,F.C. Crotone,Franco Scoglio,Walter Zenga
Who was the head coach of the team F.C. Crotone right after Giovanni Stroppa?,F.C. Crotone,Giovanni Stroppa,Francesco Modesto
Who was the head coach of the team F.C. Crotone right after Francesco Modesto?,F.C. Crotone,Francesco Modesto,Franco Lerda
Who was the head coach of the team Fremantle Football Club right after Gerard Neesham?,Fremantle Football Club,Gerard Neesham,Damian Drum
Who was the head coach of the team Fremantle Football Club right after Damian Drum?,Fremantle Football Club,Damian Drum,Ben Allan
Who was the head coach of the team Fremantle Football Club right after Mark Harvey?,Fremantle Football Club,Mark Harvey,Ross Lyon
Who was the head of Hong Kong right after Tung Chee Hwa?,Hong Kong,Tung Chee Hwa,Donald Tsang
Who was the head of Hong Kong right after CY Leung?,Hong Kong,CY Leung,Carrie Lam
Which employer did Henry Edward Cusack work for right after London and North Western Railway?,Henry Edward Cusack,London and North Western Railway,Midland Great Western Railway
Which team did Guillaume Gigliotti play for right after AS Monaco FC?,Guillaume Gigliotti,AS Monaco FC,Novara Calcio
Which team did Guillaume Gigliotti play for right after Novara Calcio?,Guillaume Gigliotti,Novara Calcio,Empoli F.C.
Where was Nicola Shadbolt educated right after University of Nottingham?,Nicola Shadbolt,University of Nottingham,University of Canterbury
Which political party did Giuseppe Pisanu belong to right after Forza Italia (1994)?,Giuseppe Pisanu,Forza Italia (1994),The People of Freedom
Which political party did Giuseppe Pisanu belong to right after The People of Freedom?,Giuseppe Pisanu,The People of Freedom,Civic Choice
Which political party did Janez Drnovšek belong to right after Liberal Democracy of Slovenia?,Janez Drnovšek,Liberal Democracy of Slovenia,Movement for Justice and Development
Who was the chair of International Olympic Committee right after Dimitrios Vikelas?,International Olympic Committee,Dimitrios Vikelas,Godefroy de Blonay
Who was the chair of International Olympic Committee right after Godefroy de Blonay?,International Olympic Committee,Godefroy de Blonay,Pierre de Coubertin
Who was the chair of International Olympic Committee right after Pierre de Coubertin?,International Olympic Committee,Pierre de Coubertin,Henri de Baillet-Latour
Who was the chair of International Olympic Committee right after Henri de Baillet-Latour?,International Olympic Committee,Henri de Baillet-Latour,Sigfrid Edström
Who was the chair of International Olympic Committee right after Sigfrid Edström?,International Olympic Committee,Sigfrid Edström,Avery Brundage
Who was the chair of International Olympic Committee right after Avery Brundage?,International Olympic Committee,Avery Brundage,"Michael Morris, 3rd Baron Killanin"
Who was the chair of International Olympic Committee right after Juan Antonio Samaranch?,International Olympic Committee,Juan Antonio Samaranch,Jacques Rogge
Who was the chair of International Olympic Committee right after Jacques Rogge?,International Olympic Committee,Jacques Rogge,Thomas Bach
Which employer did Sinead Farrington work for right after University of Oxford?,Sinead Farrington,University of Oxford,University of Warwick
"Which position did Sir Richard Paget, 1st Baronet hold right after Member of the 19th Parliament of the United Kingdom?","Sir Richard Paget, 1st Baronet",Member of the 19th Parliament of the United Kingdom,Member of the 20th Parliament of the United Kingdom
"Which position did Sir Richard Paget, 1st Baronet hold right after Member of the 21st Parliament of the United Kingdom?","Sir Richard Paget, 1st Baronet",Member of the 21st Parliament of the United Kingdom,Member of the 22nd Parliament of the United Kingdom
"Which position did Sir Richard Paget, 1st Baronet hold right after Member of the 22nd Parliament of the United Kingdom?","Sir Richard Paget, 1st Baronet",Member of the 22nd Parliament of the United Kingdom,Member of the 23rd Parliament of the United Kingdom
"Which position did Sir Richard Paget, 1st Baronet hold right after Member of the 24th Parliament of the United Kingdom?","Sir Richard Paget, 1st Baronet",Member of the 24th Parliament of the United Kingdom,Member of the 25th Parliament of the United Kingdom
Which employer did Whai Ngata work for right after Radio New Zealand?,Whai Ngata,Radio New Zealand,Television New Zealand
"Who was the chair of Food, Beverages and Catering Union right after Gustav Pufal?","Food, Beverages and Catering Union",Gustav Pufal,Ferdinand Warnecke
"Who was the chair of Food, Beverages and Catering Union right after Hans Nätscher?","Food, Beverages and Catering Union",Hans Nätscher,Alfred Schattanik
"Who was the chair of Food, Beverages and Catering Union right after Günter Döding?","Food, Beverages and Catering Union",Günter Döding,Erich Herrmann
"Who was the chair of Food, Beverages and Catering Union right after Erich Herrmann?","Food, Beverages and Catering Union",Erich Herrmann,Heinz-Günter Niebrügge
"Who was the chair of Food, Beverages and Catering Union right after Heinz-Günter Niebrügge?","Food, Beverages and Catering Union",Heinz-Günter Niebrügge,Franz-Josef Möllenberg
"Who was the chair of Food, Beverages and Catering Union right after Franz-Josef Möllenberg?","Food, Beverages and Catering Union",Franz-Josef Möllenberg,Michaela Rosenberger
"Who was the chair of Food, Beverages and Catering Union right after Michaela Rosenberger?","Food, Beverages and Catering Union",Michaela Rosenberger,Guido Zeitler
Who was the head coach of the team FC Hermannstadt right after Rubén Albés?,FC Hermannstadt,Rubén Albés,Liviu Ciobotariu
Who was the head coach of the team FC Hermannstadt right after Liviu Ciobotariu?,FC Hermannstadt,Liviu Ciobotariu,Marius Măldărășanu
Which team did Brian Hornsby play for right after Arsenal F.C.?,Brian Hornsby,Arsenal F.C.,Shrewsbury Town F.C.
Which position did Theresa Amerley Tagoe hold right after Member of the 2nd Parliament of the 4th Republic of Ghana?,Theresa Amerley Tagoe,Member of the 2nd Parliament of the 4th Republic of Ghana,Member of the 3rd Parliament of the 4th Republic of Ghana
Which position did Theresa Amerley Tagoe hold right after Member of the 3rd Parliament of the 4th Republic of Ghana?,Theresa Amerley Tagoe,Member of the 3rd Parliament of the 4th Republic of Ghana,Member of the 4th Parliament of the 4th Republic of Ghana
Who was the head coach of the team Vasas SC right after Károly Szanyó?,Vasas SC,Károly Szanyó,Ferenc Bene
Who was the head coach of the team Vasas SC right after Ferenc Bene?,Vasas SC,Ferenc Bene,Attila Kuttor
Who was the head of Mons right after Leo Collard?,Mons,Leo Collard,Abel Dubois
Who was the head of Mons right after Maurice Lafosse?,Mons,Maurice Lafosse,Elio Di Rupo
Who was the head of Alcalá de Henares right after Arsenio Lope Huerta?,Alcalá de Henares,Arsenio Lope Huerta,Bartolomé González Jiménez
Who was the head of Alcalá de Henares right after Bartolomé González Jiménez?,Alcalá de Henares,Bartolomé González Jiménez,Manuel Peinado Lorca
Who was the head of Alcalá de Henares right after Javier Bello Nieto?,Alcalá de Henares,Javier Bello Nieto,Javier Rodríguez Palacios
Who was the chair of Roman Catholic Diocese of Edmundston right after Joseph-Roméo Gagnon?,Roman Catholic Diocese of Edmundston,Joseph-Roméo Gagnon,Fernand Lacroix
Which employer did Raj Kumar Yadav work for right after Smt. Shanti Devi Law College?,Raj Kumar Yadav,Smt. Shanti Devi Law College,Raffles University
Which employer did Raj Kumar Yadav work for right after Raffles University?,Raj Kumar Yadav,Raffles University,"Jagan Nath University, NCR"
Which employer did Raj Kumar Yadav work for right after Baba Mast Nath University?,Raj Kumar Yadav,Baba Mast Nath University,Central University of Punjab
Which team did Katarina Kolar play for right after ŽNK Dinamo-Maksimir?,Katarina Kolar,ŽNK Dinamo-Maksimir,Zagłębie Lubin
Which team did Juan Sabas play for right after Tomelloso CF?,Juan Sabas,Tomelloso CF,Rayo Vallecano
Which team did Juan Sabas play for right after Rayo Vallecano?,Juan Sabas,Rayo Vallecano,Atlético Madrid
Which team did Juan Sabas play for right after Atlético Madrid?,Juan Sabas,Atlético Madrid,Real Betis Balompié
Which team did Juan Sabas play for right after Real Betis Balompié?,Juan Sabas,Real Betis Balompié,CP Mérida
Which team did Juan Sabas play for right after CP Mérida?,Juan Sabas,CP Mérida,Albacete Balompié
Which position did Vernon Coaker hold right after Member of the 53rd Parliament of the United Kingdom?,Vernon Coaker,Member of the 53rd Parliament of the United Kingdom,Member of the 54th Parliament of the United Kingdom
Which position did Vernon Coaker hold right after Shadow Secretary of State for Northern Ireland?,Vernon Coaker,Shadow Secretary of State for Northern Ireland,Member of the 57th Parliament of the United Kingdom
Who was the head of Soviet Union right after Vladimir Lenin?,Soviet Union,Vladimir Lenin,Alexei Rykov
Who was the head of Soviet Union right after Vyacheslav Molotov?,Soviet Union,Vyacheslav Molotov,Joseph Stalin
Who was the head of Soviet Union right after Georgy Malenkov?,Soviet Union,Georgy Malenkov,Nikolai Bulganin
Who was the head of Soviet Union right after Nikolai Bulganin?,Soviet Union,Nikolai Bulganin,Nikita Khrushchev
Who was the head of Soviet Union right after Nikita Khrushchev?,Soviet Union,Nikita Khrushchev,Alexei Kosygin
Who was the head of Soviet Union right after Nikolai Ryzhkov?,Soviet Union,Nikolai Ryzhkov,Valentin Pavlov
Who was the head of Soviet Union right after Valentin Pavlov?,Soviet Union,Valentin Pavlov,Ivan Silayev
Which employer did Pierre Bénichou work for right after Paris Jour?,Pierre Bénichou,Paris Jour,Jours de France
Which employer did Randy Shannon work for right after Arkansas Razorbacks?,Randy Shannon,Arkansas Razorbacks,Florida Gators
Which employer did Uffe Ellemann-Jensen work for right after Berlingske Aftenavis?,Uffe Ellemann-Jensen,Berlingske Aftenavis,DR Nyheder
Which employer did Anna K. Panorska work for right after BlueCross BlueShield of Tennessee?,Anna K. Panorska,BlueCross BlueShield of Tennessee,"University of California, Santa Barbara"
"Which employer did Anna K. Panorska work for right after University of California, Santa Barbara?",Anna K. Panorska,"University of California, Santa Barbara",Desert Research Institute
Which employer did Anna K. Panorska work for right after Desert Research Institute?,Anna K. Panorska,Desert Research Institute,"University of Nevada, Reno"
Which team did Marco Delvecchio play for right after FC Inter Milan?,Marco Delvecchio,FC Inter Milan,A.S. Roma
Which team did Marco Delvecchio play for right after Italy national association football team?,Marco Delvecchio,Italy national association football team,Parma Calcio 1913
Where was Claire Wyart educated right after École normale supérieure  (Paris)?,Claire Wyart,École normale supérieure  (Paris),Louis Pasteur University
Where was Claire Wyart educated right after Louis Pasteur University?,Claire Wyart,Louis Pasteur University,"University of California, Berkeley"
Which employer did José Joaquín de Olmedo work for right after National University of San Marcos?,José Joaquín de Olmedo,National University of San Marcos,Cádiz Cortes
Which employer did José Joaquín de Olmedo work for right after Provincia Libre de Guayaquil?,José Joaquín de Olmedo,Provincia Libre de Guayaquil,"Constituent Congress of Peru, 1822"
Which employer did José Joaquín de Olmedo work for right after Gran Colombia?,José Joaquín de Olmedo,Gran Colombia,Municipality of Guayaquil
Which position did Xavier de La Chevalerie hold right after ambassador of France to Mexico?,Xavier de La Chevalerie,ambassador of France to Mexico,ambassador of France to Senegal
Which position did Xavier de La Chevalerie hold right after ambassador of France to Senegal?,Xavier de La Chevalerie,ambassador of France to Senegal,ambassador of France to Canada
Who was the chair of Tennessee State University right after William J. Hale?,Tennessee State University,William J. Hale,Walter S. Davis
Who was the chair of Tennessee State University right after Walter S. Davis?,Tennessee State University,Walter S. Davis,Andrew P. Torrence
Who was the chair of Tennessee State University right after Roy P. Peterson?,Tennessee State University,Roy P. Peterson,Otis L. Floyd
Who was the chair of Tennessee State University right after Otis L. Floyd?,Tennessee State University,Otis L. Floyd,James A. Hefner
Who was the chair of Tennessee State University right after James A. Hefner?,Tennessee State University,James A. Hefner,Melvin N. Johnson
Who was the chair of Tennessee State University right after Melvin N. Johnson?,Tennessee State University,Melvin N. Johnson,Glenda Glover
Who was the chair of Lutheran Church--Missouri Synod right after F. C. D. Wyneken?,Lutheran Church--Missouri Synod,F. C. D. Wyneken,C. F. W. Walther
Who was the chair of Lutheran Church--Missouri Synod right after Heinrich Christian Schwan?,Lutheran Church--Missouri Synod,Heinrich Christian Schwan,Friedrich Pfotenhauer
Who was the chair of Lutheran Church--Missouri Synod right after Oliver Raymond Harms?,Lutheran Church--Missouri Synod,Oliver Raymond Harms,J. A. O. Preus II
Who was the chair of Lutheran Church--Missouri Synod right after J. A. O. Preus II?,Lutheran Church--Missouri Synod,J. A. O. Preus II,Ralph Arthur Bohlmann
Where was Bertha Swirles educated right after Northampton School for Girls?,Bertha Swirles,Northampton School for Girls,Girton College
Which employer did Simon Stoddart work for right after University of Bristol?,Simon Stoddart,University of Bristol,University of Cambridge
Which employer did Simon Stoddart work for right after University of Cambridge?,Simon Stoddart,University of Cambridge,McDonald Institute for Archaeological Research
Where was Audrey Eagle educated right after Tanbridge House School?,Audrey Eagle,Tanbridge House School,Fulham Cross Girls' School and Language College
Where was Audrey Eagle educated right after Fulham Cross Girls' School and Language College?,Audrey Eagle,Fulham Cross Girls' School and Language College,Banbury Academy
Who was the head coach of the team SønderjyskE Fodbold right after Glen Riddersholm?,SønderjyskE Fodbold,Glen Riddersholm,Michael Boris
Who was the head coach of the team HNK Šibenik right after Damir Petravić?,HNK Šibenik,Damir Petravić,Krunoslav Rendulić
Who was the head coach of the team HNK Šibenik right after Krunoslav Rendulić?,HNK Šibenik,Krunoslav Rendulić,Mario Rosas
Which political party did Yasuko Komiyama belong to right after Liberal Democratic Party?,Yasuko Komiyama,Liberal Democratic Party,Democratic Party of Japan
Which political party did Yasuko Komiyama belong to right after Democratic Party of Japan?,Yasuko Komiyama,Democratic Party of Japan,Liberal Party
Which political party did Yasuko Komiyama belong to right after Democratic Party?,Yasuko Komiyama,Democratic Party,Party of Hope
Which political party did Yasuko Komiyama belong to right after Party of Hope?,Yasuko Komiyama,Party of Hope,Democratic Party for the People
Which position did Lennart Rönnberg hold right after Chief of the Army Staff?,Lennart Rönnberg,Chief of the Army Staff,chief of staff
Which position did Herbert Sausgruber hold right after Member of Landtag of Vorarlberg?,Herbert Sausgruber,Member of Landtag of Vorarlberg,Landesrat
Which position did Herbert Sausgruber hold right after Landesrat?,Herbert Sausgruber,Landesrat,Vice-governor of Vorarlberg
Which position did Herbert Sausgruber hold right after Vice-governor of Vorarlberg?,Herbert Sausgruber,Vice-governor of Vorarlberg,Landeshauptmann
Who was the chair of Democratic Convergence of Catalonia right after Ramon Trias Fargas?,Democratic Convergence of Catalonia,Ramon Trias Fargas,Jordi Pujol
Who was the chair of Democratic Convergence of Catalonia right after Jordi Pujol?,Democratic Convergence of Catalonia,Jordi Pujol,Artur Mas
Who was the chair of Scottish Parliament right after David Steel?,Scottish Parliament,David Steel,George Reid
Who was the chair of Scottish Parliament right after Tricia Marwick?,Scottish Parliament,Tricia Marwick,Ken Macintosh
Who was the chair of Scottish Parliament right after Ken Macintosh?,Scottish Parliament,Ken Macintosh,Alison Johnstone
Which position did Jo Grimond hold right after Member of the 39th Parliament of the United Kingdom?,Jo Grimond,Member of the 39th Parliament of the United Kingdom,Member of the 40th Parliament of the United Kingdom
Which position did Jo Grimond hold right after Member of the 43rd Parliament of the United Kingdom?,Jo Grimond,Member of the 43rd Parliament of the United Kingdom,Member of the 44th Parliament of the United Kingdom
Which position did Jo Grimond hold right after Member of the 45th Parliament of the United Kingdom?,Jo Grimond,Member of the 45th Parliament of the United Kingdom,Member of the 46th Parliament of the United Kingdom
Which position did Jo Grimond hold right after Member of the 46th Parliament of the United Kingdom?,Jo Grimond,Member of the 46th Parliament of the United Kingdom,Member of the 47th Parliament of the United Kingdom
Which position did William Montagu-Pollock hold right after ambassador of the United Kingdom to Syria?,William Montagu-Pollock,ambassador of the United Kingdom to Syria,ambassador of the United Kingdom to Peru
Which team did Marco Modolo play for right after A.S.D. Sanvitese?,Marco Modolo,A.S.D. Sanvitese,Venezia F.C.
Which team did Marco Modolo play for right after Venezia F.C.?,Marco Modolo,Venezia F.C.,F.C. Pro Vercelli 1892
Who was the chair of Supreme Council of the Armed Forces right after Mohamed Hussein Tantawi?,Supreme Council of the Armed Forces,Mohamed Hussein Tantawi,Abdel Fattah el-Sisi
Which position did Charles William Packe hold right after Member of the 13th Parliament of the United Kingdom?,Charles William Packe,Member of the 13th Parliament of the United Kingdom,Member of the 14th Parliament of the United Kingdom
Which position did Charles William Packe hold right after Member of the 14th Parliament of the United Kingdom?,Charles William Packe,Member of the 14th Parliament of the United Kingdom,Member of the 15th Parliament of the United Kingdom
Which position did Charles William Packe hold right after Member of the 15th Parliament of the United Kingdom?,Charles William Packe,Member of the 15th Parliament of the United Kingdom,Member of the 16th Parliament of the United Kingdom
Which position did Charles William Packe hold right after Member of the 17th Parliament of the United Kingdom?,Charles William Packe,Member of the 17th Parliament of the United Kingdom,Member of the 18th Parliament of the United Kingdom
Which employer did Juan Cuevas Perales work for right after Tortosa Cathedral?,Juan Cuevas Perales,Tortosa Cathedral,Collegiate Basilica of Xàtiva
Which employer did Juan Cuevas Perales work for right after Mezquita Catedral?,Juan Cuevas Perales,Mezquita Catedral,Valencia Cathedral
Which employer did Perry T. Rathbone work for right after Russell A. Alger House Museum?,Perry T. Rathbone,Russell A. Alger House Museum,Saint Louis Art Museum
Which position did Seán Flanagan hold right after Representative of the Parliamentary Assembly of the Council of Europe?,Seán Flanagan,Representative of the Parliamentary Assembly of the Council of Europe,Minister for Health
Which position did Seán Flanagan hold right after Minister for Health?,Seán Flanagan,Minister for Health,"Minister for Communications, Climate Action and Environment"
Who was the chair of Czech Social Democratic Party right after Miloš Zeman?,Czech Social Democratic Party,Miloš Zeman,Vladimír Špidla
Who was the chair of Czech Social Democratic Party right after Vladimír Špidla?,Czech Social Democratic Party,Vladimír Špidla,Stanislav Gross
Who was the chair of Czech Social Democratic Party right after Stanislav Gross?,Czech Social Democratic Party,Stanislav Gross,Jiří Paroubek
Who was the chair of Czech Social Democratic Party right after Jiří Paroubek?,Czech Social Democratic Party,Jiří Paroubek,Bohuslav Sobotka
Who was the chair of Czech Social Democratic Party right after Jan Hamáček?,Czech Social Democratic Party,Jan Hamáček,Michal Šmarda
Who was the head coach of the team SFC Opava right after Roman Skuhravý?,SFC Opava,Roman Skuhravý,Ivan Kopecký
Which employer did Ajit Pai work for right after Verizon?,Ajit Pai,Verizon,Office of Legal Policy
Which team did David Steven play for right after Bury F.C.?,David Steven,Bury F.C.,Southampton F.C.
Which team did David Steven play for right after Southampton F.C.?,David Steven,Southampton F.C.,Dundee F.C.
"Which position did John Russell, 1st Earl Russell hold right after Member of the 5th Parliament of the United Kingdom?","John Russell, 1st Earl Russell",Member of the 5th Parliament of the United Kingdom,Member of the 6th Parliament of the United Kingdom
"Which position did John Russell, 1st Earl Russell hold right after Member of the 7th Parliament of the United Kingdom?","John Russell, 1st Earl Russell",Member of the 7th Parliament of the United Kingdom,Member of the 8th Parliament of the United Kingdom
"Which position did John Russell, 1st Earl Russell hold right after Member of the 8th Parliament of the United Kingdom?","John Russell, 1st Earl Russell",Member of the 8th Parliament of the United Kingdom,Member of the 9th Parliament of the United Kingdom
"Which position did John Russell, 1st Earl Russell hold right after Member of the 9th Parliament of the United Kingdom?","John Russell, 1st Earl Russell",Member of the 9th Parliament of the United Kingdom,Member of the 10th Parliament of the United Kingdom
"Which position did John Russell, 1st Earl Russell hold right after Member of the 11th Parliament of the United Kingdom?","John Russell, 1st Earl Russell",Member of the 11th Parliament of the United Kingdom,Home Secretary
"Which position did John Russell, 1st Earl Russell hold right after Lord President of the Council?","John Russell, 1st Earl Russell",Lord President of the Council,Secretary of State for the Colonies
"Which position did John Russell, 1st Earl Russell hold right after Secretary of State for the Colonies?","John Russell, 1st Earl Russell",Secretary of State for the Colonies,Member of the 17th Parliament of the United Kingdom
"Which position did John Russell, 1st Earl Russell hold right after Leader of the House of Lords?","John Russell, 1st Earl Russell",Leader of the House of Lords,Leader of the Opposition
Which position did Ann Winterton hold right after Member of the 49th Parliament of the United Kingdom?,Ann Winterton,Member of the 49th Parliament of the United Kingdom,Member of the 50th Parliament of the United Kingdom
Which position did Ann Winterton hold right after Member of the 50th Parliament of the United Kingdom?,Ann Winterton,Member of the 50th Parliament of the United Kingdom,Member of the 51st Parliament of the United Kingdom
Who was the chair of Order of Vittorio Veneto right after Francesco Cossiga?,Order of Vittorio Veneto,Francesco Cossiga,Oscar Luigi Scalfaro
Who was the chair of Order of Vittorio Veneto right after Oscar Luigi Scalfaro?,Order of Vittorio Veneto,Oscar Luigi Scalfaro,Carlo Azeglio Ciampi
Who was the chair of Economic Community of West African States right after Yakubu Gowon?,Economic Community of West African States,Yakubu Gowon,Olusegun Obasanjo
Who was the chair of Economic Community of West African States right after Ahmed Sékou Touré?,Economic Community of West African States,Ahmed Sékou Touré,Lansana Conté
Who was the chair of Economic Community of West African States right after Lansana Conté?,Economic Community of West African States,Lansana Conté,Abdou Diouf
Who was the chair of Economic Community of West African States right after Nicéphore Soglo?,Economic Community of West African States,Nicéphore Soglo,Jerry Rawlings
Who was the chair of Economic Community of West African States right after Jerry Rawlings?,Jerry Rawlings,right after Jerry Rawlings,Sani Abacha
Who was the chair of Economic Community of West African States right after Alpha Oumar Konaré?,Economic Community of West African States,Alpha Oumar Konaré,Abdoulaye Wade
Who was the chair of Economic Community of West African States right after John Kufuor?,Economic Community of West African States,John Kufuor,Mamadou Tandja
Who was the chair of Economic Community of West African States right after Mamadou Tandja?,Economic Community of West African States,Mamadou Tandja,Blaise Compaoré
Who was the chair of Economic Community of West African States right after Blaise Compaoré?,Economic Community of West African States,Blaise Compaoré,Umaru Musa Yar'Adua
Who was the chair of Economic Community of West African States right after Umaru Musa Yar'Adua?,Economic Community of West African States,Umaru Musa Yar'Adua,Goodluck Jonathan
Who was the chair of Economic Community of West African States right after John Mahama?,Economic Community of West African States,John Mahama,Macky Sall
Who was the chair of Economic Community of West African States right after Macky Sall?,Economic Community of West African States,Macky Sall,Ellen Johnson Sirleaf
Who was the chair of Economic Community of West African States right after Ellen Johnson Sirleaf?,Economic Community of West African States,Ellen Johnson Sirleaf,Faure Essozimna Gnassingbé Eyadéma
Who was the chair of Economic Community of West African States right after Faure Essozimna Gnassingbé Eyadéma?,Economic Community of West African States,Faure Essozimna Gnassingbé Eyadéma,Muhammadu Buhari
Which employer did Frederick M. Bernthal work for right after Michigan State University?,Frederick M. Bernthal,Michigan State University,Howard Baker
Where was Stefan E. Warschawski educated right after University of Königsberg?,Stefan E. Warschawski,University of Königsberg,University of Göttingen
Which position did George Daggar hold right after Member of the 35th Parliament of the United Kingdom?,George Daggar,Member of the 35th Parliament of the United Kingdom,Member of the 36th Parliament of the United Kingdom
Which position did George Daggar hold right after Member of the 36th Parliament of the United Kingdom?,George Daggar,Member of the 36th Parliament of the United Kingdom,Member of the 37th Parliament of the United Kingdom
Which position did George Daggar hold right after Member of the 37th Parliament of the United Kingdom?,George Daggar,Member of the 37th Parliament of the United Kingdom,Member of the 38th Parliament of the United Kingdom
Which position did Sergio Osmeña hold right after governor?,Sergio Osmeña,governor,Speaker of the House of Representatives of the Philippines
Which position did Sergio Osmeña hold right after Secretary of Social Welfare and Development?,Sergio Osmeña,Secretary of Social Welfare and Development,President of the Philippines
Which employer did Roger G. Barry work for right after Met Office?,Roger G. Barry,Met Office,University of Southampton
Which team did Brian Smith play for right after AFC Bournemouth?,Brian Smith,AFC Bournemouth,Bury F.C.
Which position did Anniken Huitfeldt hold right after deputy member of the Parliament of Norway?,Anniken Huitfeldt,deputy member of the Parliament of Norway,Minister of Children and Families
Which position did Anniken Huitfeldt hold right after Minister of Labour and Social Inclusion?,Anniken Huitfeldt,Minister of Labour and Social Inclusion,Foreign Minister of Norway
Which employer did Khadija Arib work for right after Regional Institution for Ambulant Mental Health Care?,Khadija Arib,Regional Institution for Ambulant Mental Health Care,Ministry of Social Affairs and Employment
Who was the head of Nantou County right after Liu Yu-you?,Nantou County,Liu Yu-you,Meng Fan-chao
Who was the head of Nantou County right after Meng Fan-chao?,Nantou County,Meng Fan-chao,Wu Den-yih
Who was the head of Nantou County right after Wu Den-yih?,Nantou County,Wu Den-yih,Lin Yuan-lang
Who was the head of Nantou County right after Peng Pai-hsien?,Nantou County,Peng Pai-hsien,Lin Tsung-nan
Who was the head of Nantou County right after Lin Tsung-nan?,Nantou County,Lin Tsung-nan,Lee Chao-ching
Who was the head of Nantou County right after Lee Chao-ching?,Nantou County,Lee Chao-ching,Lin Ming-chen
Which team did Yves Deroff play for right after F.C. Nantes?,Yves Deroff,F.C. Nantes,RC Strasbourg
Who was the chair of People's Party of the Balearic Islands right after Cristòfol Soler?,People's Party of the Balearic Islands,Cristòfol Soler,Joan Verger Pocoví
Who was the chair of People's Party of the Balearic Islands right after Jaume Matas?,People's Party of the Balearic Islands,Jaume Matas,Rosa Estaràs
Who was the chair of People's Party of the Balearic Islands right after Miquel Vidal Vidal?,People's Party of the Balearic Islands,Miquel Vidal Vidal,Gabriel Company Bauzá
Who was the chair of Belgian Senate right after Jacques Brotchi?,Belgian Senate,Jacques Brotchi,Jean-Paul Wahl
Who was the chair of Belgian Senate right after Jean-Paul Wahl?,Belgian Senate,Jean-Paul Wahl,Sabine Laruelle
Who was the chair of Belgian Senate right after Sabine Laruelle?,Belgian Senate,Sabine Laruelle,Stephanie D'Hose
Who was the head coach of the team Feyenoord right after Jaap Stam?,Feyenoord,Jaap Stam,Dick Advocaat
Who was the chair of Delta Air Lines right after Clarence Faulk?,Delta Air Lines,Clarence Faulk,Carleton Putnam
Who was the chair of Delta Air Lines right after Carleton Putnam?,Delta Air Lines,Carleton Putnam,Collett E. Woolman
Who was the chair of Delta Air Lines right after Collett E. Woolman?,Delta Air Lines,Collett E. Woolman,Charles H. Dolson
Who was the chair of Delta Air Lines right after Charles H. Dolson?,Delta Air Lines,Charles H. Dolson,W.T. Beebe
Who was the chair of Delta Air Lines right after W.T. Beebe?,Delta Air Lines,W.T. Beebe,"David C. Garrett, Jr."
"Who was the chair of Delta Air Lines right after David C. Garrett, Jr.?",Delta Air Lines,"David C. Garrett, Jr.",Ronald W. Allen
Who was the chair of Delta Air Lines right after Leo Mullin?,Delta Air Lines,Leo Mullin,Daniel Carp
Who was the head coach of the team FC Astra Giurgiu right after Edward Iordănescu?,FC Astra Giurgiu,Edward Iordănescu,Marius Măldărășanu
Who was the head coach of the team FC Astra Giurgiu right after Marius Măldărășanu?,FC Astra Giurgiu,Marius Măldărășanu,Gheorghe Mulțescu
Who was the head coach of the team FC Astra Giurgiu right after Gheorghe Mulțescu?,FC Astra Giurgiu,Gheorghe Mulțescu,Costel Enache
Who was the head coach of the team FC Astra Giurgiu right after Costel Enache?,FC Astra Giurgiu,Costel Enache,Dan Alexa
Who was the head coach of the team FC Astra Giurgiu right after Bogdan Andone?,FC Astra Giurgiu,Bogdan Andone,Ionuț Badea
"Which position did Sir Walter Nugent, 4th Baronet hold right after Member of the 28th Parliament of the United Kingdom?","Sir Walter Nugent, 4th Baronet",Member of the 28th Parliament of the United Kingdom,Member of the 29th Parliament of the United Kingdom
"Which position did Sir Walter Nugent, 4th Baronet hold right after Member of the 29th Parliament of the United Kingdom?","Sir Walter Nugent, 4th Baronet",Member of the 29th Parliament of the United Kingdom,Member of the 30th Parliament of the United Kingdom
Which team did Sergio Codognato play for right after FC Inter Milan?,Sergio Codognato,FC Inter Milan,Calcio Catania
Which team did Sergio Codognato play for right after Calcio Catania?,Sergio Codognato,Calcio Catania,U.S. Alessandria Calcio 1912
Which team did Sergio Codognato play for right after U.S. Alessandria Calcio 1912?,Sergio Codognato,U.S. Alessandria Calcio 1912,U.S. Salernitana 1919
Which team did Sergio Codognato play for right after U.S. Salernitana 1919?,Sergio Codognato,U.S. Salernitana 1919,S.C. Ravenna Sport 2019
Which team did Sergio Codognato play for right after Modena F.C.?,Sergio Codognato,Modena F.C.,S.E.F. Torres 1903
Who was the head coach of the team K.V. Kortrijk right after Johan Walem?,K.V. Kortrijk,Johan Walem,Glen De Boeck
Who was the head coach of the team K.V. Kortrijk right after Glen De Boeck?,K.V. Kortrijk,Glen De Boeck,Yves Vanderhaeghe
Who was the head coach of the team K.V. Kortrijk right after Luka Elsner?,K.V. Kortrijk,Luka Elsner,Karim Belhocine
Who was the head of Brno right after Roman Onderka?,Brno,Roman Onderka,Petr Vokřál
Which team did Brian Rhodes play for right after West Ham United F.C.?,Brian Rhodes,West Ham United F.C.,Southend United F.C.
Which employer did William McCrea work for right after Imperial College London?,William McCrea,Imperial College London,Queen's University Belfast
Which employer did William McCrea work for right after Queen's University Belfast?,William McCrea,Queen's University Belfast,"Royal Holloway, University of London"
Which employer did Woldemar Bargiel work for right after Maatschappij tot Bevordering der Toonkunst?,Woldemar Bargiel,Maatschappij tot Bevordering der Toonkunst,Berlin University of the Arts
Which employer did Sidney W. Bijou work for right after University of Washington?,Sidney W. Bijou,University of Washington,University of Illinois at Urbana–Champaign
Which employer did Sidney W. Bijou work for right after University of Illinois at Urbana–Champaign?,Sidney W. Bijou,University of Illinois at Urbana–Champaign,University of Arizona
Which employer did Sidney W. Bijou work for right after University of Arizona?,Sidney W. Bijou,University of Arizona,"University of Nevada, Reno"
Which position did Siim Kallas hold right after Minister of Foreign Affairs?,Siim Kallas,Minister of Foreign Affairs,Minister of Finance
Which position did Siim Kallas hold right after Prime Minister of Estonia?,Siim Kallas,Prime Minister of Estonia,European Commissioner for Economic and Monetary Affairs and the Euro
Which position did Siim Kallas hold right after European Commissioner for Economic and Monetary Affairs and the Euro?,Siim Kallas,European Commissioner for Economic and Monetary Affairs and the Euro,European Commissioner for Transport
Which position did Siim Kallas hold right after European Commissioner for Transport?,Siim Kallas,European Commissioner for Transport,member of the Estonian Riigikogu
Which team did Scott Flinders play for right after Falkirk F.C.?,Scott Flinders,Falkirk F.C.,Hartlepool United F.C.
Which position did Edward Royd Rice hold right after Member of the 13th Parliament of the United Kingdom?,Edward Royd Rice,Member of the 13th Parliament of the United Kingdom,Member of the 14th Parliament of the United Kingdom
Which team did Hugo Pina play for right after Club Deportivo Guadalajara?,Hugo Pina,Club Deportivo Guadalajara,G.D. Ribeirão
Which team did Hugo Pina play for right after S.C.U. Torreense?,Hugo Pina,S.C.U. Torreense,Atlético Clube de Portugal
Which team did Hugo Pina play for right after Atlético Clube de Portugal?,Hugo Pina,Atlético Clube de Portugal,C.D. Mafra
Which political party did Obren Joksimović belong to right after Serbian Renewal Movement?,Obren Joksimović,Serbian Renewal Movement,Democratic Party of Serbia
Which employer did Sergio Villalobos work for right after University of Cambridge?,Sergio Villalobos,University of Cambridge,University Finis Terrae
Which employer did Sergio Villalobos work for right after University Finis Terrae?,Sergio Villalobos,University Finis Terrae,Andrés Bello University
Which employer did Sergio Villalobos work for right after Andrés Bello University?,Sergio Villalobos,Andrés Bello University,Bernardo O'Higgins University
Which employer did Wendell A. Mordy work for right after Hawaii Agriculture Research Center?,Wendell A. Mordy,Hawaii Agriculture Research Center,Stockholm University
Which employer did Wendell A. Mordy work for right after University of Miami?,Wendell A. Mordy,University of Miami,Center for the Study of Democratic Institutions
Which employer did Wendell A. Mordy work for right after Center for the Study of Democratic Institutions?,Wendell A. Mordy,Center for the Study of Democratic Institutions,Science Museum of Minnesota
Which position did Josef Zieleniec hold right after Member of the Senate of the Parliament of the Czech Republic?,Josef Zieleniec,Member of the Senate of the Parliament of the Czech Republic,member of the European Parliament
Which employer did Nathan Gregory Silvermaster work for right after Farm Security Administration?,Nathan Gregory Silvermaster,Farm Security Administration,Maritime Labor Board
Which employer did Nathan Gregory Silvermaster work for right after Maritime Labor Board?,Nathan Gregory Silvermaster,Maritime Labor Board,United States Department of Agriculture
"Where was Adolf Born educated right after Academy of Arts, Architecture and Design in Prague?",Adolf Born,"Academy of Arts, Architecture and Design in Prague","Academy of Fine Arts, Prague"
Where was Xi Murong educated right after National Taiwan Normal University?,Xi Murong,National Taiwan Normal University,Académie royale des Beaux-Arts  de Bruxelles
"Which employer did Lukáš M. Vytlačil work for right after Institute of Ethnology, Czech Academy of Sciences?",Lukáš M. Vytlačil,"Institute of Ethnology, Czech Academy of Sciences","Institute of Czech Literature, Czech Academy of Sciences"
"Which employer did Lukáš M. Vytlačil work for right after Institute of Czech Literature, Czech Academy of Sciences?",Lukáš M. Vytlačil,"Institute of Czech Literature, Czech Academy of Sciences",National Heritage Institute
Where was Benjamín Subercaseaux educated right after Instituto Nacional General José Miguel Carrera?,Benjamín Subercaseaux,Instituto Nacional General José Miguel Carrera,Colegio de los Sagrados Corazones de Santiago
Which employer did Jerzy Neyman work for right after Nencki Institute of Experimental Biology?,Jerzy Neyman,Nencki Institute of Experimental Biology,University College London
Who was the head of Aulnay-sous-Bois right after Robert Ballanger?,Aulnay-sous-Bois,Robert Ballanger,Jean-Claude Abrioux
Who was the head of Aulnay-sous-Bois right after Jean-Claude Abrioux?,Aulnay-sous-Bois,Jean-Claude Abrioux,Gérard Gaudron
Who was the head of Aulnay-sous-Bois right after Gérard Gaudron?,Aulnay-sous-Bois,Gérard Gaudron,Gérard Ségura
Which employer did Richard C. Bradt work for right after University of Washington?,Richard C. Bradt,University of Washington,"University of Nevada, Reno"
Where was Owe Wiktorin educated right after Swedish Air Force Military Aviation School?,Owe Wiktorin,Swedish Air Force Military Aviation School,Swedish National Military College
Which employer did Otto E. Neugebauer work for right after University of Göttingen?,Otto E. Neugebauer,University of Göttingen,University of Copenhagen
Which employer did Otto E. Neugebauer work for right after University of Copenhagen?,Otto E. Neugebauer,University of Copenhagen,Brown University
Which employer did Otto E. Neugebauer work for right after Brown University?,Otto E. Neugebauer,Brown University,Institute for Advanced Study
Which employer did Mary Meeker work for right after Merrill Lynch?,Mary Meeker,Merrill Lynch,Salomon Brothers
Which employer did Mary Meeker work for right after Salomon Brothers?,Mary Meeker,Salomon Brothers,Cowen Group
Which team did Kevin Tully play for right after Crewe Alexandra F.C.?,Kevin Tully,Crewe Alexandra F.C.,Port Vale F.C.
Which team did Kevin Tully play for right after Port Vale F.C.?,Kevin Tully,Port Vale F.C.,Bury F.C.
"Which position did George Montagu, 6th Duke of Manchester hold right after Member of the 9th Parliament of the United Kingdom?","George Montagu, 6th Duke of Manchester",Member of the 9th Parliament of the United Kingdom,Member of the 10th Parliament of the United Kingdom
"Which position did George Montagu, 6th Duke of Manchester hold right after Member of the 10th Parliament of the United Kingdom?","George Montagu, 6th Duke of Manchester",Member of the 10th Parliament of the United Kingdom,Member of the 11th Parliament of the United Kingdom
"Which position did George Montagu, 6th Duke of Manchester hold right after Member of the 11th Parliament of the United Kingdom?","George Montagu, 6th Duke of Manchester",Member of the 11th Parliament of the United Kingdom,Member of the 12th Parliament of the United Kingdom
Which employer did Lawrence Heaney work for right after University of Minnesota?,Lawrence Heaney,University of Minnesota,University of Kansas
Which employer did Mark Krein work for right after Odesa University?,Mark Krein,Odesa University,Samara State Technical University
Which employer did Mark Krein work for right after National Academy of Sciences of Ukraine?,Mark Krein,National Academy of Sciences of Ukraine,Kryvyi Rih National University
Which employer did Matthew Pratt Guterl work for right after Washington State University?,Matthew Pratt Guterl,Washington State University,Indiana University Bloomington
Which position did Mark Clinton hold right after Teachta Dála?,Mark Clinton,Teachta Dála,Substitute member of the Parliamentary Assembly of the Council of Europe
Which position did Mark Clinton hold right after Representative of the Parliamentary Assembly of the Council of Europe?,Mark Clinton,Representative of the Parliamentary Assembly of the Council of Europe,"Minister for Agriculture, Food and the Marine"
"Which position did Charles-Joseph, 4th Duke d'Ursel hold right after mayor of Brussels?","Charles-Joseph, 4th Duke d'Ursel",mayor of Brussels,interior minister
"Which position did Charles-Joseph, 4th Duke d'Ursel hold right after interior minister?","Charles-Joseph, 4th Duke d'Ursel",interior minister,"Minister of Transport, Public Works and Water Management"
"Which position did Charles-Joseph, 4th Duke d'Ursel hold right after Minister of Transport, Public Works and Water Management?","Charles-Joseph, 4th Duke d'Ursel","Minister of Transport, Public Works and Water Management",Minister of State
"Which position did Charles-Joseph, 4th Duke d'Ursel hold right after Minister of State?","Charles-Joseph, 4th Duke d'Ursel",Minister of State,Senator of Belgium
Which political party did R.N. Upadhyaya belong to right after Revolutionary Socialist Party?,R.N. Upadhyaya,Revolutionary Socialist Party,Communist Party of India
Which political party did R.N. Upadhyaya belong to right after Communist Party of India?,R.N. Upadhyaya,Communist Party of India,Communist Party of India (Marxist)
Which employer did Wilhelm Flügge work for right after Dyckerhoff & Widmann?,Wilhelm Flügge,Dyckerhoff & Widmann,University of Göttingen
Which employer did Wilhelm Flügge work for right after University of Göttingen?,Wilhelm Flügge,University of Göttingen,Deutsche Versuchsanstalt für Luftfahrt
Which employer did Wilhelm Flügge work for right after Deutsche Versuchsanstalt für Luftfahrt?,Wilhelm Flügge,Deutsche Versuchsanstalt für Luftfahrt,Office National d'Études et de Recherches Aérospatiales
Which employer did Wilhelm Flügge work for right after Office National d'Études et de Recherches Aérospatiales?,Wilhelm Flügge,Office National d'Études et de Recherches Aérospatiales,Stanford University
Who was the head of Vârghiș right after Ilkei Francisc?,Vârghiș,Ilkei Francisc,Levente-Lehel Sütő
Who was the head of Vârghiș right after Levente-Lehel Sütő?,Vârghiș,Levente-Lehel Sütő,Lajos Imets
Which position did Harold Roper hold right after Member of the 39th Parliament of the United Kingdom?,Harold Roper,Member of the 39th Parliament of the United Kingdom,Member of the 40th Parliament of the United Kingdom
Which team did Alexis Alexandrou play for right after Cyprus national football team?,Alexis Alexandrou,Cyprus national football team,APOEL F.C.
"Which position did Frederick Elwyn Jones, Baron Elwyn-Jones hold right after Member of the 38th Parliament of the United Kingdom?","Frederick Elwyn Jones, Baron Elwyn-Jones",Member of the 38th Parliament of the United Kingdom,Member of the 39th Parliament of the United Kingdom
"Which position did Frederick Elwyn Jones, Baron Elwyn-Jones hold right after Member of the 40th Parliament of the United Kingdom?","Frederick Elwyn Jones, Baron Elwyn-Jones",Member of the 40th Parliament of the United Kingdom,Member of the 41st Parliament of the United Kingdom
"Which position did Frederick Elwyn Jones, Baron Elwyn-Jones hold right after Member of the 41st Parliament of the United Kingdom?","Frederick Elwyn Jones, Baron Elwyn-Jones",Member of the 41st Parliament of the United Kingdom,Member of the 42nd Parliament of the United Kingdom
"Which position did Frederick Elwyn Jones, Baron Elwyn-Jones hold right after Member of the 42nd Parliament of the United Kingdom?","Frederick Elwyn Jones, Baron Elwyn-Jones",Member of the 42nd Parliament of the United Kingdom,Member of the 43rd Parliament of the United Kingdom
"Which position did Frederick Elwyn Jones, Baron Elwyn-Jones hold right after Member of the 44th Parliament of the United Kingdom?","Frederick Elwyn Jones, Baron Elwyn-Jones",Member of the 44th Parliament of the United Kingdom,Member of the 45th Parliament of the United Kingdom
"Which position did Frederick Elwyn Jones, Baron Elwyn-Jones hold right after Member of the 45th Parliament of the United Kingdom?","Frederick Elwyn Jones, Baron Elwyn-Jones",Member of the 45th Parliament of the United Kingdom,Member of the 46th Parliament of the United Kingdom
Where was Jessica Stegrud educated right after Karlstad University?,Jessica Stegrud,Karlstad University,Gävle University College
Where was Jessica Stegrud educated right after Gävle University College?,Jessica Stegrud,Gävle University College,University of Angers
Which employer did Caroline C. Hunter work for right after Republican National Committee?,Caroline C. Hunter,Republican National Committee,United States Department of Homeland Security
Who was the owner of NTV right after Most Group?,NTV,Most Group,Media-Most
Which team did Marco Verratti play for right after Italy national under-19 football team?,Marco Verratti,Italy national under-19 football team,Italy national under-20 football team
Which team did Marco Verratti play for right after Italy national under-20 football team?,Marco Verratti,Italy national under-20 football team,Paris Saint-Germain F.C.
Who was the head coach of the team Ermis Aradippou FC right after Kostas Kaiafas?,Ermis Aradippou FC,Kostas Kaiafas,Nikos Andronikou
Which team did Kotaro Yamazaki play for right after Nagoya Grampus?,Kotaro Yamazaki,Nagoya Grampus,Shimizu S-Pulse
Which team did Kotaro Yamazaki play for right after Shimizu S-Pulse?,Kotaro Yamazaki,Shimizu S-Pulse,Ventforet Kofu
Which political party did Sylvain Maillard belong to right after Union for French Democracy?,Sylvain Maillard,Union for French Democracy,Les Centristes
Which political party did Sylvain Maillard belong to right after Les Centristes?,Sylvain Maillard,Les Centristes,La République En Marche
Who was the head of Keelung right after Lee Chin-yung?,Keelung,Lee Chin-yung,Hsu Tsai-li
Who was the head of Keelung right after Chang Tong-rong?,Keelung,Chang Tong-rong,Lin Yu-chang
Where was Julia Kempe educated right after University of Technology Sydney?,Julia Kempe,University of Technology Sydney,Pierre and Marie Curie University
Where was Julia Kempe educated right after Pierre and Marie Curie University?,Julia Kempe,Pierre and Marie Curie University,École normale supérieure  (Paris)
Where was Julia Kempe educated right after École normale supérieure  (Paris)?,Julia Kempe,École normale supérieure  (Paris),"University of California, Berkeley"
Which employer did Thomas William Walker work for right after Rothamsted Research?,Thomas William Walker,Rothamsted Research,University of Manchester
Which employer did Thomas William Walker work for right after University of Manchester?,Thomas William Walker,University of Manchester,"King's College, Newcastle-upon-Tyne"
Which employer did Pedro J. Ramírez work for right after ABC?,Pedro J. Ramírez,ABC,Diario 16
Which employer did Pedro J. Ramírez work for right after Diario 16?,Pedro J. Ramírez,Diario 16,El Mundo.
Which employer did Pedro J. Ramírez work for right after El Mundo.?,Pedro J. Ramírez,El Mundo,El Español
Which employer did Bill Richardson work for right after F. Bradford Morse?,Bill Richardson,F. Bradford Morse,United States Department of State
Where was Anna Corbella i Jordi educated right after Autonomous University of Barcelona?,Anna Corbella i Jordi,Autonomous University of Barcelona,University of Cádiz
Where was Anna Corbella i Jordi educated right after University of Cádiz?,Anna Corbella i Jordi,University of Cádiz,Pompeu Fabra University
Which position did Peter Griffiths hold right after Member of the 43rd Parliament of the United Kingdom?,Peter Griffiths,Member of the 43rd Parliament of the United Kingdom,Member of the 48th Parliament of the United Kingdom
Which position did Peter Griffiths hold right after Member of the 48th Parliament of the United Kingdom?,Peter Griffiths,Member of the 48th Parliament of the United Kingdom,Member of the 49th Parliament of the United Kingdom
Which position did Peter Griffiths hold right after Member of the 49th Parliament of the United Kingdom?,Peter Griffiths,Member of the 49th Parliament of the United Kingdom,Member of the 50th Parliament of the United Kingdom
Which position did Peter Griffiths hold right after Member of the 50th Parliament of the United Kingdom?,Peter Griffiths,Member of the 50th Parliament of the United Kingdom,Member of the 51st Parliament of the United Kingdom
Which position did Andrew Robathan hold right after Member of the 51st Parliament of the United Kingdom?,Andrew Robathan,Member of the 51st Parliament of the United Kingdom,Member of the 52nd Parliament of the United Kingdom
Which position did Andrew Robathan hold right after Member of the 52nd Parliament of the United Kingdom?,Andrew Robathan,Member of the 52nd Parliament of the United Kingdom,Member of the 53rd Parliament of the United Kingdom
Which position did Andrew Robathan hold right after Member of the 53rd Parliament of the United Kingdom?,Andrew Robathan,Member of the 53rd Parliament of the United Kingdom,Member of the 54th Parliament of the United Kingdom
Which position did Andrew Robathan hold right after Member of the 54th Parliament of the United Kingdom?,Andrew Robathan,Member of the 54th Parliament of the United Kingdom,Member of the 55th Parliament of the United Kingdom
Which position did Andrew Robathan hold right after Minister of State for the Armed Forces?,Andrew Robathan,Minister of State for the Armed Forces,Minister of State for Northern Ireland
Which team did Percy Smith play for right after Preston North End F.C.?,Percy Smith,Preston North End F.C.,Blackburn Rovers F.C.
Which team did Percy Smith play for right after Fleetwood Town F.C.?,Percy Smith,Fleetwood Town F.C.,Barrow A.F.C.
Which political party did Jacques Piette belong to right after French Communist Party?,Jacques Piette,French Communist Party,French Section of the Workers' International
Which political party did Jacques Piette belong to right after French Section of the Workers' International?,Jacques Piette,French Section of the Workers' International,Socialist Party
Which employer did Masahisa Fujita work for right after Kyoto University?,Masahisa Fujita,Kyoto University,University of Pennsylvania
Which team did Jasmin Moranjkić play for right after NK Zvijezda Gradačac?,Jasmin Moranjkić,NK Zvijezda Gradačac,OFK Gradina
Which team did Jasmin Moranjkić play for right after OFK Gradina?,Jasmin Moranjkić,OFK Gradina,FK Sloboda Tuzla
Which team did Jasmin Moranjkić play for right after FK Sloboda Tuzla?,Jasmin Moranjkić,FK Sloboda Tuzla,FK Radnički Lukavac
Which employer did Amos Yong work for right after Regent University?,Amos Yong,Regent University,Fuller Theological Seminary
Which position did Bethany Hall-Long hold right after representative of the Delaware House of Representatives?,Bethany Hall-Long,representative of the Delaware House of Representatives,member of the Delaware State Senate
Which position did Bethany Hall-Long hold right after member of the Delaware State Senate?,Bethany Hall-Long,member of the Delaware State Senate,Lieutenant Governor of Delaware
Who was the head coach of the team FC Zbrojovka Brno right after Svatopluk Habanec?,FC Zbrojovka Brno,Svatopluk Habanec,Miloslav Machálek
Who was the head of Brandenburg an der Havel right after Helmut Schliesing?,Brandenburg an der Havel,Helmut Schliesing,Helmut Schmidt
Who was the head of Brandenburg an der Havel right after Helmut Schmidt?,Brandenburg an der Havel,Helmut Schmidt,Dietlind Tiemann
Who was the head of Brandenburg an der Havel right after Dietlind Tiemann?,Brandenburg an der Havel,Dietlind Tiemann,Steffen Scheller
Which employer did Leslie Valiant work for right after Carnegie Mellon University?,Leslie Valiant,Carnegie Mellon University,University of Leeds
Which employer did Leslie Valiant work for right after University of Leeds?,Leslie Valiant,University of Leeds,University of Edinburgh
Which position did Cyril Smith hold right after Member of the 45th Parliament of the United Kingdom?,Cyril Smith,Member of the 45th Parliament of the United Kingdom,Member of the 46th Parliament of the United Kingdom
Which position did Cyril Smith hold right after Member of the 46th Parliament of the United Kingdom?,Cyril Smith,Member of the 46th Parliament of the United Kingdom,Member of the 47th Parliament of the United Kingdom
Which position did Chris Kourakis hold right after Justice of the South Australian Supreme Court?,Chris Kourakis,Justice of the South Australian Supreme Court,Chief Justice of South Australia
"Who was the owner of Gravesend town pier right after London, Tilbury and Southend Railway?",Gravesend town pier,"London, Tilbury and Southend Railway",Gravesham Borough Council
Which team did Hiroaki Tajima play for right after Shimizu S-Pulse?,Hiroaki Tajima,Shimizu S-Pulse,Honda FC
Which team did Macchambes Younga-Mouhani play for right after Borussia Mönchengladbach?,Macchambes Younga-Mouhani,Borussia Mönchengladbach,Fortuna Düsseldorf
Which team did Macchambes Younga-Mouhani play for right after SV Wacker Burghausen?,Macchambes Younga-Mouhani,SV Wacker Burghausen,Rot-Weiss Essen
Which team did Macchambes Younga-Mouhani play for right after 1. FC Union Berlin?,Macchambes Younga-Mouhani,1. FC Union Berlin,FC Wegberg-Beeck
Which political party did Ulrike Trebesius belong to right after Liberal Conservative Reformers?,Ulrike Trebesius,Liberal Conservative Reformers,independent politician
Who was the head of Jönköping County right after Håkan Sörman?,Jönköping County,Håkan Sörman,Anneli Wirtén
Who was the head of Jönköping County right after Anneli Wirtén?,Jönköping County,Anneli Wirtén,Helena Jonsson
"Which position did Hardinge Giffard, 1st Earl of Halsbury hold right after Member of the 21st Parliament of the United Kingdom?","Hardinge Giffard, 1st Earl of Halsbury",Member of the 21st Parliament of the United Kingdom,Member of the 22nd Parliament of the United Kingdom
"Which position did Hardinge Giffard, 1st Earl of Halsbury hold right after Member of the 22nd Parliament of the United Kingdom?","Hardinge Giffard, 1st Earl of Halsbury",Member of the 22nd Parliament of the United Kingdom,Member of the House of Lords
Which employer did Harold Hotelling work for right after The Washington Standard?,Harold Hotelling,The Washington Standard,Stanford University
Which employer did Harold Hotelling work for right after Stanford University?,Harold Hotelling,Stanford University,Columbia University
"Which position did John Manners, 2nd Duke of Rutland hold right after Member of the 1705-07 Parliament?","John Manners, 2nd Duke of Rutland",Member of the 1705-07 Parliament,Member of the 3rd Parliament of Great Britain
Which team did Theo Bücker play for right after Borussia Dortmund?,Theo Bücker,Borussia Dortmund,MSV Duisburg
Which team did Theo Bücker play for right after MSV Duisburg?,Theo Bücker,MSV Duisburg,Al Ittihad FC
Which team did Theo Bücker play for right after Al Ittihad FC?,Theo Bücker,Al Ittihad FC,FC Schalke 04
Who was the chair of Mánes Union of Fine Arts right after Mikoláš Aleš?,Mánes Union of Fine Arts,Mikoláš Aleš,Jiří T. Kotalík
Who was the chair of Mánes Union of Fine Arts right after Adam Hoffmeister?,Mánes Union of Fine Arts,Adam Hoffmeister,Ivan Exner
"Which position did Alfred Robens, Baron Robens of Woldingham hold right after Member of the 38th Parliament of the United Kingdom?","Alfred Robens, Baron Robens of Woldingham",Member of the 38th Parliament of the United Kingdom,Member of the 39th Parliament of the United Kingdom
"Which position did Alfred Robens, Baron Robens of Woldingham hold right after Representative of the Parliamentary Assembly of the Council of Europe?","Alfred Robens, Baron Robens of Woldingham",Representative of the Parliamentary Assembly of the Council of Europe,Member of the 41st Parliament of the United Kingdom
"Which position did Alfred Robens, Baron Robens of Woldingham hold right after Member of the 42nd Parliament of the United Kingdom?","Alfred Robens, Baron Robens of Woldingham",Member of the 42nd Parliament of the United Kingdom,Member of the House of Lords
Who was the chair of Volkswagen Group right after Josef Rust?,Volkswagen Group,Josef Rust,Hans Birnbaum
Who was the chair of Volkswagen Group right after Hans Birnbaum?,Volkswagen Group,Hans Birnbaum,Karl Gustaf Ratjen
Who was the chair of Volkswagen Group right after Karl Gustaf Ratjen?,Volkswagen Group,Karl Gustaf Ratjen,Klaus Liesen
Where was Frederick Fung educated right after Shau Kei Wan Government Secondary School?,Frederick Fung,Shau Kei Wan Government Secondary School,University of Hong Kong
Which employer did Friedrich Leo work for right after University of Kiel?,Friedrich Leo,University of Kiel,University of Rostock
Which employer did Friedrich Leo work for right after University of Rostock?,Friedrich Leo,University of Rostock,University of Strasbourg
Which employer did Friedrich Leo work for right after University of Strasbourg?,Friedrich Leo,University of Strasbourg,University of Göttingen
Which position did Edgardo Angara hold right after Secretary of Agriculture?,Edgardo Angara,Secretary of Agriculture,Member of the Senate of the Philippines
"Which position did Miguel Primo de Rivera, 2nd Marquis of Estella hold right after Senator of the Kingdom?","Miguel Primo de Rivera, 2nd Marquis of Estella",Senator of the Kingdom,Captain General of Catalonia
Which employer did David Newth work for right after University College London?,David Newth,University College London,Middlesex School
Who was the chair of Brazilian Academy of Sciences right after Juliano Moreira?,Brazilian Academy of Sciences,Juliano Moreira,Miguel Osório de Almeida
Who was the chair of Brazilian Academy of Sciences right after Eusébio Paulo de Oliveira?,Brazilian Academy of Sciences,Eusébio Paulo de Oliveira,Arthur Alexandre Moses
Who was the chair of Brazilian Academy of Sciences right after Arthur Alexandre Moses?,Brazilian Academy of Sciences,Arthur Alexandre Moses,Álvaro Alberto da Mota e Silva
Who was the chair of Brazilian Academy of Sciences right after Inácio Manuel Azevedo do Amaral?,Brazilian Academy of Sciences,Inácio Manuel Azevedo do Amaral,Cândido Firmino de Mello-Leitão
Who was the chair of Brazilian Academy of Sciences right after Cândido Firmino de Mello-Leitão?,Brazilian Academy of Sciences,Cândido Firmino de Mello-Leitão,Carlos Chagas Filho
Who was the chair of Brazilian Academy of Sciences right after Carlos Chagas Filho?,Brazilian Academy of Sciences,Carlos Chagas Filho,Aristides Azevedo Pacheco Leão
Who was the chair of Brazilian Academy of Sciences right after Aristides Azevedo Pacheco Leão?,Brazilian Academy of Sciences,Aristides Azevedo Pacheco Leão,Maurício Peixoto
Who was the chair of Brazilian Academy of Sciences right after Jacob Palis?,Brazilian Academy of Sciences,Jacob Palis,Luiz Davidovich
"Which position did Emil Stang, Sr. hold right after Minister of Education and Church Affairs?","Emil Stang, Sr.",Minister of Education and Church Affairs,party leader
Who was the chair of Regional Council of Lombardy right after Ettore Adalberto Albertoni?,Regional Council of Lombardy,Ettore Adalberto Albertoni,Giulio Achille De Capitani
Who was the head of Morsø Municipality right after Egon Pleidrup Poulsen?,Morsø Municipality,Egon Pleidrup Poulsen,Lauge Larsen
Which position did Hermogenes Ebdane hold right after Chief of the Philippine National Police?,Hermogenes Ebdane,Chief of the Philippine National Police,Secretary of National Defense
Which position did Hermogenes Ebdane hold right after Secretary of Public Works and Highways?,Hermogenes Ebdane,Secretary of Public Works and Highways,Governor of Zambales
Which team did Elixabete Sarasola play for right after Spain women's national under-19 football team?,Elixabete Sarasola,Spain women's national under-19 football team,FC Barcelona Femení
Which team did Elixabete Sarasola play for right after College of Charleston Cougars?,Elixabete Sarasola,College of Charleston Cougars,AFC Ajax Vrouwen
Which employer did Stanford Lyman work for right after Sonoma State University?,Stanford Lyman,Sonoma State University,"University of Nevada, Reno"
"Which employer did Stanford Lyman work for right after University of Nevada, Reno?",Stanford Lyman,"University of Nevada, Reno","University of California, San Diego"
"Which employer did Stanford Lyman work for right after University of California, San Diego?",Stanford Lyman,"University of California, San Diego",The New School
Who was the head coach of the team Philadelphia Union right after Piotr Nowak?,Philadelphia Union,Piotr Nowak,John Hackworth
Who was the head coach of the team Philadelphia Union right after John Hackworth?,Philadelphia Union,John Hackworth,Jim Curtin
Which team did Mikel Antía Mendiaraz play for right after Real Valladolid?,Mikel Antía Mendiaraz,Real Valladolid,Real Sociedad
Which team did Mikel Antía Mendiaraz play for right after Real Sociedad?,Mikel Antía Mendiaraz,Real Sociedad,Elche CF
Which team did Mikel Antía Mendiaraz play for right after Sociedad Deportiva Ponferradina?,Mikel Antía Mendiaraz,Sociedad Deportiva Ponferradina,Real Unión
Which team did Dimitris Kiliaras play for right after Ergotelis F.C.?,Dimitris Kiliaras,Ergotelis F.C.,Levadiakos F.C.
Which team did Billy Manuel play for right after Tottenham Hotspur F.C.?,Billy Manuel,Tottenham Hotspur F.C.,Brentford F.C.
Which team did Billy Manuel play for right after Gillingham F.C.?,Billy Manuel,Gillingham F.C.,Barnet F.C.
Which team did Billy Manuel play for right after Barnet F.C.?,Billy Manuel,Barnet F.C.,Folkestone Invicta F.C.
Which team did Billy Manuel play for right after Tonbridge Angels F.C.?,Billy Manuel,Tonbridge Angels F.C.,Bromley F.C.
Which team did Eduardo Hernández-Sonseca play for right after Real Madrid Baloncesto B?,Eduardo Hernández-Sonseca,Real Madrid Baloncesto B,Real Madrid Baloncesto
Which team did Eduardo Hernández-Sonseca play for right after Real Madrid Baloncesto?,Eduardo Hernández-Sonseca,Real Madrid Baloncesto,Club Joventut Badalona
Which team did Eduardo Hernández-Sonseca play for right after Club Joventut Badalona?,Eduardo Hernández-Sonseca,Club Joventut Badalona,Bilbao Basket
Which team did Eduardo Hernández-Sonseca play for right after CB Gran Canaria?,Eduardo Hernández-Sonseca,CB Gran Canaria,Club Melilla Baloncesto
Which team did Eduardo Hernández-Sonseca play for right after Club Melilla Baloncesto?,Eduardo Hernández-Sonseca,Club Melilla Baloncesto,Oviedo CB
Which position did Lord Edward Cavendish hold right after Member of the 19th Parliament of the United Kingdom?,Lord Edward Cavendish,Member of the 19th Parliament of the United Kingdom,Member of the 22nd Parliament of the United Kingdom
"Which employer did John W. Oswald work for right after University of California, Davis?",John W. Oswald,"University of California, Davis",University of Kentucky
Which employer did John W. Oswald work for right after University of Kentucky?,John W. Oswald,University of Kentucky,Pennsylvania State University
Where was Eva Feldman educated right after Earlham College?,Eva Feldman,Earlham College,University of Notre Dame
Where was Eva Feldman educated right after University of Notre Dame?,Eva Feldman,University of Notre Dame,University of Michigan
Who was the chair of University Sorbonne Nouvelle right after Raymond Las Vergnas?,University Sorbonne Nouvelle,Raymond Las Vergnas,Jacques Chouillet
Who was the chair of University Sorbonne Nouvelle right after Jacques Chouillet?,University Sorbonne Nouvelle,Jacques Chouillet,Henri Béhar
Who was the chair of University Sorbonne Nouvelle right after Robert Ellrodt?,University Sorbonne Nouvelle,Robert Ellrodt,Suzy Halimi
Who was the chair of University Sorbonne Nouvelle right after Jean-Louis Leutrat?,University Sorbonne Nouvelle,Jean-Louis Leutrat,Jean-Michel Lacroix
Which team did Dejan Mezga play for right after NK Maribor?,Dejan Mezga,NK Maribor,H.N.K. Hajduk Split
Which team did Dejan Mezga play for right after H.N.K. Hajduk Split?,Dejan Mezga,H.N.K. Hajduk Split,Apollon Limassol FC
Where was Jewel Plummer Cobb educated right after University of Michigan?,Jewel Plummer Cobb,University of Michigan,Talladega College
Which political party did Cecil L'Estrange Malone belong to right after Liberal Party?,Cecil L'Estrange Malone,Liberal Party,British Socialist Party
Which political party did Cecil L'Estrange Malone belong to right after British Socialist Party?,Cecil L'Estrange Malone,British Socialist Party,Communist Party of Great Britain
Which team did Alf Quantrill play for right after England national association football team?,Alf Quantrill,England national association football team,Preston North End F.C.
Which team did Alf Quantrill play for right after Preston North End F.C.?,Alf Quantrill,Preston North End F.C.,Bradford (Park Avenue) A.F.C.
Who was the head coach of the team Lamia F.C. right after Makis Chavos?,Lamia F.C.,Makis Chavos,Apostolos Mantzios
Who was the head coach of the team Lamia F.C. right after Apostolos Mantzios?,Lamia F.C.,Apostolos Mantzios,Giorgos Petrakis
"Which position did Sir William Curtis, 1st Baronet hold right after Member of the 18th Parliament of Great Britain?","Sir William Curtis, 1st Baronet",Member of the 18th Parliament of Great Britain,Member of the 1st Parliament of the United Kingdom
"Which position did Sir William Curtis, 1st Baronet hold right after Member of the 1st Parliament of the United Kingdom?","Sir William Curtis, 1st Baronet",Member of the 1st Parliament of the United Kingdom,Member of the 2nd Parliament of the United Kingdom
"Which position did Sir William Curtis, 1st Baronet hold right after Member of the 2nd Parliament of the United Kingdom?","Sir William Curtis, 1st Baronet",Member of the 2nd Parliament of the United Kingdom,Member of the 3rd Parliament of the United Kingdom
"Which position did Sir William Curtis, 1st Baronet hold right after Member of the 3rd Parliament of the United Kingdom?","Sir William Curtis, 1st Baronet",Member of the 3rd Parliament of the United Kingdom,Member of the 4th Parliament of the United Kingdom
"Which position did Sir William Curtis, 1st Baronet hold right after Member of the 4th Parliament of the United Kingdom?","Sir William Curtis, 1st Baronet",Member of the 4th Parliament of the United Kingdom,Member of the 5th Parliament of the United Kingdom
"Which position did Sir William Curtis, 1st Baronet hold right after Member of the 6th Parliament of the United Kingdom?","Sir William Curtis, 1st Baronet",Member of the 6th Parliament of the United Kingdom,Member of the 7th Parliament of the United Kingdom
Which employer did Rudolf Haag work for right after CERN?,Rudolf Haag,CERN,Max Planck Institute for Physics
Which employer did Rudolf Haag work for right after Max Planck Institute for Physics?,Rudolf Haag,Max Planck Institute for Physics,Princeton University
Which employer did Rudolf Haag work for right after University of Illinois at Urbana–Champaign?,Rudolf Haag,University of Illinois at Urbana–Champaign,University of Hamburg
Who was the head of Nomain right after Léon Delsart?,Nomain,Léon Delsart,Léon Delzenne
Who was the head of Nomain right after Léon Delzenne?,Nomain,Léon Delzenne,Yannick Lassalle
Who was the head of Nomain right after Yannick Lassalle?,Nomain,Yannick Lassalle,Pascal Delplanque
Who was the head of Ziduri right after Nicolae Nedelcu?,Ziduri,Nicolae Nedelcu,Nicolaie Nedelcu
Who was the head of Ziduri right after Nicolaie Nedelcu?,Ziduri,Nicolaie Nedelcu,Viorel Buzea
Who was the head of Nizhny Novgorod right after Dmitry Bednyakov?,Nizhny Novgorod,Dmitry Bednyakov,Ivan Petrovich Sklyarov
Who was the head of Nizhny Novgorod right after Ivan Petrovich Sklyarov?,Nizhny Novgorod,Ivan Petrovich Sklyarov,Vadim Bulavinov
Who was the head of Nizhny Novgorod right after Oleg Kondrashov?,Nizhny Novgorod,Oleg Kondrashov,Ivan Karnilin
Who was the head of Nizhny Novgorod right after Ivan Karnilin?,Nizhny Novgorod,Ivan Karnilin,Elizaveta Solonchenko
Which position did Hamilton C. Jones hold right after judge?,Hamilton C. Jones,judge,deputy
Which position did Hamilton C. Jones hold right after deputy?,Hamilton C. Jones,deputy,Member of the North Carolina Senate
Who was the head of KwaZulu-Natal right after Frank Mdlalose?,KwaZulu-Natal,Frank Mdlalose,Ben Ngubane
Who was the head of KwaZulu-Natal right after Ben Ngubane?,KwaZulu-Natal,Ben Ngubane,Lionel Mtshali
Who was the head of KwaZulu-Natal right after S'bu Ndebele?,KwaZulu-Natal,S'bu Ndebele,Zweli Mkhize
Who was the head of KwaZulu-Natal right after Senzo Mchunu?,KwaZulu-Natal,Senzo Mchunu,Willies Mchunu
Who was the head of KwaZulu-Natal right after Sihle Zikalala?,KwaZulu-Natal,Sihle Zikalala,Nomusa Dube-Mncube
Who was the head of Odense Municipality right after Holger Larsen?,Odense Municipality,Holger Larsen,Verner Dalskov
Who was the head of Odense Municipality right after Jan Boye?,Odense Municipality,Jan Boye,Anker Boye
Which employer did I. J. Good work for right after University of Manchester?,I. J. Good,University of Manchester,Government Communications Headquarters
Which employer did I. J. Good work for right after Admiralty Research Laboratory?,I. J. Good,Admiralty Research Laboratory,Institute for Defense Analyses
Which employer did I. J. Good work for right after Institute for Defense Analyses?,I. J. Good,Institute for Defense Analyses,Trinity College
Which employer did I. J. Good work for right after Trinity College?,I. J. Good,Trinity College,Virginia Tech
"Which position did Valentine Browne, 4th Earl of Kenmare hold right after Member of the 16th Parliament of the United Kingdom?","Valentine Browne, 4th Earl of Kenmare",Member of the 16th Parliament of the United Kingdom,Member of the 17th Parliament of the United Kingdom
"Which position did Valentine Browne, 4th Earl of Kenmare hold right after Member of the 17th Parliament of the United Kingdom?","Valentine Browne, 4th Earl of Kenmare",Member of the 17th Parliament of the United Kingdom,Member of the 18th Parliament of the United Kingdom
"Which position did Valentine Browne, 4th Earl of Kenmare hold right after Member of the 19th Parliament of the United Kingdom?","Valentine Browne, 4th Earl of Kenmare",Member of the 19th Parliament of the United Kingdom,Member of the 20th Parliament of the United Kingdom
Where was Oľga Algayerová educated right after University of Economics in Bratislava?,Oľga Algayerová,University of Economics in Bratislava,The Open University
"Which position did William Hay, 10th Marquess of Tweeddale hold right after Member of the 19th Parliament of the United Kingdom?","William Hay, 10th Marquess of Tweeddale",Member of the 19th Parliament of the United Kingdom,Member of the 21st Parliament of the United Kingdom
Who was the head coach of the team FC Arsenal Tula right after Sergei Kiriakov?,FC Arsenal Tula,Sergei Kiriakov,Igor Cherevchenko
Who was the head coach of the team FC Arsenal Tula right after Igor Cherevchenko?,FC Arsenal Tula,Igor Cherevchenko,Sergei Podpaly
Who was the head coach of the team FC Arsenal Tula right after Sergei Podpaly?,FC Arsenal Tula,Sergei Podpaly,Miodrag Božović
Which position did Olívia Santana hold right after councillor of Salvador?,Olívia Santana,councillor of Salvador,Government secretaries of Policies for Women of the State of Bahia
"Which position did Olívia Santana hold right after Secretary of Labour, Employment, Income and Sport of the State of Bahia?",Olívia Santana,"Secretary of Labour, Employment, Income and Sport of the State of Bahia",state deputy of Bahia
Which position did Sammy Wilson hold right after Lord Mayor of Belfast?,Sammy Wilson,Lord Mayor of Belfast,Member of the 1st Northern Ireland Assembly
Which position did Sammy Wilson hold right after Member of the 1st Northern Ireland Assembly?,Sammy Wilson,Member of the 1st Northern Ireland Assembly,Member of the 2nd Northern Ireland Assembly
Which position did Sammy Wilson hold right after Member of the 57th Parliament of the United Kingdom?,Sammy Wilson,Member of the 57th Parliament of the United Kingdom,Member of the 58th Parliament of the United Kingdom
Which employer did Louis Bachelier work for right after University of Burgundy?,Louis Bachelier,University of Burgundy,University of Rennes
Which team did Peter Houtman play for right after FC Groningen?,Peter Houtman,FC Groningen,Sporting CP
Which team did Peter Houtman play for right after Sporting CP?,Peter Houtman,Sporting CP,Sparta Rotterdam
Which employer did Jordan Randall Smith work for right after Dallas Festival of Modern Music?,Jordan Randall Smith,Dallas Festival of Modern Music,Peabody Institute
Which employer did Jordan Randall Smith work for right after Peabody Institute?,Jordan Randall Smith,Peabody Institute,Symphony Number One
Who was the head coach of the team FC Shakhtyor Salihorsk right after Oleg Kubarev?,FC Shakhtyor Salihorsk,Oleg Kubarev,Marek Zub
Who was the head coach of the team FC Shakhtyor Salihorsk right after Marek Zub?,FC Shakhtyor Salihorsk,Marek Zub,Syarhey Nikifarenka
Who was the head coach of the team FC Shakhtyor Salihorsk right after Syarhey Nikifarenka?,FC Shakhtyor Salihorsk,Syarhey Nikifarenka,Yuriy Vernydub
Who was the head coach of the team FC Shakhtyor Salihorsk right after Yuriy Vernydub?,FC Shakhtyor Salihorsk,Yuriy Vernydub,Roman Hryhorchuk
Who was the head coach of the team FC Shakhtyor Salihorsk right after Roman Hryhorchuk?,FC Shakhtyor Salihorsk,Roman Hryhorchuk,Sergei Gurenko
Who was the head coach of the team FC Shakhtyor Salihorsk right after Sergei Gurenko?,FC Shakhtyor Salihorsk,Sergei Gurenko,Alyaksey Baha
Who was the head coach of the team FC Shakhtyor Salihorsk right after Alyaksey Baha?,FC Shakhtyor Salihorsk,Alyaksey Baha,Ivan Bionchik
Who was the head coach of the team FC Shakhtyor Salihorsk right after Ivan Bionchik?,FC Shakhtyor Salihorsk,Ivan Bionchik,Sergei Tashuyev
Which position did Seán Moylan hold right after Teachta Dála?,Seán Moylan,Teachta Dála,"Minister for Communications, Climate Action and Environment"
Which position did Seán Moylan hold right after Representative of the Parliamentary Assembly of the Council of Europe?,Seán Moylan,Representative of the Parliamentary Assembly of the Council of Europe,"Minister for Agriculture, Food and the Marine"
Who was the head coach of the team Australia national rugby union team right after Bob Dwyer?,Australia national rugby union team,Bob Dwyer,Rod Macqueen
Who was the head coach of the team Australia national rugby union team right after Rod Macqueen?,Australia national rugby union team,Rod Macqueen,Eddie Jones
Who was the head coach of the team Australia national rugby union team right after Eddie Jones?,Australia national rugby union team,Eddie Jones,Robbie Deans
Who was the head coach of the team Australia national rugby union team right after Robbie Deans?,Australia national rugby union team,Robbie Deans,Ewen McKenzie
Who was the head coach of the team Australia national rugby union team right after Michael Cheika?,Australia national rugby union team,Michael Cheika,Dave Rennie
Who was the chair of Řád národa right after Dagmar Navrátilová?,Řád národa,Dagmar Navrátilová,Josef Zickler
Who was the chair of Confederation of Independent Trade Unions of Luxembourg right after Jean-Claude Reding?,Confederation of Independent Trade Unions of Luxembourg,Jean-Claude Reding,André Roeltgen
Who was the head of Hamburg right after Carl Vincent Krogmann?,Hamburg,Carl Vincent Krogmann,Rudolf Petersen
Who was the head of Hamburg right after Paul Nevermann?,Hamburg,Paul Nevermann,Herbert Weichmann
Who was the head of Hamburg right after Peter Schulz?,Hamburg,Peter Schulz,Hans-Ulrich Klose
Who was the head of Hamburg right after Klaus von Dohnanyi?,Hamburg,Klaus von Dohnanyi,Henning Voscherau
Who was the head of Hamburg right after Christoph Ahlhaus?,Hamburg,Christoph Ahlhaus,Olaf Scholz
Who was the head of Móstoles right after Esteban Parro?,Móstoles,Esteban Parro,Daniel Ortiz Espejo
Which position did Guy C. H. Corliss hold right after dean?,Guy C. H. Corliss,dean,law professor
Which employer did Wilfrid Sellars work for right after University of Iowa?,Wilfrid Sellars,University of Iowa,University of Minnesota
Which team did Boubacar Sanogo play for right after ES Tunis?,Boubacar Sanogo,ES Tunis,Al Ain FC
Which team did Boubacar Sanogo play for right after Al Ain FC?,Boubacar Sanogo,Al Ain FC,1. FC Kaiserslautern
Which team did Boubacar Sanogo play for right after 1. FC Kaiserslautern?,Boubacar Sanogo,1. FC Kaiserslautern,Hamburger SV
Which team did Boubacar Sanogo play for right after SV Werder Bremen?,Boubacar Sanogo,SV Werder Bremen,A.S. Saint-Étienne
Which team did Boubacar Sanogo play for right after FC Energie Cottbus?,Boubacar Sanogo,FC Energie Cottbus,Al-Fujairah FC
Which team did Lukas Mössner play for right after SV Mattersburg?,Lukas Mössner,SV Mattersburg,SC Schwanenstadt
Which team did Lukas Mössner play for right after SC Schwanenstadt?,Lukas Mössner,SC Schwanenstadt,SK Austria Kärnten
Which team did Lukas Mössner play for right after SV Eintracht Trier 05?,Lukas Mössner,SV Eintracht Trier 05,TSV Hartberg
Which team did Lukas Mössner play for right after TSV Hartberg?,Lukas Mössner,TSV Hartberg,FC Juniors OÖ
Which team did Lukas Mössner play for right after FC Juniors OÖ?,Lukas Mössner,FC Juniors OÖ,Floridsdorfer AC
Who was the chair of French Prehistoric Society right after Claude Mordant?,French Prehistoric Society,Claude Mordant,Claire Manen
Who was the chair of French Prehistoric Society right after Claire Manen?,French Prehistoric Society,Claire Manen,Jean-Denis Vigne
Which team did Jens Wemmer play for right after SC Paderborn 07?,Jens Wemmer,SC Paderborn 07,Panathinaikos F.C.
Which employer did John M. Lilley work for right after Kansas State University?,John M. Lilley,Kansas State University,Penn State Erie
Which employer did John M. Lilley work for right after Penn State Erie?,John M. Lilley,Penn State Erie,"University of Nevada, Reno"
"Which employer did John M. Lilley work for right after University of Nevada, Reno?",John M. Lilley,"University of Nevada, Reno",Baylor University
Which team did George Kelly play for right after Aberdeen F.C.?,George Kelly,Aberdeen F.C.,Stoke City F.C.
Who was the head of Villers-Campeau right after Charles Protais?,Villers-Campeau,Charles Protais,M. Miens
Who was the head of Villers-Campeau right after M. Miens?,Villers-Campeau,M. Miens,Charles Debeaussart
Which team did Paddy Sowden play for right after Blackpool F.C.?,Paddy Sowden,Blackpool F.C.,Bacup Borough F.C.
Which team did Paddy Sowden play for right after Bacup Borough F.C.?,Paddy Sowden,Bacup Borough F.C.,Elgin City F.C.
Which team did Paddy Sowden play for right after Elgin City F.C.?,Paddy Sowden,Elgin City F.C.,Aldershot F.C.
Which team did Paddy Sowden play for right after Hull City A.F.C.?,Paddy Sowden,Hull City A.F.C.,Gillingham F.C.
Which team did Paddy Sowden play for right after Gillingham F.C.?,Paddy Sowden,Gillingham F.C.,Accrington Stanley F.C.
Which team did Paddy Sowden play for right after Accrington Stanley F.C.?,Paddy Sowden,Accrington Stanley F.C.,Wrexham A.F.C.
Which team did Belkacem Zobiri play for right after CS Louhans-Cuiseaux?,Belkacem Zobiri,CS Louhans-Cuiseaux,Entente Sportive Sétifienne
Which team did Belkacem Zobiri play for right after AS Cannes?,Belkacem Zobiri,AS Cannes,CS Constantine
Which team did Alessandro Armenise play for after A.S.D. Fidelis Andria 1928?,Alessandro Armenise,A.S.D. Fidelis Andria 1928,A.S. Martina Franca 1947
Who was the head of Soviet Union after Nikolai Ryzhkov?,Soviet Union,Nikolai Ryzhkov,Valentin Pavlov
Who was the head of Ōsaka Prefecture after Kazuo Nakagawa?,Ōsaka Prefecture,Kazuo Nakagawa,Knock Yokoyama
Which team did Kotaro Yamazaki play for after Nagoya Grampus?,Kotaro Yamazaki,Nagoya Grampus,Shimizu S-Pulse
Which team did Jack Mustard play for after South Shields F.C.?,Jack Mustard,South Shields F.C.,Preston North End F.C.
Who was the head of Alcalá de Henares after Arsenio Lope Huerta?,Alcalá de Henares,Arsenio Lope Huerta,Bartolomé González Jiménez
Which team did Neil Redfearn play for after Halifax Town A.F.C.?,Neil Redfearn,Halifax Town A.F.C.,Boston United F.C.
Who was the chair of Roman Catholic Diocese of Gaspé after Albini LeBlanc?,Roman Catholic Diocese of Gaspé,Albini LeBlanc,Jean-Marie Fortier
Who was the head coach of the team FC Shakhtyor Salihorsk after Oleg Kubarev?,FC Shakhtyor Salihorsk,Oleg Kubarev,Marek Zub
Which team did Mauricio Wright play for after Comunicaciones FC?,Mauricio Wright,Comunicaciones FC,San Jose Earthquakes
Which team did Neil Redfearn play for after Crystal Palace F.C.?,Neil Redfearn,Crystal Palace F.C.,Watford F.C.
Which team did Lukas Mössner play for after SV Eintracht Trier 05?,Lukas Mössner,SV Eintracht Trier 05,TSV Hartberg
Which employer did José Joaquín de Olmedo work for after Provincia Libre de Guayaquil?,José Joaquín de Olmedo,Provincia Libre de Guayaquil,"Constituent Congress of Peru, 1822"
"Who was the chair of Food, Beverages and Catering Union after Günter Döding?","Food, Beverages and Catering Union",Günter Döding,Erich Herrmann
Which position did Charles William Packe hold after Member of the 13th Parliament of the United Kingdom?,Charles William Packe,Member of the 13th Parliament of the United Kingdom,Member of the 14th Parliament of the United Kingdom
Which team did Sandro Wolfinger play for after SV Heimstetten?,Sandro Wolfinger,SV Heimstetten,BCF Wolfratshausen
Which position did Jo Grimond hold after Member of the 43rd Parliament of the United Kingdom?,Jo Grimond,Member of the 43rd Parliament of the United Kingdom,Member of the 44th Parliament of the United Kingdom
Which position did V. D. Satheesan hold after Member of the 13th Kerala Legislative Assembly?,V. D. Satheesan,Member of the 13th Kerala Legislative Assembly,Member of the 14th Kerala Legislative Assembly
Which team did Dave Connell play for after Shamrock Rovers F.C?,Dave Connell,Shamrock Rovers F.C,Ards F.C.
Which position did Jackie Baillie hold after Member of the 2nd Scottish Parliament?,Jackie Baillie,Member of the 2nd Scottish Parliament,Member of the 3rd Scottish Parliament
Which position did Andrew Robathan hold after Member of the 52nd Parliament of the United Kingdom?,Andrew Robathan,Member of the 52nd Parliament of the United Kingdom,Member of the 53rd Parliament of the United Kingdom
Which position did Chester Bowles hold after Governor of Connecticut?,Chester Bowles,Governor of Connecticut,United States representative
Which team did José Eloy Jiménez Moreno play for after Unión Deportiva Las Palmas?,José Eloy Jiménez Moreno,Unión Deportiva Las Palmas,Córdoba CF
Which team did Terry Bradbury play for after Chester City F.C.?,Terry Bradbury,Chester City F.C.,Weymouth F.C.
Which position did William Plumer hold after Member of the 6th Parliament of the United Kingdom?,William Plumer,Member of the 6th Parliament of the United Kingdom,Member of the 7th Parliament of the United Kingdom
Who was the head of Chicago after Levi Day Boone?,Chicago,Levi Day Boone,John Charles Haines
"Which position did Hardinge Giffard, 1st Earl of Halsbury hold after Member of the 22nd Parliament of the United Kingdom?","Hardinge Giffard, 1st Earl of Halsbury",Member of the 22nd Parliament of the United Kingdom,Member of the House of Lords
Who was the head of Stevns Municipality after Poul Arne Nielsen?,Stevns Municipality,Poul Arne Nielsen,Mogens Haugaard Nielsen
Who was the chair of Security Service of Ukraine after Valeriy Khoroshkovskyi?,Security Service of Ukraine,Valeriy Khoroshkovskyi,Igor Kalinin
"Which position did John Russell, 1st Earl Russell hold after Member of the 5th Parliament of the United Kingdom?","John Russell, 1st Earl Russell",Member of the 5th Parliament of the United Kingdom,Member of the 6th Parliament of the United Kingdom
Who was the head of Castres after Jacques Limouzy?,Castres,Jacques Limouzy,Arnaud Mandement
Which employer did Katya Scheinberg work for after IBM Research?,Katya Scheinberg,IBM Research,Lehigh University
Who was the head of Hamburg after Christoph Ahlhaus?,Hamburg,Christoph Ahlhaus,Olaf Scholz
Where was Władysław Orlicz educated after Lviv University?,Władysław Orlicz,Lviv University,University of Göttingen
Which team did Alyaksey Belavusaw play for after FC Dinamo Minsk?,Alyaksey Belavusaw,FC Dinamo Minsk,FC Shakhtyor Salihorsk
Which position did Christian Zetlitz Bretteville hold after Minister of Auditing?,Christian Zetlitz Bretteville,Minister of Auditing,Norwegian prime minister in Stockholm
Which team did Macchambes Younga-Mouhani play for after Borussia Mönchengladbach?,Macchambes Younga-Mouhani,Borussia Mönchengladbach,Fortuna Düsseldorf
Who was the head coach of the team Reading F.C. after Mark Bowen?,Reading F.C.,Mark Bowen,Paul Ince
Which position did William Montagu-Pollock hold after ambassador of the United Kingdom to Syria?,William Montagu-Pollock,ambassador of the United Kingdom to Syria,ambassador of the United Kingdom to Peru
Who was the chair of Volkswagen Group after Josef Rust?,Volkswagen Group,Josef Rust,Hans Birnbaum
Which employer did Gijs Bakker work for after Koninklijke Van Kempen & Begeer?,Gijs Bakker,Koninklijke Van Kempen & Begeer,Delft University of Technology
Which team did Noah Syndergaard play for after St. Lucie Mets?,Noah Syndergaard,St. Lucie Mets,Binghamton Rumble Ponies
Who was the chair of Swedish Ice Hockey Association after Rickard Fagerlund?,Swedish Ice Hockey Association,Rickard Fagerlund,Christer Englund
Which team did Ryan Flynn play for after Wrexham A.F.C.?,Ryan Flynn,Wrexham A.F.C.,Falkirk F.C.
Who was the head coach of the team Sweden men's national ice hockey team after Ed Reigle?,Sweden men's national ice hockey team,Ed Reigle,Arne Strömberg
Who was the head of Romania after Mihail Kogălniceanu?,Romania,Mihail Kogălniceanu,Constantin Bosianu
Which position did Seán Moylan hold after Representative of the Parliamentary Assembly of the Council of Europe?,Seán Moylan,Representative of the Parliamentary Assembly of the Council of Europe,"Minister for Agriculture, Food and the Marine"
Which position did Edgar Rees Jones hold after Member of the 30th Parliament of the United Kingdom?,Edgar Rees Jones,Member of the 30th Parliament of the United Kingdom,Member of the 31st Parliament of the United Kingdom
Which position did Charles Morris hold after Member of the 44th Parliament of the United Kingdom?,Charles Morris,Member of the 44th Parliament of the United Kingdom,Member of the 45th Parliament of the United Kingdom
Which position did Seán Moylan hold after Teachta Dála?,Seán Moylan,Teachta Dála,"Minister for Communications, Climate Action and Environment"
Which political party did Vootele Hansen belong to after Social Democratic Party?,Vootele Hansen,Social Democratic Party,Isamaa
Which position did Abdul-Rashid Pelpuo hold after Member of the 6th Parliament of the 4th Republic of Ghana?,Abdul-Rashid Pelpuo,Member of the 6th Parliament of the 4th Republic of Ghana,Member of the 7th Parliament of the 4th Republic of Ghana
Who was the head of Hvidovre Municipality after Milton Graff Pedersen?,Hvidovre Municipality,Milton Graff Pedersen,Helle Moesgaard Adelborg
Which team did Matt Caution play for after Buffalo Blizzard?,Matt Caution,Buffalo Blizzard,Cleveland Crunch
"Which position did Valentine Browne, 4th Earl of Kenmare hold after Member of the 16th Parliament of the United Kingdom?","Valentine Browne, 4th Earl of Kenmare",Member of the 16th Parliament of the United Kingdom,Member of the 17th Parliament of the United Kingdom
Who was the chair of World Wide Fund for Nature after Pavan Sukhdev?,World Wide Fund for Nature,Pavan Sukhdev,E. Neville Isdell
Which employer did Niall Ferguson work for after New York University?,Niall Ferguson,New York University,Harvard University
Which employer did Felix Klein work for after University of Erlangen-Nuremberg?,Felix Klein,University of Erlangen-Nuremberg,Technical University of Munich
Who was the head of Móstoles after Esteban Parro?,Móstoles,Esteban Parro,Daniel Ortiz Espejo
Which employer did Herman Goldstine work for after IBM?,Herman Goldstine,IBM,Institute for Advanced Study
Who was the head of Hvidovre Municipality after Britta Christensen?,Hvidovre Municipality,Britta Christensen,Milton Graff Pedersen
Which employer did George F. Carrier work for after Harvard School of Engineering and Applied Sciences?,George F. Carrier,Harvard School of Engineering and Applied Sciences,Brown University
Where was Prasanta Chandra Mahalanobis educated after Brahmo Boy's School?,Prasanta Chandra Mahalanobis,Brahmo Boy's School,Presidency University
Who was the head of Sant Fost de Campsentelles after Montserrat Sanmarti Pratginestós?,Sant Fost de Campsentelles,Montserrat Sanmarti Pratginestós,Maria José Sánchez i Ortega
Who was the head of Kyōto Prefecture after Chiyoji Yukisawa?,Kyōto Prefecture,Chiyoji Yukisawa,Zentarō Arai
Which position did Anders Lysgaard hold after member of the Parliament of Norway?,Anders Lysgaard,member of the Parliament of Norway,deputy member of the Parliament of Norway
Which position did Thomas Francis Kennedy hold after Member of the 9th Parliament of the United Kingdom?,Thomas Francis Kennedy,Member of the 9th Parliament of the United Kingdom,Member of the 10th Parliament of the United Kingdom
Who was the head coach of the team Valenciennes F.C. after Olivier Guégan?,Valenciennes F.C.,Olivier Guégan,Christophe Delmotte
"Which position did Richard Bethell, 1st Baron Westbury hold after Member of the 15th Parliament of the United Kingdom?","Richard Bethell, 1st Baron Westbury",Member of the 15th Parliament of the United Kingdom,Member of the 16th Parliament of the United Kingdom
Which employer did Laurens Perseus Hickok work for after Union College?,Laurens Perseus Hickok,Union College,Amherst College
Who was the chair of Security Service of Ukraine after Leonid Derkach?,Security Service of Ukraine,Leonid Derkach,Ihor Smeshko
Which employer did Stanford Lyman work for after Sonoma State University?,Stanford Lyman,Sonoma State University,"University of Nevada, Reno"
Which employer did Gabriel Díaz Bessón work for after Royal Convent of La Encarnación?,Gabriel Díaz Bessón,Royal Convent of La Encarnación,Mezquita Catedral
Which team did Mustafa Peštalić play for after FK Velež Mostar?,Mustafa Peštalić,FK Velež Mostar,C.F. Estrela da Amadora
Which employer did George Philbrook work for after Multnomah Athletic Club?,George Philbrook,Multnomah Athletic Club,University of Idaho
Which position did William Dougal Christie hold after ambassador of the United Kingdom to Argentina?,William Dougal Christie,ambassador of the United Kingdom to Argentina,ambassador of the United Kingdom to Brazil
Which team did Fernando Martín Carreras play for after Cultural y Deportiva Leonesa?,Fernando Martín Carreras,Cultural y Deportiva Leonesa,CD Alcoyano
Which team did Valdet Rama play for after VfL Wolfsburg?,Valdet Rama,VfL Wolfsburg,FC Ingolstadt 04
Which employer did Clive Ballard work for after University of Birmingham?,Clive Ballard,University of Birmingham,Newcastle University
Which employer did Hayao Miyazaki work for after Toei Animation?,Hayao Miyazaki,Toei Animation,Nippon Animation
Which position did Michael Fallon hold after Member of the 56th Parliament of the United Kingdom?,Michael Fallon,Member of the 56th Parliament of the United Kingdom,Member of the 57th Parliament of the United Kingdom
Who was the head coach of the team Enosis Neon Paralimni FC after Kostas Kaiafas?,Enosis Neon Paralimni FC,Kostas Kaiafas,Apostolos Makrides
Which team did Cem Can play for after MKE Ankaragücü?,Cem Can,MKE Ankaragücü,Gençlerbirliği S.K.
Who was the chair of Fédération Internationale de l'Automobile after Jean Todt?,Fédération Internationale de l'Automobile,Jean Todt,Mohammed bin Sulayem
Which employer did Lawrence Heaney work for after University of Minnesota?,Lawrence Heaney,University of Minnesota,University of Kansas
Who was the head of Free Hanseatic City of Bremen after Jens Böhrnsen?,Free Hanseatic City of Bremen,Jens Böhrnsen,Carsten Sieling
Who was the head coach of the team A.E.K. Athens F.C. after Manuel Jiménez Jiménez?,A.E.K. Athens F.C.,Manuel Jiménez Jiménez,Sokratis Ofrydopoulos
Which position did Andreas Cappelen hold after Foreign Minister of Norway?,Andreas Cappelen,Foreign Minister of Norway,Minister of Justice and Public Security
Which employer did Matthew Pratt Guterl work for after Washington State University?,Matthew Pratt Guterl,Washington State University,Indiana University Bloomington
Which employer did Clive Ballard work for after Newcastle University?,Clive Ballard,Newcastle University,King's College London
Which position did William Plumer hold after Member of the 2nd Parliament of the United Kingdom?,William Plumer,Member of the 2nd Parliament of the United Kingdom,Member of the 3rd Parliament of the United Kingdom
Who was the head of Munich after Christian Ude?,Munich,Christian Ude,Dieter Reiter
Which employer did Leonid Kantorovich work for after Military Engineering-Technical University?,Leonid Kantorovich,Military Engineering-Technical University,Novosibirsk State University
Which position did Goswin de Stassart hold after member of the House of Representatives of the Netherlands?,Goswin de Stassart,member of the House of Representatives of the Netherlands,President of the Belgian Senate
Which employer did Jaqueline Anastácio work for after Siófok KC?,Jaqueline Anastácio,Siófok KC,Gjøvik HK
Which team did Willy Scheepers play for after Odense Boldklub?,Willy Scheepers,Odense Boldklub,FC Zürich
Where was Stefan Bergman educated after University of Vienna?,Stefan Bergman,University of Vienna,Frederick William University
Who was the head coach of the team Enosis Neon Paralimni FC after Čedomir Janevski?,Enosis Neon Paralimni FC,Čedomir Janevski,Carlos Alós Ferrer
Which team did Neil Danns play for after Crystal Palace F.C.?,Neil Danns,Crystal Palace F.C.,Leicester City F.C.
Which team did Gary Stevens play for after Brentford F.C.?,Gary Stevens,Brentford F.C.,Hereford United F.C.
Which team did Aimé Lavie play for after FC Sète?,Aimé Lavie,FC Sète,AS Cannes
Which team did Paul Hinshelwood play for after Millwall F.C.?,Paul Hinshelwood,Millwall F.C.,Colchester United F.C.
Who was the head coach of the team FC Shakhtyor Salihorsk after Sergei Gurenko?,FC Shakhtyor Salihorsk,Sergei Gurenko,Alyaksey Baha
Which employer did Lee Anna Clark work for after Southern Methodist University?,Lee Anna Clark,Southern Methodist University,University of Iowa
Who was the head coach of the team Sweden men's national ice hockey team after Kent Forsberg?,Sweden men's national ice hockey team,Kent Forsberg,Peter Wallin
Which team did Mustafa Peštalić play for after FK Spartak Zlatibor Voda?,Mustafa Peštalić,FK Spartak Zlatibor Voda,HNK Šibenik
Who was the head of Hasnon after Jean Delœil?,Hasnon,Jean Delœil,Yannick Nison
Who was the head of Prats de Lluçanès after Ramon Besora i Torradeflot?,Prats de Lluçanès,Ramon Besora i Torradeflot,Lluís Vila i Vilalta
Which employer did Vincent Ostrom work for after University of Wyoming?,Vincent Ostrom,University of Wyoming,University of Oregon
"Which position did William Hayes Fisher, 1st Baron Downham hold after Member of the 26th Parliament of the United Kingdom?","William Hayes Fisher, 1st Baron Downham",Member of the 26th Parliament of the United Kingdom,Member of the 27th Parliament of the United Kingdom
Who was the chair of PEN International after Denis Saurat?,PEN International,Denis Saurat,Arthur Miller
Where was T. J. McConnell educated after Chartiers Valley High School?,T. J. McConnell,Chartiers Valley High School,Duquesne University
Which position did Richard Ryder hold after Member of the 1st Parliament of the United Kingdom?,Richard Ryder,Member of the 1st Parliament of the United Kingdom,Member of the 2nd Parliament of the United Kingdom
Which political party did Kōichirō Genba belong to after Group of Independents?,Kōichirō Genba,Group of Independents,Reviewing Group on Social Security Policy
Which team did David Ginola play for after Paris Saint-Germain F.C.?,David Ginola,Paris Saint-Germain F.C.,Newcastle United F.C.
Which position did Jo Grimond hold after Member of the 45th Parliament of the United Kingdom?,Jo Grimond,Member of the 45th Parliament of the United Kingdom,Member of the 46th Parliament of the United Kingdom
Which political party did Paweł Adamowicz belong to after Liberal Democratic Congress?,Paweł Adamowicz,Liberal Democratic Congress,Civic Platform
Which team did Carlos Alberto Etcheverry play for after Atlético Irapuato?,Carlos Alberto Etcheverry,Atlético Irapuato,Club Universidad Nacional
Who was the head of Poland after Tadeusz Mazowiecki?,Poland,Tadeusz Mazowiecki,Jan Krzysztof Bielecki
Who was the head of Esch-sur-Alzette after Theodor Feldhege?,Esch-sur-Alzette,Theodor Feldhege,Josef Kohns
Which employer did Laurent Schwartz work for after Grenoble Alpes University?,Laurent Schwartz,Grenoble Alpes University,Université de Nancy
Which team did Juan Sabas play for after CP Mérida?,Juan Sabas,CP Mérida,Albacete Balompié
Which position did Ismaʿil Sidqi hold after Minister of Religious Endowment?,Ismaʿil Sidqi,Minister of Religious Endowment,Prime Minister of Egypt
Who was the head of Vienna after Karl Lueger?,Vienna,Karl Lueger,Josef Neumayer
"Who was the chair of Paris Observatory, PSL University after Giovanni Domenico Cassini?","Paris Observatory, PSL University",Giovanni Domenico Cassini,Jacques Cassini
Which team did Paddy Sowden play for after Bacup Borough F.C.?,Paddy Sowden,Bacup Borough F.C.,Elgin City F.C.
Which team did Cecilia Salvai play for after Italy women's national under-19 football team?,Cecilia Salvai,Italy women's national under-19 football team,Football Club femminile Rapid Lugano
Which position did Charles William Packe hold after Member of the 17th Parliament of the United Kingdom?,Charles William Packe,Member of the 17th Parliament of the United Kingdom,Member of the 18th Parliament of the United Kingdom
Which team did Carlos Alberto Etcheverry play for after Chacarita Juniors?,Carlos Alberto Etcheverry,Chacarita Juniors,Club León
"Which position did Sir William Curtis, 1st Baronet hold after Member of the 3rd Parliament of the United Kingdom?","Sir William Curtis, 1st Baronet",Member of the 3rd Parliament of the United Kingdom,Member of the 4th Parliament of the United Kingdom
"Which position did James Prior, Baron Prior hold after Secretary of State for Employment?","James Prior, Baron Prior",Secretary of State for Employment,Secretary of State for Northern Ireland
Who was the chair of Security Service of Ukraine after Volodymyr Radchenko?,Security Service of Ukraine,Volodymyr Radchenko,Leonid Derkach
Which employer did Carlo Cottarelli work for after Eni?,Carlo Cottarelli,Eni,International Monetary Fund
Who was the head of Vienna after Helmut Zilk?,Vienna,Helmut Zilk,Michael Häupl
Which employer did Max Volmer work for after Frederick William University?,Max Volmer,Frederick William University,Auergesellschaft
Who was the head of Ōsaka Prefecture after Tōru Hashimoto?,Ōsaka Prefecture,Tōru Hashimoto,Ichirō Matsui
Who was the head of Chicago after Richard J. Daley?,Chicago,Richard J. Daley,Michael Anthony Bilandic
Which position did Christian Zetlitz Bretteville hold after Minister of Finance of Norway?,Christian Zetlitz Bretteville,Minister of Finance of Norway,Minister of Auditing
Who was the head of Romania after Radu Vasile?,Romania,Radu Vasile,Mugur Isărescu
Which team did Gerardo Berodia play for after CD El Álamo?,Gerardo Berodia,CD El Álamo,DAV Santa Ana
Who was the head coach of the team FK Bodø/Glimt after Jan Halvor Halvorsen?,FK Bodø/Glimt,Jan Halvor Halvorsen,Aasmund Bjørkan
"Which position did Olívia Santana hold after Secretary of Labour, Employment, Income and Sport of the State of Bahia?",Olívia Santana,"Secretary of Labour, Employment, Income and Sport of the State of Bahia",state deputy of Bahia
Which employer did Philip Franklin work for after Princeton University?,Philip Franklin,Princeton University,Harvard University
Who was the chair of Economic Community of West African States after Nicéphore Soglo?,Economic Community of West African States,Nicéphore Soglo,Jerry Rawlings
Where was Fani Stipković educated after Faculty of Political Sciences in Zagreb?,Fani Stipković,Faculty of Political Sciences in Zagreb,Universidad Europea de Madrid
Which team did Guillaume Gigliotti play for after AS Monaco FC?,Guillaume Gigliotti,AS Monaco FC,Novara Calcio
Who was the head of Vologda after Evgeny Shulepov?,Vologda,Evgeny Shulepov,Yury Sapozhnikov
Who was the head of Chicago after Monroe Heath?,Chicago,Monroe Heath,John A. Roche
Who was the chair of Johns Hopkins University after Daniel Nathans?,Johns Hopkins University,Daniel Nathans,William Ralph Brody
Which position did Saville Garner hold after High Commissioner of the United Kingdom to Canada?,Saville Garner,High Commissioner of the United Kingdom to Canada,Permanent Under-Secretary for Commonwealth Relations
Which position did Joaquín Manglano Cucaló de Montull hold after mayor of Valencia?,Joaquín Manglano Cucaló de Montull,mayor of Valencia,procurador en Cortes
Who was the owner of The Little Street after Jan Pieter Six VI?,The Little Street,Jan Pieter Six VI,Pieter Hendrik Six van Vromade
Which team did Erich Habitzl play for after F.C. Nantes?,Erich Habitzl,F.C. Nantes,FC Admira Wacker Mödling
Which team did Glenn Cronin play for after Chester City F.C.?,Glenn Cronin,Chester City F.C.,Bohemian F.C.
Which employer did Susan R. Fussell work for after Carnegie Mellon University?,Susan R. Fussell,Carnegie Mellon University,Cornell University
Who was the head of Annemasse after Robert Borrel?,Annemasse,Robert Borrel,special delegation
Which employer did Ken Murph work for after Walgreens Boots Alliance?,Ken Murph,Walgreens Boots Alliance,Tesco
Where was Julia Kempe educated after École normale supérieure  (Paris)?,Julia Kempe,École normale supérieure  (Paris),"University of California, Berkeley"
Which position did Dugdale Dugdale hold after Member of the 3rd Parliament of the United Kingdom?,Dugdale Dugdale,Member of the 3rd Parliament of the United Kingdom,Member of the 4th Parliament of the United Kingdom
Which position did Clement Kinloch-Cooke hold after Member of the 29th Parliament of the United Kingdom?,Clement Kinloch-Cooke,Member of the 29th Parliament of the United Kingdom,Member of the 30th Parliament of the United Kingdom
Who was the head of Plzeň after Stanislav Loukota?,Plzeň,Stanislav Loukota,Zdeněk Mraček
Who was the chair of Deutscher Schriftstellerverband after Bodo Uhse?,Deutscher Schriftstellerverband,Bodo Uhse,Anna Seghers
Which position did Alexander McArthur hold after Member of the 23rd Parliament of the United Kingdom?,Alexander McArthur,Member of the 23rd Parliament of the United Kingdom,Member of the 24th Parliament of the United Kingdom
Who was the head of Romania after Adrian Năstase?,Romania,Adrian Năstase,Călin Popescu-Tăriceanu
Who was the chair of Italian Radicals after Maria Antonietta Farina Coscioni?,Italian Radicals,Maria Antonietta Farina Coscioni,Bruno Mellano
Which employer did Leroy Cronin work for after University of Edinburgh?,Leroy Cronin,University of Edinburgh,Bielefeld University
Which team did Jim McLaughlin play for after Swansea City A.F.C.?,Jim McLaughlin,Swansea City A.F.C.,Dundalk F.C.
Which employer did Charles Coulson work for after University of Dundee?,Charles Coulson,University of Dundee,King's College London
Which position did George Willey hold after Member of the 38th Parliament of the United Kingdom?,George Willey,Member of the 38th Parliament of the United Kingdom,Member of the 39th Parliament of the United Kingdom
Which position did Harry Pursey hold after Member of the 39th Parliament of the United Kingdom?,Harry Pursey,Member of the 39th Parliament of the United Kingdom,Member of the 40th Parliament of the United Kingdom
Which employer did Wolfgang Rindler work for after University of London?,Wolfgang Rindler,University of London,Cornell University
Which position did Clement Kinloch-Cooke hold after Member of the 30th Parliament of the United Kingdom?,Clement Kinloch-Cooke,Member of the 30th Parliament of the United Kingdom,Member of the 31st Parliament of the United Kingdom
Who was the chair of Tennessee State University after Otis L. Floyd?,Tennessee State University,Otis L. Floyd,James A. Hefner
Which position did Stanley McMaster hold after Member of the 44th Parliament of the United Kingdom?,Stanley McMaster,Member of the 44th Parliament of the United Kingdom,Member of the 45th Parliament of the United Kingdom
Which position did José Pardo y Barreda hold after rector of the National University of San Marcos?,José Pardo y Barreda,rector of the National University of San Marcos,President of Peru
Which position did Peter Aldous hold after Member of the 56th Parliament of the United Kingdom?,Peter Aldous,Member of the 56th Parliament of the United Kingdom,Member of the 57th Parliament of the United Kingdom
"Which employer did David K. Levine work for after University of California, Los Angeles?",David K. Levine,"University of California, Los Angeles",Washington University in St. Louis
Which team did Jim McLaughlin play for after Derry City F.C.?,Jim McLaughlin,Derry City F.C.,Birmingham City F.C.
Who was the head of Kyōto Prefecture after Teiichi Aramaki?,Kyōto Prefecture,Teiichi Aramaki,Keiji Yamada
Who was the head coach of the team F.C. Crotone after Giovanni Stroppa?,F.C. Crotone,Giovanni Stroppa,Francesco Modesto
Which employer did Derman Christopherson work for after University of Leeds?,Derman Christopherson,University of Leeds,Imperial College London
Which position did Goswin de Stassart hold after Prefect of Bouches-de-la-Meuse?,Goswin de Stassart,Prefect of Bouches-de-la-Meuse,member of the House of Representatives of the Netherlands
Which team did Scott Flinders play for after Falkirk F.C.?,Scott Flinders,Falkirk F.C.,Hartlepool United F.C.
Who was the head coach of the team Panathinaikos F.C. after Itzhak Shum?,Panathinaikos F.C.,Itzhak Shum,Zdeněk Ščasný
Which team did Modeste M'bami play for after Al Ittihad FC?,Modeste M'bami,Al Ittihad FC,Le Havre AC
Which employer did Manuel Estiarte work for after FC Bayern Munich?,Manuel Estiarte,FC Bayern Munich,Manchester City F.C
Who was the head of Munich after Alois Erhardt?,Munich,Alois Erhardt,Johannes von Widenmayer
Who was the head of Vârghiș after Ilkei Francisc?,Vârghiș,Ilkei Francisc,Levente-Lehel Sütő
Who was the head coach of the team Olympique Lyonnais after Sylvinho?,Olympique Lyonnais,Sylvinho,Rudi Garcia
Who was the head of Kyōto Prefecture after Tokikazu Ikematsu?,Kyōto Prefecture,Tokikazu Ikematsu,Konosuke Hamada
Where was Marian Pepler educated after Froebel College?,Marian Pepler,Froebel College,Architectural Association School of Architecture
Which position did Hrushikesh Naik hold after Member of the Ninth Odisha Legislative Assembly?,Hrushikesh Naik,Member of the Ninth Odisha Legislative Assembly,Member of the Eleventh Odisha Legislative Assembly
"Which position did Sir Herbert Williams, 1st Baronet hold after Member of the 39th Parliament of the United Kingdom?","Sir Herbert Williams, 1st Baronet",Member of the 39th Parliament of the United Kingdom,Member of the 40th Parliament of the United Kingdom
Who was the head coach of the team Sweden men's national ice hockey team after Leif Boork?,Sweden men's national ice hockey team,Leif Boork,Tommy Sandlin
Which team did Mathias Kouo-Doumbé play for after Hibernian F.C.?,Mathias Kouo-Doumbé,Hibernian F.C.,Plymouth Argyle F.C.
Which team did Mick Morris play for after Oxford United F.C.?,Mick Morris,Oxford United F.C.,Port Vale F.C.
Who was the head coach of the team Legia Warsaw after Dariusz Wdowczyk?,Legia Warsaw,Dariusz Wdowczyk,Jacek Zieliński
Who was the head of Munich after Georg Kronawitter?,Munich,Georg Kronawitter,Christian Ude
"Which position did Frederick Elwyn Jones, Baron Elwyn-Jones hold after Member of the 41st Parliament of the United Kingdom?","Frederick Elwyn Jones, Baron Elwyn-Jones",Member of the 41st Parliament of the United Kingdom,Member of the 42nd Parliament of the United Kingdom
Which employer did Dirk Helbing work for after TU Dresden?,Dirk Helbing,TU Dresden,ETH Zürich
Which team did Mauricio Alfaro play for after Alianza Fútbol Club?,Mauricio Alfaro,Alianza Fútbol Club,C.D. FAS
Who was the chair of Union for a Popular Movement after Alain Juppé?,Union for a Popular Movement,Alain Juppé,Jean-François Copé
Where was Mikhail Vassilyevich Lomonosov educated after Slavic Greek Latin Academy?,Mikhail Vassilyevich Lomonosov,Slavic Greek Latin Academy,Kyiv-Mohyla Academy
Which team did Steve Jones play for after Bury F.C.?,Steve Jones,Bury F.C.,Sligo Rovers F.C.
Who was the head of Cádiz after Sebastián Martínez de Pinillos y Tourne?,Cádiz,Sebastián Martínez de Pinillos y Tourne,Manuel García Noguerol
Which team did Rafael Mea Vitali play for after Aragua FC?,Rafael Mea Vitali,Aragua FC,Atlético Venezuela
Where was Albert Caquot educated after École polytechnique?,Albert Caquot,École polytechnique,École des Ponts ParisTech
Which team did Warren Jabali play for after Miami Floridians?,Warren Jabali,Miami Floridians,Denver Nuggets
Which team did David Ginola play for after Tottenham Hotspur F.C.?,David Ginola,Tottenham Hotspur F.C.,Aston Villa F.C.
Which employer did Wilhelm Flügge work for after University of Göttingen?,Wilhelm Flügge,University of Göttingen,Deutsche Versuchsanstalt für Luftfahrt
Which team did Willy Scheepers play for after Lommel United?,Willy Scheepers,Lommel United,Aarhus Gymnastikforening
Which employer did Karen Keskulla Uhlenbeck work for after University of Illinois at Chicago?,Karen Keskulla Uhlenbeck,University of Illinois at Chicago,University of Chicago
Who was the head of Chicago after John Patrick Hopkins?,Chicago,John Patrick Hopkins,George Bell Swift
Who was the chair of Security Service of Ukraine after Oleksandr Yakymenko?,Security Service of Ukraine,Oleksandr Yakymenko,Vasyl Hrytsak
Who was the head of Nizhny Novgorod after Ivan Karnilin?,Nizhny Novgorod,Ivan Karnilin,Elizaveta Solonchenko
Who was the chair of Academy of Arts of the GDR after Willi Bredel?,Academy of Arts of the GDR,Willi Bredel,Konrad Wolf
Which team did Lukas Mössner play for after TSV Hartberg?,Lukas Mössner,TSV Hartberg,FC Juniors OÖ
Which position did Christian Zetlitz Bretteville hold after deputy member of the Parliament of Norway?,Christian Zetlitz Bretteville,deputy member of the Parliament of Norway,member of the Parliament of Norway
Which position did Michael Shersby hold after Member of the 49th Parliament of the United Kingdom?,Michael Shersby,Member of the 49th Parliament of the United Kingdom,Member of the 50th Parliament of the United Kingdom
Which employer did Sidney W. Bijou work for after University of Illinois at Urbana–Champaign?,Sidney W. Bijou,University of Illinois at Urbana–Champaign,University of Arizona
Which employer did David Gilbarg work for after Indiana University Bloomington?,David Gilbarg,Indiana University Bloomington,Stanford University
Who was the head of Munich after Franz Paul von Mittermayr?,Munich,Franz Paul von Mittermayr,Josef von Teng
Which position did Peter Griffiths hold after Member of the 48th Parliament of the United Kingdom?,Peter Griffiths,Member of the 48th Parliament of the United Kingdom,Member of the 49th Parliament of the United Kingdom
Which position did Maxime Bernier hold after Minister of Foreign Affairs of Canada?,Maxime Bernier,Minister of Foreign Affairs of Canada,Minister of Small Business and Tourism
Which team did Mikaël Cantave play for after Lorca FC B?,Mikaël Cantave,Lorca FC B,Deportivo Rayo Cantabria
Who was the chair of Italian Radicals after Riccardo Magi?,Italian Radicals,Riccardo Magi,Marco Cappato
Who was the head of Nantou County after Lee Chao-ching?,Nantou County,Lee Chao-ching,Lin Ming-chen
Which team did Pietro Carmignani play for after Varese Calcio?,Pietro Carmignani,Varese Calcio,Juventus FC
Which position did Claudio Martini hold after president of Tuscany?,Claudio Martini,president of Tuscany,member of the Italian Senate
Which team did João Carlos Rocha Vicente play for after Louletano D.C.?,João Carlos Rocha Vicente,Louletano D.C.,Imortal DC
Which position did Sammy Wilson hold after Member of the 1st Northern Ireland Assembly?,Sammy Wilson,Member of the 1st Northern Ireland Assembly,Member of the 2nd Northern Ireland Assembly
Who was the head coach of the team Legia Warsaw after Dean Klafurić?,Legia Warsaw,Dean Klafurić,Ricardo Sá Pinto
Which position did Panagiotis Kanellopoulos hold after Minister of Aviation of Greece?,Panagiotis Kanellopoulos,Minister of Aviation of Greece,Minister of Military Affairs of Greece
Which position did Samuel Whitbread hold after Member of the 17th Parliament of the United Kingdom?,Samuel Whitbread,Member of the 17th Parliament of the United Kingdom,Member of the 18th Parliament of the United Kingdom
Which employer did Ellen Muehlberger work for after Indiana University Bloomington?,Ellen Muehlberger,Indiana University Bloomington,DePauw University
Which employer did Orm Finnendahl work for after Folkwang University of the Arts?,Orm Finnendahl,Folkwang University of the Arts,Hochschule für Musik Freiburg
Who was the head of Úbeda after Manuel Fernández Peña?,Úbeda,Manuel Fernández Peña,Arsenio Moreno Mendoza
Who was the head of state of Hanthawaddy Kingdom after Shin Sawbu?,Hanthawaddy Kingdom,Shin Sawbu,Dhammazedi
Which team did Neil Redfearn play for after Charlton Athletic F.C.?,Neil Redfearn,Charlton Athletic F.C.,Bradford City A.F.C.
Who was the head coach of the team Fremantle Football Club after Mark Harvey?,Fremantle Football Club,Mark Harvey,Ross Lyon
Which team did Mario Mutsch play for after FC Metz?,Mario Mutsch,FC Metz,FC Sion
"Who was the head coach of the team Sweden men's national ice hockey team after Folke ""Masen"" Jansson?",Sweden men's national ice hockey team,"Folke ""Masen"" Jansson",Ed Reigle
Who was the chair of Synaspismós after Nikos Konstantopoulos?,Synaspismós,Nikos Konstantopoulos,Alekos Alavanos
Where was Victor Ambartsumian educated after Herzen University?,Victor Ambartsumian,Herzen University,Faculty of Physics and Mathematics of the Saint Petersburg University
Which team did Hugo Pina play for after S.C.U. Torreense?,Hugo Pina,S.C.U. Torreense,Atlético Clube de Portugal
Who was the head of Jönköping County after Håkan Sörman?,Jönköping County,Håkan Sörman,Anneli Wirtén
Which team did Nenad Panić play for after FK Železničar Beograd?,Nenad Panić,FK Železničar Beograd,Red Star Belgrade
Which position did Jan Kappeyne van de Coppello hold after municipal councillor of The Hague?,Jan Kappeyne van de Coppello,municipal councillor of The Hague,member of the House of Representatives of the Netherlands
Which team did José Eloy Jiménez Moreno play for after Levante UD?,José Eloy Jiménez Moreno,Levante UD,Elche CF
Which team did George McVitie play for after Carlisle United F.C.?,George McVitie,Carlisle United F.C.,Queen of the South F.C.
Which team did Lukas Mössner play for after SV Mattersburg?,Lukas Mössner,SV Mattersburg,SC Schwanenstadt
Who was the chair of Liga Veneta Repubblica after Mariangelo Foggiato?,Liga Veneta Repubblica,Mariangelo Foggiato,Donato Manfroi
Which position did Charles Morris hold after Member of the 42nd Parliament of the United Kingdom?,Charles Morris,Member of the 42nd Parliament of the United Kingdom,Member of the 43rd Parliament of the United Kingdom
Which employer did Frank Peters Jr. work for after Springfield News-Leader?,Frank Peters Jr.,Springfield News-Leader,Rome Daily American
Who was the head coach of the team FC Astra Giurgiu after Edward Iordănescu?,FC Astra Giurgiu,Edward Iordănescu,Marius Măldărășanu
Which position did Anne-Marie Descôtes hold after ambassador of France to Germany?,Anne-Marie Descôtes,ambassador of France to Germany,Permanent secretary of the French Foreign Affairs Ministry
Which position did Per-Kristian Foss hold after deputy member of the Parliament of Norway?,Per-Kristian Foss,deputy member of the Parliament of Norway,Minister of Finance of Norway
Which employer did Wendell A. Mordy work for after Hawaii Agriculture Research Center?,Wendell A. Mordy,Hawaii Agriculture Research Center,Stockholm University
Which employer did Caroline C. Hunter work for after Republican National Committee?,Caroline C. Hunter,Republican National Committee,United States Department of Homeland Security
Which position did Andreas Cappelen hold after Minister of Finance of Norway?,Andreas Cappelen,Minister of Finance of Norway,Foreign Minister of Norway
Which employer did Hayao Miyazaki work for after Nippon Animation?,Hayao Miyazaki,Nippon Animation,TMS Entertainment
Who was the head coach of the team Australia national rugby union team after Eddie Jones?,Australia national rugby union team,Eddie Jones,Robbie Deans
Who was the head of state of Republic of Artsakh after Leonard Petrosyan?,Republic of Artsakh,Leonard Petrosyan,Arkadi Ghukasyan
Who was the head of Russia after Mikhail Fradkov?,Russia,Mikhail Fradkov,Vladimir Putin
Which team did Jules Reimerink play for after FC Twente?,Jules Reimerink,FC Twente,FC Energie Cottbus
"Which position did Maxime Bernier hold after Minister of Innovation, Science and Industry?",Maxime Bernier,"Minister of Innovation, Science and Industry",Minister of Foreign Affairs of Canada
Which team did Percy Smith play for after Fleetwood Town F.C.?,Percy Smith,Fleetwood Town F.C.,Barrow A.F.C.
Which position did Peter Aldous hold after Member of the 55th Parliament of the United Kingdom?,Peter Aldous,Member of the 55th Parliament of the United Kingdom,Member of the 56th Parliament of the United Kingdom
Which team did Boubacar Sanogo play for after 1. FC Kaiserslautern?,Boubacar Sanogo,1. FC Kaiserslautern,Hamburger SV
"Which position did Sir James Bourne, 1st Baronet hold after Member of the 19th Parliament of the United Kingdom?","Sir James Bourne, 1st Baronet",Member of the 19th Parliament of the United Kingdom,Member of the 20th Parliament of the United Kingdom
Who was the head coach of the team New York Liberty after Nancy Darsch?,New York Liberty,Nancy Darsch,Richie Adubato
Who was the chair of French Prehistoric Society after Claude Mordant?,French Prehistoric Society,Claude Mordant,Claire Manen
Which employer did Harrison B. Tordoff work for after University of Michigan?,Harrison B. Tordoff,University of Michigan,University of Minnesota
Who was the head of Romania after Ion C. Brătianu?,Romania,Ion C. Brătianu,Theodor Rosetti
Where was Owe Wiktorin educated after Swedish Air Force Military Aviation School?,Owe Wiktorin,Swedish Air Force Military Aviation School,Swedish National Military College
Which political party did Kōichirō Genba belong to after New Party Sakigake?,Kōichirō Genba,New Party Sakigake,Democratic Party of Japan
Which employer did Patrick du Val work for after Trinity College?,Patrick du Val,Trinity College,Victoria University of Manchester
Who was the head coach of the team Australia national rugby union team after Rod Macqueen?,Australia national rugby union team,Rod Macqueen,Eddie Jones
Who was the head of Petriș after Irina Onescu?,Petriș,Irina Onescu,Ionel Gheorghe Berari
Which position did James Christopher Flynn hold after Member of the 23rd Parliament of the United Kingdom?,James Christopher Flynn,Member of the 23rd Parliament of the United Kingdom,Member of the 24th Parliament of the United Kingdom
Who was the owner of Charlotte Hornets after Robert L. Johnson?,Charlotte Hornets,Robert L. Johnson,Michael Jordan
Who was the head coach of the team Toulouse FC after Patrice Garande?,Toulouse FC,Patrice Garande,Philippe Montanier
Which employer did Johann Radon work for after University of Erlangen-Nuremberg?,Johann Radon,University of Erlangen-Nuremberg,University of Wrocław
Which position did Richard Ryder hold after Member of the 6th Parliament of the United Kingdom?,Richard Ryder,Member of the 6th Parliament of the United Kingdom,Member of the 7th Parliament of the United Kingdom
Who was the head coach of the team FC Shakhtyor Salihorsk after Alyaksey Baha?,FC Shakhtyor Salihorsk,Alyaksey Baha,Ivan Bionchik
Which position did Randolfo Pacciardi hold after Italian Minister of Defence?,Randolfo Pacciardi,Italian Minister of Defence,member of the Chamber of Deputies of the Italian Republic
Which employer did Bruno Lemaitre work for after National Center for Scientific Research?,Bruno Lemaitre,National Center for Scientific Research,Centre de Génétique Moléculaire
Who was the head of Esch-sur-Alzette after Josef Kohns?,Esch-sur-Alzette,Josef Kohns,Hubert Clément
Who was the owner of Young man in Mayo costume after Jean-Baptiste Faure?,Young man in Mayo costume,Jean-Baptiste Faure,Henry Osborne Havemeyer
Who was the chair of Swedish Ice Hockey Association after Helge Berglund?,Swedish Ice Hockey Association,Helge Berglund,Ove Rainer
Who was the head coach of the team FC Astra Giurgiu after Gheorghe Mulțescu?,FC Astra Giurgiu,Gheorghe Mulțescu,Costel Enache
Which team did Eduardo Hernández-Sonseca play for after CB Gran Canaria?,Eduardo Hernández-Sonseca,CB Gran Canaria,Club Melilla Baloncesto
Where was Chris Hadfield educated after Royal Military College of Canada?,Chris Hadfield,Royal Military College of Canada,University of Waterloo
Which political party did Ida Auken belong to after Danish Social Liberal Party?,Ida Auken,Danish Social Liberal Party,Social Democrats
Which position did Charles William Packe hold after Member of the 14th Parliament of the United Kingdom?,Charles William Packe,Member of the 14th Parliament of the United Kingdom,Member of the 15th Parliament of the United Kingdom
Which position did Walter Clegg hold after Member of the 47th Parliament of the United Kingdom?,Walter Clegg,Member of the 47th Parliament of the United Kingdom,Member of the 48th Parliament of the United Kingdom
Which position did Hrushikesh Naik hold after Member of the Eighth Odisha Legislative Assembly?,Hrushikesh Naik,Member of the Eighth Odisha Legislative Assembly,Member of the Ninth Odisha Legislative Assembly
Which political party did Rosemarie Hein belong to after The Left Party.PDS?,Rosemarie Hein,The Left Party.PDS,The Left
Which employer did Hans Rådström work for after Stockholm University?,Hans Rådström,Stockholm University,Linköping University
Which employer did Deane Montgomery work for after Smith College?,Deane Montgomery,Smith College,Yale University
Who was the head coach of the team TSC Bačka Topola after Mladen Krstajić?,TSC Bačka Topola,Mladen Krstajić,Žarko Lazetić
Which position did Lord Douglas Gordon-Hallyburton hold after Member of the 12th Parliament of the United Kingdom?,Lord Douglas Gordon-Hallyburton,Member of the 12th Parliament of the United Kingdom,Member of the 13th Parliament of the United Kingdom
Who was the head of state of Republic of Artsakh after Bako Sahakyan?,Republic of Artsakh,Bako Sahakyan,Arayik Harutyunyan
Which team did Billy Manuel play for after Barnet F.C.?,Billy Manuel,Barnet F.C.,Folkestone Invicta F.C.
Which position did Enoch Powell hold after Member of the 47th Parliament of the United Kingdom?,Enoch Powell,Member of the 47th Parliament of the United Kingdom,Member of the 48th Parliament of the United Kingdom
Who was the head of Ziduri after Nicolae Nedelcu?,Ziduri,Nicolae Nedelcu,Nicolaie Nedelcu
Who was the chair of Brazilian Academy of Sciences after Juliano Moreira?,Brazilian Academy of Sciences,Juliano Moreira,Miguel Osório de Almeida
Which team did Naim Kryeziu play for after S.S.C. Napoli?,Naim Kryeziu,S.S.C. Napoli,F.C. Turris 1944 A.S.D.
Who was the chair of Delta Air Lines after Leo Mullin?,Delta Air Lines,Leo Mullin,Daniel Carp
Who was the head of Vienna after Jakob Reumann?,Vienna,Jakob Reumann,Karl Seitz
Which position did James Christopher Flynn hold after Member of the 26th Parliament of the United Kingdom?,James Christopher Flynn,Member of the 26th Parliament of the United Kingdom,Member of the 27th Parliament of the United Kingdom
"Which position did William Hay, 10th Marquess of Tweeddale hold after Member of the 19th Parliament of the United Kingdom?","William Hay, 10th Marquess of Tweeddale",Member of the 19th Parliament of the United Kingdom,Member of the 21st Parliament of the United Kingdom
Which team did Bill Brown play for after Chelmsford City F.C.?,Bill Brown,Chelmsford City F.C.,Gillingham F.C.
Which employer did Gaetano Scorza work for after University of Naples Federico II?,Gaetano Scorza,University of Naples Federico II,Sapienza University of Rome
Which employer did Annette Dittert work for after Westdeutscher Rundfunk?,Annette Dittert,Westdeutscher Rundfunk,Norddeutscher Rundfunk
"Who was the chair of Food, Beverages and Catering Union after Franz-Josef Möllenberg?","Food, Beverages and Catering Union",Franz-Josef Möllenberg,Michaela Rosenberger
Who was the head of Cádiz after Manuel García Noguerol?,Cádiz,Manuel García Noguerol,Francisco Clotet y Miranda
Which political party did Gad Yaacobi belong to after Rafi?,Gad Yaacobi,Rafi,Alignment
"Who was the owner of Primrose Hill Tunnel after London, Midland and Scottish Railway?",Primrose Hill Tunnel,"London, Midland and Scottish Railway",British Rail
Which employer did William Claytor work for after University of Michigan?,William Claytor,University of Michigan,United States Army
Which political party did Andra Veidemann belong to after People's Union of Estonia?,Andra Veidemann,People's Union of Estonia,Social Democratic Party
Who was the head of Ōsaka Prefecture after Knock Yokoyama?,Ōsaka Prefecture,Knock Yokoyama,Fusae Ōta
Which position did Pierre Renouvin hold after dean?,Pierre Renouvin,dean,president
Which employer did Sidney W. Bijou work for after University of Washington?,Sidney W. Bijou,University of Washington,University of Illinois at Urbana–Champaign
Which position did George Daggar hold after Member of the 36th Parliament of the United Kingdom?,George Daggar,Member of the 36th Parliament of the United Kingdom,Member of the 37th Parliament of the United Kingdom
Who was the head coach of the team Panathinaikos F.C. after Yannis Anastasiou?,Panathinaikos F.C.,Yannis Anastasiou,Marinos Ouzounidis
Which political party did Lin Cheng-chieh belong to after Unionist Party?,Lin Cheng-chieh,Unionist Party,Kuomintang
Who was the head of Chicago after Walter Smith Gurnee?,Chicago,Walter Smith Gurnee,Charles McNeill Gray
Which team did Cem Can play for after Ankara Demirspor?,Cem Can,Ankara Demirspor,İstanbulspor A.Ş.
Which team did Pablo Edson Barrera Acosta play for after Real Madrid Fc?,Pablo Edson Barrera Acosta,Real Madrid Fc,Club de Fútbol Monterrey
Which employer did Allison Littlejohn work for after The Open University?,Allison Littlejohn,The Open University,University of Glasgow
Who was the chair of International Olympic Committee after Henri de Baillet-Latour?,International Olympic Committee,Henri de Baillet-Latour,Sigfrid Edström
Who was the head coach of the team SønderjyskE Fodbold after Glen Riddersholm?,SønderjyskE Fodbold,Glen Riddersholm,Michael Boris
Which employer did Friedrich Leo work for after University of Strasbourg?,Friedrich Leo,University of Strasbourg,University of Göttingen
Who was the head of Vienna after Richard Weiskirchner?,Vienna,Richard Weiskirchner,Jakob Reumann
Which position did Michael Fallon hold after Member of the 50th Parliament of the United Kingdom?,Michael Fallon,Member of the 50th Parliament of the United Kingdom,Member of the 52nd Parliament of the United Kingdom
Who was the head coach of the team R.S.C. Anderlecht after Fred Rutten?,R.S.C. Anderlecht,Fred Rutten,Franky Vercauteren
Which team did Alexander Farnerud play for after BSC Young Boys?,Alexander Farnerud,BSC Young Boys,Torino F.C.
Who was the head of Cádiz after Carlos Díaz Medina?,Cádiz,Carlos Díaz Medina,Teófila Martínez
Who was the head coach of the team CS Pandurii Târgu Jiu after Petre Grigoraș?,CS Pandurii Târgu Jiu,Petre Grigoraș,Adrian Iencsi
Which political party did Mahathir Mohamad belong to after independent politician?,Mahathir Mohamad,independent politician,Homeland Fighter Party
Which team did Jason Price play for after Millwall F.C.?,Jason Price,Millwall F.C.,Bradford City A.F.C.
Which employer did Frederick Valentine Atkinson work for after Christ Church?,Frederick Valentine Atkinson,Christ Church,University of Ibadan
Which political party did Takeo Miki belong to after National Cooperative Party?,Takeo Miki,National Cooperative Party,National Democratic Party (Japan)
Which team did Lukas Grozurek play for after Wiener Sport-Club?,Lukas Grozurek,Wiener Sport-Club,SK Rapid Wien
Which position did Samuel Åkerhielm hold after Chief of the Defence Staff?,Samuel Åkerhielm,Chief of the Defence Staff,Military Commander of Gotland
Who was the head of Nantou County after Meng Fan-chao?,Nantou County,Meng Fan-chao,Wu Den-yih
Who was the head of Hamburg after Klaus von Dohnanyi?,Hamburg,Klaus von Dohnanyi,Henning Voscherau
Which position did David Mudd hold after Member of the 49th Parliament of the United Kingdom?,David Mudd,Member of the 49th Parliament of the United Kingdom,Member of the 50th Parliament of the United Kingdom
Who was the head of Kyōto Prefecture after Keiji Yamada?,Kyōto Prefecture,Keiji Yamada,Takatoshi Nishiwaki
Which employer did John M. Lilley work for after Penn State Erie?,John M. Lilley,Penn State Erie,"University of Nevada, Reno"
Which position did Chris Ruane hold after Member of the 54th Parliament of the United Kingdom?,Chris Ruane,Member of the 54th Parliament of the United Kingdom,Member of the 55th Parliament of the United Kingdom
Who was the chair of Economic Community of West African States after Umaru Musa Yar'Adua?,Economic Community of West African States,Umaru Musa Yar'Adua,Goodluck Jonathan
Which employer did Otto E. Neugebauer work for after Brown University?,Otto E. Neugebauer,Brown University,Institute for Advanced Study
Who was the head coach of the team Tennis Borussia Berlin after Stanislav Levý?,Tennis Borussia Berlin,Stanislav Levý,Winfried Schäfer
Which employer did Murdoch MacLennan work for after Reach plc?,Murdoch MacLennan,Reach plc,DMG Media
Who was the head of state of German Democratic Republic after Manfred Gerlach?,German Democratic Republic,Manfred Gerlach,Sabine Bergmann-Pohl
Which team did José Eloy Jiménez Moreno play for after CE L'Hospitalet?,José Eloy Jiménez Moreno,CE L'Hospitalet,Levante UD
Which employer did Marilyn Strathern work for after Australian National University?,Marilyn Strathern,Australian National University,University of Manchester
Where was Rocc educated after Faculty of Music of the Janáček Academy of Music and Performing Arts in Brno?,Rocc,Faculty of Music of the Janáček Academy of Music and Performing Arts in Brno,Zurich University of the Arts
"Which position did Sir Charles Burrell, 3rd Baronet hold after Member of the 8th Parliament of the United Kingdom?","Sir Charles Burrell, 3rd Baronet",Member of the 8th Parliament of the United Kingdom,Member of the 9th Parliament of the United Kingdom
Which employer did Johannes Teyssen work for after Avacon?,Johannes Teyssen,Avacon,E.ON SE
Which position did Ilir Meta hold after Speaker of the Parliament of Albania?,Ilir Meta,Speaker of the Parliament of Albania,President of Albania
"Which employer did Stanford Lyman work for after University of Nevada, Reno?",Stanford Lyman,"University of Nevada, Reno","University of California, San Diego"
Who was the head of Kyōto Prefecture after Masanano Makimura?,Kyōto Prefecture,Masanano Makimura,Kunimichi Kitagaki
Which employer did William McCrea work for after Queen's University Belfast?,William McCrea,Queen's University Belfast,"Royal Holloway, University of London"
Which employer did Grace Hopper work for after Sperry Corporation?,Grace Hopper,Sperry Corporation,Naval Sea Systems Command
Which position did Tsai Ing-wen hold after Member of the Legislative Yuan?,Tsai Ing-wen,Member of the Legislative Yuan,Vice Premier of the Republic of China
Which team did Dave Connell play for after Ards F.C.?,Dave Connell,Ards F.C.,Drogheda United F.C.
Which employer did Roger Scruton work for after University of St Andrews?,Roger Scruton,University of St Andrews,University of Buckingham
Which team did Noah Syndergaard play for after Lansing Lugnuts?,Noah Syndergaard,Lansing Lugnuts,New York Mets
Who was the chair of Delta Air Lines after Carleton Putnam?,Delta Air Lines,Carleton Putnam,Collett E. Woolman
Who was the head of Esch-sur-Alzette after Dominique Stoffel?,Esch-sur-Alzette,Dominique Stoffel,Jacques Schmit
Which employer did Annechien Steenhuizen work for after RTL Nieuws?,Annechien Steenhuizen,RTL Nieuws,RTV Utrecht
Which position did George Windsor-Clive hold after Member of the 32nd Parliament of the United Kingdom?,George Windsor-Clive,Member of the 32nd Parliament of the United Kingdom,Member of the 33rd Parliament of the United Kingdom
Which team did Yves Deroff play for after F.C. Nantes?,Yves Deroff,F.C. Nantes,RC Strasbourg
Which employer did George Barger work for after Wellcome Research Laboratories?,George Barger,Wellcome Research Laboratories,"Goldsmiths, University of London"
Which position did David Lewis Davies hold after Member of the 36th Parliament of the United Kingdom?,David Lewis Davies,Member of the 36th Parliament of the United Kingdom,Member of the 37th Parliament of the United Kingdom
Which team did Christophe Samson play for after Stade Rochelais?,Christophe Samson,Stade Rochelais,ASM Clermont Auvergne
Who was the chair of Chamber of Deputies after Zénon de Muyser?,Chamber of Deputies,Zénon de Muyser,Théodore de Wacquant
"Which position did Sir Walter Nugent, 4th Baronet hold after Member of the 28th Parliament of the United Kingdom?","Sir Walter Nugent, 4th Baronet",Member of the 28th Parliament of the United Kingdom,Member of the 29th Parliament of the United Kingdom
Which team did Cedrick Hordges play for after Pallacanestro Varese?,Cedrick Hordges,Pallacanestro Varese,Libertas Livorno
Which team did Luís Manuel Ferreira Delgado play for after Atlético Petróleos Luanda?,Luís Manuel Ferreira Delgado,Atlético Petróleos Luanda,FC Metz
Where was McKenzie Milton educated after Mililani High School?,McKenzie Milton,Mililani High School,University of Central Florida
Which employer did Katya Scheinberg work for after Lehigh University?,Katya Scheinberg,Lehigh University,Cornell University
Which team did Percy Smith play for after Preston North End F.C.?,Percy Smith,Preston North End F.C.,Blackburn Rovers F.C.
Which employer did Wilhelm Flügge work for after Office National d'Études et de Recherches Aérospatiales?,Wilhelm Flügge,Office National d'Études et de Recherches Aérospatiales,Stanford University
Who was the head of Úbeda after Juan Pizarro Navarrete?,Úbeda,Juan Pizarro Navarrete,José Robles Valenzuela
Who was the head of Brandenburg after Matthias Platzeck?,Brandenburg,Matthias Platzeck,Dietmar Woidke
Who was the head of Hamburg after Paul Nevermann?,Hamburg,Paul Nevermann,Herbert Weichmann
Who was the head coach of the team Enosis Neon Paralimni FC after André Paus?,Enosis Neon Paralimni FC,André Paus,Čedomir Janevski
Who was the chair of Chamber of Deputies after Erna Hennicot-Schoepges?,Chamber of Deputies,Erna Hennicot-Schoepges,Jean Spautz
Which team did Mustafa Peštalić play for after HNK Šibenik?,Mustafa Peštalić,HNK Šibenik,FK Sloboda Tuzla
Who was the chair of International Olympic Committee after Godefroy de Blonay?,International Olympic Committee,Godefroy de Blonay,Pierre de Coubertin
Where was Claire Wyart educated after Louis Pasteur University?,Claire Wyart,Louis Pasteur University,"University of California, Berkeley"
Which position did Vladimir Țurcan hold after member of the Parliament of Moldova?,Vladimir Țurcan,member of the Parliament of Moldova,Substitute member of the Parliamentary Assembly of the Council of Europe
Who was the head coach of the team Fremantle Football Club after Damian Drum?,Fremantle Football Club,Damian Drum,Ben Allan
Who was the chair of Czech Social Democratic Party after Miloš Zeman?,Czech Social Democratic Party,Miloš Zeman,Vladimír Špidla
Who was the head of Jönköping County after Anneli Wirtén?,Jönköping County,Anneli Wirtén,Helena Jonsson
Which employer did Patrick du Val work for after University of Bristol?,Patrick du Val,University of Bristol,University College London
Which team did Mike McCartney play for after Carlisle United F.C.?,Mike McCartney,Carlisle United F.C.,Gretna F.C.
Who was the head of Alcalá de Henares after Bartolomé González Jiménez?,Alcalá de Henares,Bartolomé González Jiménez,Manuel Peinado Lorca
"Which position did Charles Wentworth-Fitzwilliam, 5th Earl Fitzwilliam hold after Member of the 10th Parliament of the United Kingdom?","Charles Wentworth-Fitzwilliam, 5th Earl Fitzwilliam",Member of the 10th Parliament of the United Kingdom,Member of the 11th Parliament of the United Kingdom
Who was the head coach of the team FK Budućnost Podgorica after Radislav Dragićević?,FK Budućnost Podgorica,Radislav Dragićević,Branko Brnović
Which position did Vlasta Parkanová hold after Minister of Justice of the Czech Republic?,Vlasta Parkanová,Minister of Justice of the Czech Republic,Minister of Defence of the Czech Republic
Which team did Tim Sandercombe play for after Worcester City F.C.?,Tim Sandercombe,Worcester City F.C.,Truro City F.C.
Which team did Mauricio Wright play for after C.S. Herediano?,Mauricio Wright,C.S. Herediano,Deportivo Saprissa
Who was the head of Greenland after Lars-Emil Johansen?,Greenland,Lars-Emil Johansen,Jonathan Motzfeldt
Who was the chair of Union of Italian Jewish Communities after Amos Luzzatto?,Union of Italian Jewish Communities,Amos Luzzatto,Renzo Gattegna
Who was the head of Mühldorf am Inn after Marianne Zollner?,Mühldorf am Inn,Marianne Zollner,Michael Hetzl
Who was the chair of Allgemeiner Deutscher Fahrrad-Club after Wolfgang Große?,Allgemeiner Deutscher Fahrrad-Club,Wolfgang Große,Karsten Hübener
Who was the chair of Sweden Democrats after Leif Zeilon?,Sweden Democrats,Leif Zeilon,Anders Klarström
Which political party did Enric Tarrado Vives belong to after National Democratic Group?,Enric Tarrado Vives,National Democratic Group,Andorran Democratic Centre
Who was the chair of Roman Catholic Diocese of Edmundston after Joseph-Roméo Gagnon?,Roman Catholic Diocese of Edmundston,Joseph-Roméo Gagnon,Fernand Lacroix
Which political party did Kyriakos Velopoulos belong to after New Democracy?,Kyriakos Velopoulos,New Democracy,Greek Solution
Which team did Peter Houtman play for after Sporting CP?,Peter Houtman,Sporting CP,Sparta Rotterdam
Which position did Ann Winterton hold after Member of the 49th Parliament of the United Kingdom?,Ann Winterton,Member of the 49th Parliament of the United Kingdom,Member of the 50th Parliament of the United Kingdom
Which employer did Thomas William Walker work for after University of Manchester?,Thomas William Walker,University of Manchester,"King's College, Newcastle-upon-Tyne"
Who was the owner of Primrose Hill Tunnel after London and Birmingham Railway?,Primrose Hill Tunnel,London and Birmingham Railway,London and North Western Railway
Which employer did Lipman Bers work for after Brown University?,Lipman Bers,Brown University,Syracuse University
"Which position did Charles-Joseph, 4th Duke d'Ursel hold after interior minister?","Charles-Joseph, 4th Duke d'Ursel",interior minister,"Minister of Transport, Public Works and Water Management"
Which position did John Bonfoy Rooper hold after Member of the 10th Parliament of the United Kingdom?,John Bonfoy Rooper,Member of the 10th Parliament of the United Kingdom,Member of the 11th Parliament of the United Kingdom
Which employer did Lipman Bers work for after Institute for Advanced Study?,Lipman Bers,Institute for Advanced Study,Courant Institute of Mathematical Sciences
Who was the head of Skælskør Municipality after Svend Aage Troelsen?,Skælskør Municipality,Svend Aage Troelsen,Johannes Lyshjelm
Which position did Herbert Sausgruber hold after Member of Landtag of Vorarlberg?,Herbert Sausgruber,Member of Landtag of Vorarlberg,Landesrat
Which position did Sergio Osmeña hold after governor?,Sergio Osmeña,governor,Speaker of the House of Representatives of the Philippines
"Where was George Kemp, 1st Baron Rochdale educated after Shrewsbury School?","George Kemp, 1st Baron Rochdale",Shrewsbury School,Trinity College
Which employer did Max Volmer work for after Auergesellschaft?,Max Volmer,Auergesellschaft,University of Hamburg
Which employer did William Claytor work for after West Virginia State University?,William Claytor,West Virginia State University,University of Michigan
Which position did Ebenezer Parkes hold after Member of the 26th Parliament of the United Kingdom?,Ebenezer Parkes,Member of the 26th Parliament of the United Kingdom,Member of the 27th Parliament of the United Kingdom
Which team did David Steven play for after Bury F.C.?,David Steven,Bury F.C.,Southampton F.C.
Who was the head coach of the team France men's national volleyball team after Philippe Blain?,France men's national volleyball team,Philippe Blain,Laurent Tillie
Which position did John R. Bass hold after United States Ambassador to Turkey?,John R. Bass,United States Ambassador to Turkey,United States Ambassador to Afghanistan
Who was the chair of Croatian National Bank after A. Čičin-Šain?,Croatian National Bank,A. Čičin-Šain,Pero Jurković
Who was the head of state of People's Republic of China after Mao Zedong?,People's Republic of China,Mao Zedong,Liu Shaoqi
Which employer did Carlo Cottarelli work for after Bank of Italy?,Carlo Cottarelli,Bank of Italy,Eni
Which position did Edward Stanley hold after Member of the 22nd Parliament of the United Kingdom?,Edward Stanley,Member of the 22nd Parliament of the United Kingdom,Member of the 23rd Parliament of the United Kingdom
Which position did Hans Fredrik Grøvan hold after deputy member of the Parliament of Norway?,Hans Fredrik Grøvan,deputy member of the Parliament of Norway,Substitute member of the Parliamentary Assembly of the Council of Europe
Where was Gustave Choquet educated after Lycée Saint-Louis?,Gustave Choquet,Lycée Saint-Louis,École normale supérieure  (Paris)
Which team did Geoffrey Doumeng play for after Valenciennes F.C.?,Geoffrey Doumeng,Valenciennes F.C.,R.C. Lens
Which political party did Sergio Chiamparino belong to after Democrats of the Left?,Sergio Chiamparino,Democrats of the Left,Democratic Party
Who was the chair of Chamber of Deputies after Félix de Blochausen?,Chamber of Deputies,Félix de Blochausen,Jacques-Gustave Lessel
Which employer did Roman Badanin work for after Interfax?,Roman Badanin,Interfax,RBC Information Systems
Who was the head of Incheon after Ahn Sang-soo?,Incheon,Ahn Sang-soo,Song Young-gil
Which position did Panagiotis Kanellopoulos hold after Minister of Economy of Greece?,Panagiotis Kanellopoulos,Minister of Economy of Greece,Minister without portfolio of Greece
Who was the chair of Embassy of Ukraine in Greece after Boris Korneenko?,Embassy of Ukraine in Greece,Boris Korneenko,Yuriy A. Sergeyev
Which employer did Roger Scruton work for after University of Cambridge?,Roger Scruton,University of Cambridge,University of London
Who was the chair of Italian Radicals after Silvio Viale?,Italian Radicals,Silvio Viale,Laura Arconti
Who was the head coach of the team Sweden men's national ice hockey team after Tommy Sandlin?,Sweden men's national ice hockey team,Tommy Sandlin,Conny Evensson
Which team did Michele Cossato play for after Venezia F.C.?,Michele Cossato,Venezia F.C.,Atalanta B.C.
Which employer did Deane Montgomery work for after Yale University?,Deane Montgomery,Yale University,Institute for Advanced Study
"Which employer did Sebastián Edwards work for after University of California, Los Angeles?",Sebastián Edwards,"University of California, Los Angeles",UCLA Anderson School of Management
Which employer did Harold Hotelling work for after Stanford University?,Harold Hotelling,Stanford University,Columbia University
"Which position did Sir John Arbuthnot, 1st Baronet hold after Member of the 39th Parliament of the United Kingdom?","Sir John Arbuthnot, 1st Baronet",Member of the 39th Parliament of the United Kingdom,Member of the 40th Parliament of the United Kingdom
Where was Audrey Eagle educated after Fulham Cross Girls' School and Language College?,Audrey Eagle,Fulham Cross Girls' School and Language College,Banbury Academy
Which employer did Archibald James Macintyre work for after Swansea University?,Archibald James Macintyre,Swansea University,University of Sheffield
Which team did Guillaume Gigliotti play for after Novara Calcio?,Guillaume Gigliotti,Novara Calcio,Empoli F.C.
Which position did Samuel Whitbread hold after Member of the 21st Parliament of the United Kingdom?,Samuel Whitbread,Member of the 21st Parliament of the United Kingdom,Member of the 22nd Parliament of the United Kingdom
Who was the chair of United States Department of State after Rex Tillerson?,United States Department of State,Rex Tillerson,Mike Pompeo
Which position did Henry Hobhouse hold after Member of the 25th Parliament of the United Kingdom?,Henry Hobhouse,Member of the 25th Parliament of the United Kingdom,Member of the 26th Parliament of the United Kingdom
Who was the head coach of the team Legia Warsaw after Maciej Skorża?,Legia Warsaw,Maciej Skorża,Henning Berg
Which position did Charles Morris hold after Member of the 43rd Parliament of the United Kingdom?,Charles Morris,Member of the 43rd Parliament of the United Kingdom,Member of the 44th Parliament of the United Kingdom
"Who was the chair of Food, Beverages and Catering Union after Gustav Pufal?","Food, Beverages and Catering Union",Gustav Pufal,Ferdinand Warnecke
Who was the head of Esch-sur-Alzette after François-Joseph Hoferlin?,Esch-sur-Alzette,François-Joseph Hoferlin,Dominique Stoffel
Who was the head of Zorlențu Mare after Martin Cornea?,Zorlențu Mare,Martin Cornea,Ion-Marius Ișfan
Which position did Iván Flores hold after deputy of Chile?,Iván Flores,deputy of Chile,president of the Chamber of Deputies of Chile
Which employer did Michael Purugganan work for after North Carolina State University?,Michael Purugganan,North Carolina State University,New York University
Which team did Bill Brown play for after Southampton F.C.?,Bill Brown,Southampton F.C.,Charlton Athletic F.C.
Who was the head of Germany after Helmut Schmidt?,Germany,Helmut Schmidt,Helmut Kohl
Who was the head coach of the team FC Hermannstadt after Liviu Ciobotariu?,FC Hermannstadt,Liviu Ciobotariu,Marius Măldărășanu
Who was the head of Munich after Erich Kiesl?,Munich,Erich Kiesl,Georg Kronawitter
Who was the head of Romania after Dimitrie Sturdza?,Romania,Dimitrie Sturdza,Take Ionescu
"Which position did George Montagu, 6th Duke of Manchester hold after Member of the 10th Parliament of the United Kingdom?","George Montagu, 6th Duke of Manchester",Member of the 10th Parliament of the United Kingdom,Member of the 11th Parliament of the United Kingdom
Which team did Cedrick Hordges play for after Fortitudo Pallacanestro Bologna?,Cedrick Hordges,Fortitudo Pallacanestro Bologna,Estudiantes de Bahía Blanca
Which employer did Frederick M. Bernthal work for after Michigan State University?,Frederick M. Bernthal,Michigan State University,Howard Baker
Which employer did Karen Keskulla Uhlenbeck work for after University of Illinois at Urbana–Champaign?,Karen Keskulla Uhlenbeck,University of Illinois at Urbana–Champaign,University of Illinois at Chicago
Which team did Marco Kottmann play for after FC Schötz?,Marco Kottmann,FC Schötz,SC Cham
Which political party did Pier Luigi Bersani belong to after Democrats of the Left?,Pier Luigi Bersani,Democrats of the Left,Democratic Party
Which position did Donald Stewart hold after Member of the 46th Parliament of the United Kingdom?,Donald Stewart,Member of the 46th Parliament of the United Kingdom,Member of the 47th Parliament of the United Kingdom
Who was the chair of Fédération Internationale de l'Automobile after Étienne van Zuylen van Nyevelt?,Fédération Internationale de l'Automobile,Étienne van Zuylen van Nyevelt,Robert de Vogüé
"Which position did Ildefonso Díez de Rivera, Count of Almodóvar hold after President of the Spanish Senate?","Ildefonso Díez de Rivera, Count of Almodóvar",President of the Spanish Senate,Minister of State of Spain
Which employer did Paul Stäckel work for after University of Halle-Wittenberg?,Paul Stäckel,University of Halle-Wittenberg,University of Königsberg
Who was the head of Canada after Stephen Harper?,Canada,Stephen Harper,Justin Trudeau
Which position did Simranjit Singh Mann hold after Member of the 9th Lok Sabha?,Simranjit Singh Mann,Member of the 9th Lok Sabha,Member of the 13th Lok Sabha
Where was Stilianos Alexiou educated after National and Kapodistrian University of Athens?,Stilianos Alexiou,National and Kapodistrian University of Athens,National Center for Scientific Research
Which employer did Leslie Valiant work for after University of Leeds?,Leslie Valiant,University of Leeds,University of Edinburgh
Who was the chair of Liga Veneta Repubblica after Donato Manfroi?,Liga Veneta Repubblica,Donato Manfroi,Fabrizio Comencini
Who was the head coach of the team Reading F.C. after José Manuel Gomes?,Reading F.C.,José Manuel Gomes,Mark Bowen
"Which position did Charles-Joseph, 4th Duke d'Ursel hold after Minister of Transport, Public Works and Water Management?","Charles-Joseph, 4th Duke d'Ursel","Minister of Transport, Public Works and Water Management",Minister of State
Which team did Ryan Flynn play for after Falkirk F.C.?,Ryan Flynn,Falkirk F.C.,Sheffield United F.C.
Which position did Johannes Hougen hold after member of the Parliament of Norway?,Johannes Hougen,member of the Parliament of Norway,Minister of Education and Church Affairs
Where was Michela Taufer educated after University of Padua?,Michela Taufer,University of Padua,ETH Zürich
Where was Szolem Mandelbrojt educated after University of Warsaw?,Szolem Mandelbrojt,University of Warsaw,National University of Kharkiv
"Which position did Sir Charles Abney-Hastings, 2nd Baronet hold after High Sheriff of Derbyshire?","Sir Charles Abney-Hastings, 2nd Baronet",High Sheriff of Derbyshire,Member of the 8th Parliament of the United Kingdom
Who was the chair of Synaspismós after Maria Damanaki?,Synaspismós,Maria Damanaki,Nikos Konstantopoulos
Which team did Hugo Pina play for after Atlético Clube de Portugal?,Hugo Pina,Atlético Clube de Portugal,C.D. Mafra
Which team did Jason Price play for after Shaw Lane Aquaforce F.C.?,Jason Price,Shaw Lane Aquaforce F.C.,Brighouse Town F.C.
Which team did Alexander Farnerud play for after Sweden national under-16 football team?,Alexander Farnerud,Sweden national under-16 football team,Sweden national under-19 football team
"Which position did Charles Wentworth-Fitzwilliam, 5th Earl Fitzwilliam hold after Member of the 7th Parliament of the United Kingdom?","Charles Wentworth-Fitzwilliam, 5th Earl Fitzwilliam",Member of the 7th Parliament of the United Kingdom,Member of the 8th Parliament of the United Kingdom
Who was the head of Hasnon after Jean-Marie Ballé?,Hasnon,Jean-Marie Ballé,Jean Delœil
Which employer did Johann Radon work for after University of Innsbruck?,Johann Radon,University of Innsbruck,University of Vienna
Which team did Craig McKeown play for after Berwick Rangers F.C.?,Craig McKeown,Berwick Rangers F.C.,Clyde F.C.
Which position did Arthur Forwood hold after Member of the 23rd Parliament of the United Kingdom?,Arthur Forwood,Member of the 23rd Parliament of the United Kingdom,Member of the 24th Parliament of the United Kingdom
Which position did Panagiotis Kanellopoulos hold after Prime Minister of Greece?,Panagiotis Kanellopoulos,Prime Minister of Greece,Member of the Hellenic Parliament
Who was the head coach of the team Philadelphia Union after Piotr Nowak?,Philadelphia Union,Piotr Nowak,John Hackworth
Who was the chair of Economic Community of West African States after Faure Essozimna Gnassingbé Eyadéma?,Economic Community of West African States,Faure Essozimna Gnassingbé Eyadéma,Muhammadu Buhari
Which position did Dugdale Dugdale hold after Member of the 7th Parliament of the United Kingdom?,Dugdale Dugdale,Member of the 7th Parliament of the United Kingdom,Member of the 8th Parliament of the United Kingdom
Who was the chair of Economic Community of West African States after Ellen Johnson Sirleaf?,Economic Community of West African States,Ellen Johnson Sirleaf,Faure Essozimna Gnassingbé Eyadéma
Where was T. J. McConnell educated after Duquesne University?,T. J. McConnell,Duquesne University,University of Arizona
Which team did Cinzio Scagliotti play for after U.S. Salernitana 1919?,Cinzio Scagliotti,U.S. Salernitana 1919,A.S.D. Battipagliese
Who was the chair of Lutheran Church--Missouri Synod after J. A. O. Preus II?,Lutheran Church--Missouri Synod,J. A. O. Preus II,Ralph Arthur Bohlmann
Which team did Mario Mutsch play for after FC Aarau?,Mario Mutsch,FC Aarau,FC Metz
Which team did Boubacar Sanogo play for after SV Werder Bremen?,Boubacar Sanogo,SV Werder Bremen,A.S. Saint-Étienne
Which employer did Phyllis Fox work for after Massachusetts Institute of Technology?,Phyllis Fox,Massachusetts Institute of Technology,Newark College of Engineering
Who was the head coach of the team FC Admira Wacker Mödling after Zvonimir Soldo?,FC Admira Wacker Mödling,Zvonimir Soldo,Damir Burić
Who was the head of Romania after Miron Cristea?,Romania,Miron Cristea,Armand Călinescu
Which position did Daniel O'Connell hold after Member of the 13th Parliament of the United Kingdom?,Daniel O'Connell,Member of the 13th Parliament of the United Kingdom,Member of the 14th Parliament of the United Kingdom
Which position did William Plumer hold after Member of the 15th Parliament of Great Britain?,William Plumer,Member of the 15th Parliament of Great Britain,Member of the 16th Parliament of Great Britain
Which political party did Jordi Xuclà belong to after Catalan European Democratic Party?,Jordi Xuclà,Catalan European Democratic Party,Partit Nacionalista de Catalunya
Which employer did Pedro J. Ramírez work for after Diario 16?,Pedro J. Ramírez,Diario 16,El Mundo.
Who was the chair of Academy of Arts of the GDR after Johannes R. Becher?,Academy of Arts of the GDR,Johannes R. Becher,Otto Nagel
Which position did Samuel Whitbread hold after Member of the 18th Parliament of the United Kingdom?,Samuel Whitbread,Member of the 18th Parliament of the United Kingdom,Member of the 19th Parliament of the United Kingdom
Which employer did Simon Streatfeild work for after London Symphony Orchestra?,Simon Streatfeild,London Symphony Orchestra,Academy of St Martin in the Fields
Which team did Mustafa Peštalić play for after F.K. Vojvodina?,Mustafa Peštalić,F.K. Vojvodina,FK Spartak Zlatibor Voda
Which team did Robin de Kruijf play for after HCC/net Martinus Amstelveen?,Robin de Kruijf,HCC/net Martinus Amstelveen,TVC Amstelveen
Which team did Rafael Mea Vitali play for after Venezuela national football team?,Rafael Mea Vitali,Venezuela national football team,SV Waldhof Mannheim
Who was the head of Germany after Willy Brandt?,Germany,Willy Brandt,Walter Scheel
Where was Stefan E. Warschawski educated after University of Königsberg?,Stefan E. Warschawski,University of Königsberg,University of Göttingen
Who was the head of Romania after Nicolae Iorga?,Romania,Nicolae Iorga,Ion G. Duca
"Which position did Sir Charles Burrell, 3rd Baronet hold after Member of the 3rd Parliament of the United Kingdom?","Sir Charles Burrell, 3rd Baronet",Member of the 3rd Parliament of the United Kingdom,Member of the 4th Parliament of the United Kingdom
Who was the head of Odense Municipality after Jan Boye?,Odense Municipality,Jan Boye,Anker Boye
Which employer did Murdoch MacLennan work for after DMG Media?,Murdoch MacLennan,DMG Media,Telegraph Media Group
Who was the head of Georgia after Mamuka Bakhtadze?,Georgia,Mamuka Bakhtadze,Giorgi Gakharia
Which employer did Philipp August Böckh work for after Heidelberg University?,Philipp August Böckh,Heidelberg University,University of Berlin
Which team did Alhassan Nuhu play for after New Edubiase United?,Alhassan Nuhu,New Edubiase United,FC Sheriff Tiraspol
Which team did Yaser Karami play for after Iran national under-20 football team?,Yaser Karami,Iran national under-20 football team,Saba Qom F.C.
Who was the head coach of the team Aris Thessaloniki F.C. after Paco Herrera?,Aris Thessaloniki F.C.,Paco Herrera,Savvas Pantelidis
Who was the chair of Chamber of Deputies after Laurent Mosar?,Chamber of Deputies,Laurent Mosar,Mars Di Bartolomeo
"Which position did William Hayes Fisher, 1st Baron Downham hold after Member of the 25th Parliament of the United Kingdom?","William Hayes Fisher, 1st Baron Downham",Member of the 25th Parliament of the United Kingdom,Member of the 26th Parliament of the United Kingdom
"Who was the chair of Food, Beverages and Catering Union after Heinz-Günter Niebrügge?","Food, Beverages and Catering Union",Heinz-Günter Niebrügge,Franz-Josef Möllenberg
Who was the head coach of the team New York Liberty after John Whisenant?,New York Liberty,John Whisenant,Bill Laimbeer
Which employer did Emil Leon Post work for after Columbia University?,Emil Leon Post,Columbia University,Cornell University
Who was the head of Esch-sur-Alzette after Jacques Schmit?,Esch-sur-Alzette,Jacques Schmit,Pierre Claude
Which employer did Sergio Villalobos work for after University of Cambridge?,Sergio Villalobos,University of Cambridge,University Finis Terrae
Who was the head of Esch-sur-Alzette after Henri Motté?,Esch-sur-Alzette,Henri Motté,François-Joseph Hoferlin
Which political party did R.N. Upadhyaya belong to after Revolutionary Socialist Party?,R.N. Upadhyaya,Revolutionary Socialist Party,Communist Party of India
Where was Nicholas de Roumanie-Medforth-Mills educated after Argyle House School?,Nicholas de Roumanie-Medforth-Mills,Argyle House School,Shiplake College
Who was the head coach of the team Tennis Borussia Berlin after Robert Jaspert?,Tennis Borussia Berlin,Robert Jaspert,Theo Gries
Who was the chair of PEN International after Heinrich Böll?,PEN International,Heinrich Böll,Mario Vargas Llosa
Who was the head coach of the team Toulouse FC after Alain Casanova?,Toulouse FC,Alain Casanova,Antoine Kombouaré
Who was the head of Germany after Kurt Georg Kiesinger?,Germany,Kurt Georg Kiesinger,Willy Brandt
Which position did John Carpenter Garnier hold after Member of the 21st Parliament of the United Kingdom?,John Carpenter Garnier,Member of the 21st Parliament of the United Kingdom,Member of the 22nd Parliament of the United Kingdom
Which team did Eric Potts play for after Sheffield Wednesday F.C.?,Eric Potts,Sheffield Wednesday F.C.,Brighton & Hove Albion F.C.
Who was the chair of Claremont Colleges after James A. Blaisdell?,Claremont Colleges,James A. Blaisdell,Louis T. Benezet
Which position did Austen Hudson hold after Member of the 40th Parliament of the United Kingdom?,Austen Hudson,Member of the 40th Parliament of the United Kingdom,Member of the 41st Parliament of the United Kingdom
Which political party did Yasuko Komiyama belong to after Democratic Party?,Yasuko Komiyama,Democratic Party,Party of Hope
Which position did Edward Stanley hold after Member of the 24th Parliament of the United Kingdom?,Edward Stanley,Member of the 24th Parliament of the United Kingdom,Member of the 25th Parliament of the United Kingdom
Who was the head of Cádiz after Alfonso Moreno Gallardo?,Cádiz,Alfonso Moreno Gallardo,Francisco Sánchez Cossío
Which employer did Emil Leon Post work for after Princeton University?,Emil Leon Post,Princeton University,Columbia University
Who was the head of Romania after Theodor Rosetti?,Romania,Theodor Rosetti,Ion Emanuel Florescu
Which team did Jero Miñarro play for after Granada CF?,Jero Miñarro,Granada CF,CD Burriana
Which employer did Otto E. Neugebauer work for after University of Copenhagen?,Otto E. Neugebauer,University of Copenhagen,Brown University
Which team did Billy Manuel play for after Tottenham Hotspur F.C.?,Billy Manuel,Tottenham Hotspur F.C.,Brentford F.C.
Who was the head coach of the team Australia national rugby union team after Bob Dwyer?,Australia national rugby union team,Bob Dwyer,Rod Macqueen
Which employer did Perry T. Rathbone work for after Russell A. Alger House Museum?,Perry T. Rathbone,Russell A. Alger House Museum,Saint Louis Art Museum
Who was the head coach of the team MKE Ankaragücü after İsmail Kartal?,MKE Ankaragücü,İsmail Kartal,İbrahim Üzülmez
Which team did Florian Metz play for after L.A.S.K. Linz?,Florian Metz,L.A.S.K. Linz,FC Liefering
Who was the head of Brandenburg an der Havel after Dietlind Tiemann?,Brandenburg an der Havel,Dietlind Tiemann,Steffen Scheller
Which employer did Rudolf Haag work for after University of Illinois at Urbana–Champaign?,Rudolf Haag,University of Illinois at Urbana–Champaign,University of Hamburg
Which position did George Higginson Allsopp hold after Member of the 23rd Parliament of the United Kingdom?,George Higginson Allsopp,Member of the 23rd Parliament of the United Kingdom,Member of the 24th Parliament of the United Kingdom
Who was the head of Villers-Campeau after Charles Protais?,Villers-Campeau,Charles Protais,M. Miens
Where was Rocc educated after Zurich University of the Arts?,Rocc,Zurich University of the Arts,Hochschule für Gestaltung Offenbach
Who was the head of Balassagyarmat after Lajos Medvácz?,Balassagyarmat,Lajos Medvácz,Gábor Csach
Who was the head coach of the team R.S.C. Anderlecht after Franky Vercauteren?,R.S.C. Anderlecht,Franky Vercauteren,Vincent Kompany
Which position did Abdul-Rashid Pelpuo hold after Member of the 4th Parliament of the 4th Republic of Ghana?,Abdul-Rashid Pelpuo,Member of the 4th Parliament of the 4th Republic of Ghana,Member of the 5th Parliament of the 4th Republic of Ghana
Which position did David Mudd hold after Member of the 48th Parliament of the United Kingdom?,David Mudd,Member of the 48th Parliament of the United Kingdom,Member of the 49th Parliament of the United Kingdom
Who was the head of Villers-Campeau after M. Miens?,Villers-Campeau,M. Miens,Charles Debeaussart
Which team did Billy Betts play for after Pyebank F.C.?,Billy Betts,Pyebank F.C.,Heeley F.C.
Which employer did Wong He work for after Commercial Radio Hong Kong?,Wong He,Commercial Radio Hong Kong,Television Broadcasts Limited
Which position did Hrushikesh Naik hold after Member of the Fourteenth Odisha Legislative Assembly?,Hrushikesh Naik,Member of the Fourteenth Odisha Legislative Assembly,Member of the Fifteenth Odisha Legislative Assembly
Which team did Mustafa Peštalić play for after FK Sloboda Tuzla?,Mustafa Peštalić,FK Sloboda Tuzla,FK Velež Mostar
Who was the head of Free Hanseatic City of Bremen after Erich Vagts?,Free Hanseatic City of Bremen,Erich Vagts,Wilhelm Kaisen
"Which position did Sir John Brunner, 2nd Baronet hold after Member of the 30th Parliament of the United Kingdom?","Sir John Brunner, 2nd Baronet",Member of the 30th Parliament of the United Kingdom,Member of the 33rd Parliament of the United Kingdom
