question,entity,time,answer
Which employer did Jaroslav Pelikan work for right before January 1949?,Jaroslav Pelikan,1949-01,Valparaiso University
Which employer did Jaroslav Pelikan work for right before January 1953?,Jaroslav Pelikan,1953-01,Concordia Seminary
Which team did Glynn Snodin play for right before January 1987?,Glynn Snodin,1987-01,Sheffield Wednesday F.C.
Which team did Glynn Snodin play for right before January 1995?,Glynn Snodin,1995-01,Barnsley F.C.
Which employer did Eduard Winkelmann work for right before January 1860?,Eduard Winkelmann,1860-01,Monumenta Germaniae Historica
Which employer did Eduard Winkelmann work for right before January 1865?,Eduard Winkelmann,1865-01,Tallinn Cathedral School
Which employer did Eduard Winkelmann work for right before January 1869?,Eduard Winkelmann,1869-01,Imperial University of Dorpat
Which employer did Eduard Winkelmann work for right before January 1873?,Eduard Winkelmann,1873-01,University of Bern
Which team did Nenad Panić play for right before January 2002?,Nenad Panić,2002-01,FK Železničar Beograd
Which team did Nenad Panić play for right before January 2003?,Nenad Panić,2003-01,Red Star Belgrade
Which team did Nenad Panić play for right before January 2009?,Nenad Panić,2009-01,SV Würmla
Who was the head coach of the team HNK Rijeka right before September 2019?,HNK Rijeka,2019-09,Igor Bišćan
Who was the head coach of the team HNK Rijeka right before March 2021?,HNK Rijeka,2021-03,Simon Rožman
Who was the head coach of the team HNK Rijeka right before July 2022?,HNK Rijeka,2022-07,Goran Tomić
Which employer did Dominique Kalifa work for right before January 2000?,Dominique Kalifa,2000-01,Paris Diderot University
Which employer did Dominique Kalifa work for right before September 2002?,Dominique Kalifa,2002-09,University of Rennes 2 – Upper Brittany
Which employer did François Pachet work for right before January 1997?,François Pachet,1997-01,Pierre and Marie Curie University
Which employer did François Pachet work for right before January 2017?,François Pachet,2017-01,Sony Computer Science Laboratories Paris
Which employer did Alois Musil work for right before January 1909?,Alois Musil,1909-01,"Saints Cyril and Methodius Faculty of Theology of Palacký University, Olomouc"
Which employer did Eliakim Hastings Moore work for right before January 1889?,Eliakim Hastings Moore,1889-01,Yale University
Which employer did Eliakim Hastings Moore work for right before January 1892?,Eliakim Hastings Moore,1892-01,Northwestern University
Which position did Clement Kinloch-Cooke hold right before December 1910?,Clement Kinloch-Cooke,1910-12,Member of the 29th Parliament of the United Kingdom
Which position did Clement Kinloch-Cooke hold right before December 1918?,Clement Kinloch-Cooke,1918-12,Member of the 30th Parliament of the United Kingdom
Which position did Clement Kinloch-Cooke hold right before November 1922?,Clement Kinloch-Cooke,1922-11,Member of the 31st Parliament of the United Kingdom
Which employer did Michaela Pereira work for right before January 2004?,Michaela Pereira,2004-01,TechTV
Who was the chair of People's Party of the Basque Country right before January 1989?,People's Party of the Basque Country,1989-01,José Eugenio Azpiroz
Who was the chair of People's Party of the Basque Country right before January 2008?,People's Party of the Basque Country,2008-01,María San Gil
Who was the chair of People's Party of the Basque Country right before January 2013?,People's Party of the Basque Country,2013-01,Antonio Basagoiti Pastor
Who was the chair of People's Party of the Basque Country right before January 2015?,People's Party of the Basque Country,2015-01,Arantza Quiroga
Which position did Patricia de Lille hold right before June 2011?,Patricia de Lille,2011-06,Member of Provincial Parliament of Western Cape
Which position did Patricia de Lille hold right before May 2019?,Patricia de Lille,2019-05,mayor of Cape Town
Who was the chair of Union for a Popular Movement right before November 2012?,Union for a Popular Movement,2012-11,Alain Juppé
Who was the chair of Union for a Popular Movement right before December 2014?,Union for a Popular Movement,2014-12,Jean-François Copé
Which political party did Kyriakos Velopoulos belong to right before January 2016?,Kyriakos Velopoulos,2016-01,New Democracy
Which employer did Wander Johannes de Haas work for right before January 1922?,Wander Johannes de Haas,1922-01,Delft University of Technology
Which employer did Wander Johannes de Haas work for right before July 1924?,Wander Johannes de Haas,1924-07,University of Groningen
Who was the head coach of the team FC Sheriff Tiraspol right before December 2020?,FC Sheriff Tiraspol,2020-12,Zoran Zekić
Who was the head coach of the team FC Sheriff Tiraspol right before June 2022?,FC Sheriff Tiraspol,2022-06,Yuriy Vernydub
Who was the chair of Technical University of Munich right before January 1987?,Technical University of Munich,1987-01,Herbert Kupfer
Who was the chair of Technical University of Munich right before January 1995?,Technical University of Munich,1995-01,Otto Meitinger
Where was Mikhail Vassilyevich Lomonosov educated right before January 1736?,Mikhail Vassilyevich Lomonosov,1736-01,Kyiv-Mohyla Academy
Who was the owner of The Little Street right before January 1899?,The Little Street,1899-01,Jan Pieter Six VI
Who was the head of Russia right before August 1998?,Russia,1998-08,Sergey Kiriyenko
Who was the head of Russia right before September 1998?,Russia,1998-09,Viktor Chernomyrdin
Who was the head of Russia right before May 1999?,Russia,1999-05,Yevgeny Primakov
Who was the head of Russia right before May 2000?,Russia,2000-05,Sergei Stepashin
Who was the head of Russia right before March 2004?,Russia,2004-03,Viktor Khristenko
Who was the head of Russia right before May 2008?,Russia,2008-05,Mikhail Fradkov
Who was the head of Russia right before May 2012?,Russia,2012-05,Viktor Zubkov
Who was the head of Russia right before May 2012?,Russia,2012-05,Viktor Zubkov
Which employer did Philip Franklin work for right before January 1922?,Philip Franklin,1922-01,Princeton University
Which employer did Philip Franklin work for right before January 1924?,Philip Franklin,1924-01,Harvard University
Which team did Jules Reimerink play for right before January 2009?,Jules Reimerink,2009-01,Netherlands national under-19 football team
Which team did Jules Reimerink play for right before January 2014?,Jules Reimerink,2014-01,VVV-Venlo
Which team did Jules Reimerink play for right before January 2015?,Jules Reimerink,2015-01,Go Ahead Eagles
Which position did Lord Douglas Gordon-Hallyburton hold right before January 1835?,Lord Douglas Gordon-Hallyburton,1835-01,Member of the 11th Parliament of the United Kingdom
Which position did Lord Douglas Gordon-Hallyburton hold right before July 1837?,Lord Douglas Gordon-Hallyburton,1837-07,Member of the 12th Parliament of the United Kingdom
Which employer did Moxie Marlinspike work for right before January 2011?,Moxie Marlinspike,2011-01,Whisper Systems
Which employer did Moxie Marlinspike work for right before January 2018?,Moxie Marlinspike,2018-01,Open Whisper Systems
Which team did João Carlos Rocha Vicente play for right before January 2004?,João Carlos Rocha Vicente,2004-01,G.D. Tourizense
Which team did João Carlos Rocha Vicente play for right before January 2006?,João Carlos Rocha Vicente,2006-01,Louletano D.C.
Which team did João Carlos Rocha Vicente play for right before January 2008?,João Carlos Rocha Vicente,2008-01,Sertanense F.C.
Which team did João Carlos Rocha Vicente play for right before January 2014?,João Carlos Rocha Vicente,2014-01,C.D. Tondela
Which team did João Carlos Rocha Vicente play for right before January 2015?,João Carlos Rocha Vicente,2015-01,G.D. Chaves
Who was the head of Romania right before October 1863?,Romania,1863-10,Barbu Catargiu
Who was the head of Romania right before January 1865?,Romania,1865-01,Mihail Kogălniceanu
Who was the head of Romania right before June 1865?,Romania,1865-06,Constantin Bosianu
Who was the head of Romania right before February 1870?,Romania,1870-02,Dimitrie Ghica
Who was the head of Romania right before May 1876?,Romania,1876-05,Ion Ghica
Who was the head of Romania right before December 1891?,Romania,1891-12,Ion Emanuel Florescu
Who was the head of Romania right before December 1896?,Romania,1896-12,Lascăr Catargi
Who was the head of Romania right before November 1933?,Ion G. Duca,1933-11,Nicolae Iorga
Who was the head of Romania right before December 1937?,Romania,1937-12,Gheorghe Tătărescu
Who was the head of Romania right before February 1938?,Romania,1938-02,Octavian Goga
Who was the head of Romania right before March 1939?,Romania,1939-03,Miron Cristea
Who was the head of Romania right before September 1939?,Romania,1939-09,Gheorghe Argeșanu
Who was the head of Romania right before September 1939?,Romania,1939-09,Gheorghe Argeșanu
Who was the head of Romania right before July 1940?,Romania,1940-07,Constantin Argetoianu
Who was the head of Romania right before March 1945?,Romania,1945-03,Nicolae Rădescu
Who was the head of Romania right before October 1955?,Romania,1955-10,Gheorghe Gheorghiu-Dej
Who was the head of Romania right before March 1979?,Romania,1979-03,Manea Mănescu
Who was the head of Romania right before May 1982?,Romania,1982-05,Ilie Verdeț
Who was the head of Romania right before December 1989?,Romania,1989-12,Constantin Dăscălescu
Who was the head of Romania right before October 1991?,Romania,1991-10,Petre Roman
Who was the head of Romania right before December 2008?,Romania,2008-12,Călin Popescu-Tăriceanu
Who was the head of Romania right before February 2012?,Romania,2012-02,Emil Boc
Who was the head of Romania right before May 2012?,Romania,2012-05,Mihai Răzvan Ungureanu
Who was the head of Romania right before November 2015?,Romania,2015-11,Victor Ponta
Who was the head of Romania right before January 2017?,Romania,2017-01,Dacian Cioloș
Who was the head of Romania right before June 2017?,Romania,2017-06,Sorin Grindeanu
Who was the head of Romania right before November 2019?,Romania,2019-11,Viorica Dăncilă
Who was the head of Romania right before December 2020?,Romania,2020-12,Ludovic Orban
Who was the head of Romania right before November 2021?,Romania,2021-11,Florin Cîțu
Which political party did Valentina Tereshkova belong to right before January 1995?,Valentina Tereshkova,1995-01,Communist Party of the Soviet Union
Which political party did Valentina Tereshkova belong to right before January 2008?,Valentina Tereshkova,2008-01,Russian Party of Life
Which team did Raúl Servín play for right before January 1992?,Raúl Servín,1992-01,Atlas F.C.
Which team did Raúl Servín play for right before January 1993?,Raúl Servín,1993-01,Real Madrid Fc
Who was the head of Esch-sur-Alzette right before January 1836?,Esch-sur-Alzette,1836-01,Henri Motté
Who was the head of Esch-sur-Alzette right before January 1841?,Esch-sur-Alzette,1841-01,François-Joseph Hoferlin
Who was the head of Esch-sur-Alzette right before January 1843?,Esch-sur-Alzette,1843-01,Dominique Stoffel
Who was the head of Esch-sur-Alzette right before January 1912?,Esch-sur-Alzette,1912-01,Armand Spoo
Who was the head of Esch-sur-Alzette right before January 1919?,Esch-sur-Alzette,1919-01,Nicolas Biwer
Who was the head of Esch-sur-Alzette right before January 1940?,Esch-sur-Alzette,1940-01,Victor Wilhelm
Who was the head of Esch-sur-Alzette right before January 1941?,Esch-sur-Alzette,1941-01,Jules Heisten
Who was the head of Esch-sur-Alzette right before January 1944?,Esch-sur-Alzette,1944-01,Josef Kohns
Who was the head of Esch-sur-Alzette right before January 1951?,Esch-sur-Alzette,1951-01,Hubert Clément
Who was the head of Esch-sur-Alzette right before January 1970?,Esch-sur-Alzette,1970-01,Jules Schreiner
Who was the head of Esch-sur-Alzette right before January 1990?,Esch-sur-Alzette,1990-01,Joseph Brebsom
Who was the head of Esch-sur-Alzette right before November 2017?,Esch-sur-Alzette,2017-11,Vera Spautz
Which employer did Ellen Muehlberger work for right before August 2008?,Ellen Muehlberger,2008-08,Indiana University Bloomington
Which employer did Ellen Muehlberger work for right before July 2009?,Ellen Muehlberger,2009-07,DePauw University
Which team did Carlos Alberto Etcheverry play for right before January 1955?,Carlos Alberto Etcheverry,1955-01,Boca Juniors
Which team did Carlos Alberto Etcheverry play for right before January 1958?,Carlos Alberto Etcheverry,1958-01,Chacarita Juniors
Which team did Carlos Alberto Etcheverry play for right before January 1965?,Carlos Alberto Etcheverry,1965-01,Club Universidad Nacional
Which team did Carlos Alberto Etcheverry play for right before January 1966?,Carlos Alberto Etcheverry,1966-01,Atlante F.C.
Which position did William Taylor Copeland hold right before May 1833?,William Taylor Copeland,1833-05,Member of the 10th Parliament of the United Kingdom
Which position did William Taylor Copeland hold right before January 1835?,William Taylor Copeland,1835-01,Member of the 11th Parliament of the United Kingdom
Which position did William Taylor Copeland hold right before June 1841?,William Taylor Copeland,1841-06,Member of the 13th Parliament of the United Kingdom
Which position did William Taylor Copeland hold right before July 1847?,William Taylor Copeland,1847-07,Member of the 14th Parliament of the United Kingdom
Which employer did John George Adami work for right before January 1892?,John George Adami,1892-01,University of Cambridge
Which employer did John George Adami work for right before January 1919?,John George Adami,1919-01,McGill University
Which political party did Kōichirō Genba belong to right before January 1993?,Kōichirō Genba,1993-01,Liberal Democratic Party
Which political party did Kōichirō Genba belong to right before January 2019?,Kōichirō Genba,2019-01,Group of Independents
Which political party did Kōichirō Genba belong to right before September 2020?,Kōichirō Genba,2020-09,Reviewing Group on Social Security Policy
"Who was the chair of Embassy of Ukraine, Moscow right before January 1995?","Embassy of Ukraine, Moscow",1995-01,Volodymyr Kryzhanivskyi
"Who was the chair of Embassy of Ukraine, Moscow right before March 2006?","Embassy of Ukraine, Moscow",2006-03,Mykola Biloblotskyi
"Who was the chair of Embassy of Ukraine, Moscow right before June 2008?","Embassy of Ukraine, Moscow",2008-06,Oleh Dyomin
"Who was the chair of Embassy of Ukraine, Moscow right before July 2010?","Embassy of Ukraine, Moscow",2010-07,Kostyantyn Gryshchenko
Which team did Roger Moret play for right before December 1975?,Roger Moret,1975-12,Boston Red Sox
Which team did Roger Moret play for right before December 1976?,Roger Moret,1976-12,Atlanta Braves
Which team did Michele Cossato play for right before January 1998?,Michele Cossato,1998-01,Venezia F.C.
Which team did Michele Cossato play for right before January 2000?,Michele Cossato,2000-01,Atalanta B.C.
Which employer did Julian A. Dowdeswell work for right before January 1989?,Julian A. Dowdeswell,1989-01,Aberystwyth University
Which employer did Julian A. Dowdeswell work for right before January 1998?,Julian A. Dowdeswell,1998-01,Scott Polar Research Institute
Which employer did Julian A. Dowdeswell work for right before January 2001?,Julian A. Dowdeswell,2001-01,University of Bristol
Who was the head of Petriș right before January 2016?,Petriș,2016-01,Zian Burza-Han
Who was the head of Petriș right before October 2020?,Petriș,2020-10,Irina Onescu
"Which position did St John Brodrick, 1st Earl of Midleton hold right before November 1885?","St John Brodrick, 1st Earl of Midleton",1885-11,Member of the 22nd Parliament of the United Kingdom
"Which position did St John Brodrick, 1st Earl of Midleton hold right before July 1895?","St John Brodrick, 1st Earl of Midleton",1895-07,Member of the 25th Parliament of the United Kingdom
Which team did Mathias Kouo-Doumbé play for right before January 2009?,Mathias Kouo-Doumbé,2009-01,Plymouth Argyle F.C.
Which team did Mathias Kouo-Doumbé play for right before January 2013?,Mathias Kouo-Doumbé,2013-01,Milton Keynes Dons F.C.
Which team did Omonigho Temile play for right before January 2004?,Omonigho Temile,2004-01,PFC Levski Sofia
Which team did Omonigho Temile play for right before January 2009?,Omonigho Temile,2009-01,Botev Plovdiv
Which team did Omonigho Temile play for right before January 2010?,Omonigho Temile,2010-01,Warri Wolves F.C.
Which team did Cinzio Scagliotti play for right before January 1933?,Cinzio Scagliotti,1933-01,U.S. Alessandria Calcio 1912
Which team did Cinzio Scagliotti play for right before January 1939?,Cinzio Scagliotti,1939-01,Associazione Calcio Milan
Which team did Cinzio Scagliotti play for right before January 1940?,Cinzio Scagliotti,1940-01,A.C. Prato
Which team did Cinzio Scagliotti play for right before January 1941?,Cinzio Scagliotti,1941-01,U.S. Salernitana 1919
Which team did Olivier Quint play for right before January 1996?,Olivier Quint,1996-01,RC Épernay Champagne
Which team did Mauricio Wright play for right before August 2003?,Mauricio Wright,2003-08,A.E.K. Athens F.C.
Who was the chair of European Film Academy right before January 1996?,European Film Academy,1996-01,Ingmar Bergman
Where was Szolem Mandelbrojt educated right before January 1919?,Szolem Mandelbrojt,1919-01,University of Warsaw
Where was Szolem Mandelbrojt educated right before January 1920?,Szolem Mandelbrojt,1920-01,National University of Kharkiv
Which political party did Nicola Zingaretti belong to right before January 1998?,Nicola Zingaretti,1998-01,Democratic Party of the Left
Which political party did Nicola Zingaretti belong to right before January 2007?,Nicola Zingaretti,2007-01,Democrats of the Left
Which employer did Gheorghe Vrănceanu work for right before January 1929?,Gheorghe Vrănceanu,1929-01,Alexandru Ioan Cuza University
Which team did Neil Redfearn play for right before January 1989?,Neil Redfearn,1989-01,Crystal Palace F.C.
Which team did Neil Redfearn play for right before January 1998?,Neil Redfearn,1998-01,Barnsley F.C.
Which team did Neil Redfearn play for right before January 1999?,Neil Redfearn,1999-01,Charlton Athletic F.C.
Which team did Neil Redfearn play for right before January 2000?,Neil Redfearn,2000-01,Bradford City A.F.C.
Which team did Neil Redfearn play for right before January 2001?,Neil Redfearn,2001-01,Wigan Athletic F.C.
Which team did Neil Redfearn play for right before January 2004?,Neil Redfearn,2004-01,Boston United F.C.
Which political party did Ella Reeve Bloor belong to right before January 1898?,Ella Reeve Bloor,1898-01,Social Democracy of America
Which political party did Ella Reeve Bloor belong to right before January 1901?,Ella Reeve Bloor,1901-01,Socialist Labor Party of America
Who was the head coach of the team TSC Bačka Topola right before January 2021?,TSC Bačka Topola,2021-01,Zoltan Sabo
Who was the head coach of the team TSC Bačka Topola right before November 2021?,TSC Bačka Topola,2021-11,Mladen Krstajić
Which team did Florian Metz play for right before January 2012?,Florian Metz,2012-01,L.A.S.K. Linz
Which team did Florian Metz play for right before January 2013?,Florian Metz,2013-01,FC Liefering
Which team did Stojan Vranješ play for right before January 2014?,Stojan Vranješ,2014-01,F.K. Vojvodina
Who was the head of Vienna right before December 1912?,Vienna,1912-12,Josef Neumayer
Who was the head of Vienna right before May 1919?,Vienna,1919-05,Richard Weiskirchner
Who was the head of Vienna right before November 1923?,Vienna,1923-11,Jakob Reumann
Who was the head of Vienna right before April 1934?,Vienna,1934-04,Karl Seitz
Who was the head of Vienna right before March 1938?,Vienna,1938-03,Richard Schmitz
Who was the head of Vienna right before December 1943?,Vienna,1943-12,Philipp Wilhelm Jung
Who was the head of Vienna right before April 1945?,Vienna,1945-04,Hanns Blaschke
Who was the head of Vienna right before June 1951?,Vienna,1951-06,Theodor Körner
Who was the head of Vienna right before July 1973?,Vienna,1973-07,Felix Slavik
Who was the head of Vienna right before September 1984?,Vienna,1984-09,Leopold Gratz
Who was the head of Vienna right before November 1994?,Vienna,1994-11,Helmut Zilk
Who was the head of Vienna right before May 2018?,Vienna,2018-05,Michael Häupl
Who was the head of Poland right before January 1991?,Poland,1991-01,Tadeusz Mazowiecki
Who was the head of Poland right before December 1991?,Poland,1991-12,Jan Krzysztof Bielecki
Who was the head of Poland right before July 1992?,Poland,1992-07,Jan Olszewski
Who was the head of Poland right before October 1993?,Poland,1993-10,Hanna Suchocka
Who was the head of Poland right before March 1995?,Poland,1995-03,Waldemar Pawlak
Who was the head of Poland right before February 1996?,Poland,1996-02,Józef Oleksy
Who was the head of Poland right before October 1997?,Poland,1997-10,Włodzimierz Cimoszewicz
Who was the head of Poland right before October 2001?,Poland,2001-10,Jerzy Buzek
Who was the head of Poland right before May 2004?,Poland,2004-05,Leszek Miller
Who was the head of Poland right before October 2005?,Poland,2005-10,Marek Belka
Who was the head of Poland right before July 2006?,Poland,2006-07,Kazimierz Marcinkiewicz
Who was the head of Poland right before November 2007?,Poland,2007-11,Jarosław Kaczyński
Who was the head of Poland right before November 2015?,Poland,2015-11,Ewa Kopacz
Which position did Pedro Alejandrino del Solar hold right before January 1886?,Pedro Alejandrino del Solar,1886-01,member of the Senate of Peru
Which position did Pedro Alejandrino del Solar hold right before April 1889?,Pedro Alejandrino del Solar,1889-04,Member of the Chamber of Deputies of Peru
Which team did Ludwig Janda play for right before January 1943?,Ludwig Janda,1943-01,SpVgg Greuther Fürth
Which team did Ludwig Janda play for right before January 1951?,Ludwig Janda,1951-01,ACF Fiorentina
Which position did Alexander McArthur hold right before March 1880?,Alexander McArthur,1880-03,Member of the 21st Parliament of the United Kingdom
Which position did Alexander McArthur hold right before November 1885?,Alexander McArthur,1885-11,Member of the 22nd Parliament of the United Kingdom
Which position did Alexander McArthur hold right before July 1886?,Alexander McArthur,1886-07,Member of the 23rd Parliament of the United Kingdom
Which position did Bjarne Lyngstad hold right before October 1965?,Bjarne Lyngstad,1965-10,Minister of Local Government and Regional Development
Who was the head of Prats de Lluçanès right before January 2003?,Prats de Lluçanès,2003-01,Ramon Vall i Ciuró
Who was the head of Prats de Lluçanès right before January 2007?,Prats de Lluçanès,2007-01,Ramon Besora i Torradeflot
Who was the head of Prats de Lluçanès right before January 2019?,Prats de Lluçanès,2019-01,Isaac Peraire Soler
Who was the head coach of the team Aris Thessaloniki F.C. right before October 2019?,Aris Thessaloniki F.C.,2019-10,Savvas Pantelidis
Who was the head coach of the team Aris Thessaloniki F.C. right before September 2020?,Aris Thessaloniki F.C.,2020-09,Michael Oenning
Who was the head coach of the team Aris Thessaloniki F.C. right before February 2022?,Aris Thessaloniki F.C.,2022-02,Apostolos Mantzios
Who was the head coach of the team Aris Thessaloniki F.C. right before September 2022?,Aris Thessaloniki F.C.,2022-09,Germán Burgos
Which team did Ronan McCormack play for right before January 2004?,Ronan McCormack,2004-01,Connacht Rugby
Which team did Ronan McCormack play for right before January 2005?,Ronan McCormack,2005-01,Ulster Rugby
Which position did Claudio Martini hold right before May 2000?,Claudio Martini,2000-05,mayor of Prato
Which position did Claudio Martini hold right before March 2013?,Claudio Martini,2013-03,president of Tuscany
Which employer did Clive Ballard work for right before January 2016?,Clive Ballard,2016-01,Alzheimer's Society
Which team did Steve Butler play for right before January 1984?,Steve Butler,1984-01,Windsor & Eton F.C.
Which team did Steve Butler play for right before January 1991?,Steve Butler,1991-01,Maidstone United F.C.
Which team did Steve Butler play for right before January 1998?,Steve Butler,1998-01,Cambridge United F.C.
Which employer did Herman Goldstine work for right before January 1958?,Herman Goldstine,1958-01,United States Army
Which employer did Herman Goldstine work for right before January 1973?,Herman Goldstine,1973-01,IBM
Which team did Malemngamba Meetei play for right before January 2012?,Malemngamba Meetei,2012-01,Hindustan Aeronautics Limited S.C.
Which team did Malemngamba Meetei play for right before January 2013?,Malemngamba Meetei,2013-01,Salgaocar F.C.
Who was the head of Hon-Hergies right before January 1876?,Hon-Hergies,1876-01,Henri Joseph François
Who was the head of Hon-Hergies right before January 1882?,Hon-Hergies,1882-01,Achille Désiré Hongne
Who was the head of Hon-Hergies right before January 1884?,Hon-Hergies,1884-01,Léopold Boez
Who was the head of Hon-Hergies right before January 1896?,Hon-Hergies,1896-01,Polycarpe Augustin Joseph Joly
Who was the head of Hon-Hergies right before March 2014?,Hon-Hergies,2014-03,Muriel Rzeszutek
Who was the head coach of the team Stade Malherbe Caen right before October 2019?,Stade Malherbe Caen,2019-10,Rui Almeida
Who was the head of Budapest District XI right before January 2010?,Budapest District XI,2010-01,Gyula Molnár
Who was the head of Budapest District XI right before October 2019?,Budapest District XI,2019-10,Tamás Hoffmann
Which employer did Gaetano Scorza work for right before January 1935?,Gaetano Scorza,1935-01,University of Naples Federico II
Which position did James Christopher Flynn hold right before July 1886?,James Christopher Flynn,1886-07,Member of the 23rd Parliament of the United Kingdom
Which position did James Christopher Flynn hold right before July 1895?,James Christopher Flynn,1895-07,Member of the 25th Parliament of the United Kingdom
Which position did James Christopher Flynn hold right before January 1906?,James Christopher Flynn,1906-01,Member of the 27th Parliament of the United Kingdom
Which team did Armando Madonna play for right before January 1991?,Armando Madonna,1991-01,Atalanta B.C.
Which team did Pietro Carmignani play for right before January 1971?,Pietro Carmignani,1971-01,Varese Calcio
Which team did Pietro Carmignani play for right before January 1977?,Pietro Carmignani,1977-01,S.S.C. Napoli
Which team did Pietro Carmignani play for right before January 1979?,Pietro Carmignani,1979-01,ACF Fiorentina
Where was Erwin Finlay-Freundlich educated right before January 1905?,Erwin Finlay-Freundlich,1905-01,Technische Hochschule Berlin
Which team did Alexander Farnerud play for right before January 2011?,Alexander Farnerud,2011-01,Brøndby IF
Which team did Alexander Farnerud play for right before January 2013?,Alexander Farnerud,2013-01,BSC Young Boys
Who was the head of Hasnon right before December 1921?,Hasnon,1921-12,Clément Larivière
Who was the head of Hasnon right before March 1977?,Hasnon,1977-03,Jean-Marie Ballé
Who was the head of Hasnon right before July 1991?,Hasnon,1991-07,Jean Delœil
Who was the head of Hasnon right before May 2020?,Hasnon,2020-05,Yannick Nison
Where was Dirk Jan Struik educated right before January 1925?,Dirk Jan Struik,1925-01,Sapienza University of Rome
Who was the chair of United States Commission of Fine Arts right before January 1937?,United States Commission of Fine Arts,1937-01,Daniel Chester French
Who was the chair of United States Commission of Fine Arts right before January 2002?,United States Commission of Fine Arts,2002-01,"David E. Finley, Jr."
Who was the chair of United States Commission of Fine Arts right before May 2005?,United States Commission of Fine Arts,2005-05,Harry G. Robinson III
Which team did Juan José Muñante play for right before January 1976?,Juan José Muñante,1976-01,Club Necaxa
Which team did Juan José Muñante play for right before January 1980?,Juan José Muñante,1980-01,Club Universidad Nacional
Which team did Pablo Edson Barrera Acosta play for right before January 2015?,Pablo Edson Barrera Acosta,2015-01,Real Madrid Fc
Where was Jiang Zemin educated right before January 1943?,Jiang Zemin,1943-01,Yangzhou High School of Jiangxi Province
Where was Anne Lucy Bosworth Focke educated right before January 1898?,Anne Lucy Bosworth Focke,1898-01,University of Chicago
"Which position did Sir Charles Burrell, 3rd Baronet hold right before May 1807?","Sir Charles Burrell, 3rd Baronet",1807-05,Member of the 3rd Parliament of the United Kingdom
"Which position did Sir Charles Burrell, 3rd Baronet hold right before June 1818?","Sir Charles Burrell, 3rd Baronet",1818-06,Member of the 5th Parliament of the United Kingdom
"Which position did Sir Charles Burrell, 3rd Baronet hold right before April 1831?","Sir Charles Burrell, 3rd Baronet",1831-04,Member of the 9th Parliament of the United Kingdom
"Which position did Sir Charles Burrell, 3rd Baronet hold right before January 1835?","Sir Charles Burrell, 3rd Baronet",1835-01,Member of the 11th Parliament of the United Kingdom
"Which position did Sir Charles Burrell, 3rd Baronet hold right before July 1837?","Sir Charles Burrell, 3rd Baronet",1837-07,Member of the 12th Parliament of the United Kingdom
"Which position did Sir Charles Burrell, 3rd Baronet hold right before June 1841?","Sir Charles Burrell, 3rd Baronet",1841-06,Member of the 13th Parliament of the United Kingdom
"Which position did Sir Charles Burrell, 3rd Baronet hold right before July 1847?","Sir Charles Burrell, 3rd Baronet",1847-07,Member of the 14th Parliament of the United Kingdom
"Which position did Sir Charles Burrell, 3rd Baronet hold right before March 1857?","Sir Charles Burrell, 3rd Baronet",1857-03,Member of the 16th Parliament of the United Kingdom
"Which position did Sir Charles Burrell, 3rd Baronet hold right before April 1859?","Sir Charles Burrell, 3rd Baronet",1859-04,Member of the 17th Parliament of the United Kingdom
Who was the head of Taitung County right before December 2018?,Taitung County,2018-12,Justin Huang
Which position did William Leader Maberly hold right before June 1826?,William Leader Maberly,1826-06,Member of the 7th Parliament of the United Kingdom
Which position did William Leader Maberly hold right before April 1831?,William Leader Maberly,1831-04,Member of the 9th Parliament of the United Kingdom
Which employer did Peiter Zatko work for right before January 2013?,Peiter Zatko,2013-01,DARPA
Which employer did Peiter Zatko work for right before January 2020?,Peiter Zatko,2020-01,Google
Which employer did Laurens Perseus Hickok work for right before January 1852?,Laurens Perseus Hickok,1852-01,Auburn Theological Seminary
Which employer did Laurens Perseus Hickok work for right before January 1868?,Laurens Perseus Hickok,1868-01,Union College
Who was the head of Plzeň right before December 1990?,Plzeň,1990-12,Stanislav Loukota
Who was the head of Plzeň right before January 1994?,Plzeň,1994-01,Zdeněk Mraček
Who was the head of Plzeň right before January 1998?,Plzeň,1998-01,Zdeněk Prosek
Who was the head of Plzeň right before January 2004?,Plzeň,2004-01,Jiří Šneberger
Which employer did Orm Finnendahl work for right before January 2004?,Orm Finnendahl,2004-01,Folkwang University of the Arts
Which employer did Deborah Sugg Ryan work for right before January 1995?,Deborah Sugg Ryan,1995-01,University of East London
Which employer did Deborah Sugg Ryan work for right before January 1997?,Deborah Sugg Ryan,1997-01,"Royal Holloway, University of London"
Which employer did Deborah Sugg Ryan work for right before September 2016?,Deborah Sugg Ryan,2016-09,Falmouth University
Which employer did Anna Mullikin work for right before January 1920?,Anna Mullikin,1920-01,Mary Baldwin University
Which employer did Anna Mullikin work for right before January 1921?,Anna Mullikin,1921-01,University of Texas at Austin
Which employer did Anna Mullikin work for right before January 1922?,Anna Mullikin,1922-01,Oak Lane Day School
Which employer did Derman Christopherson work for right before January 1960?,Derman Christopherson,1960-01,Imperial College London
Who was the head of Skælskør Municipality right before January 1974?,Skælskør Municipality,1974-01,Svend Aage Troelsen
Who was the head of Skælskør Municipality right before January 1986?,Skælskør Municipality,1986-01,Johannes Lyshjelm
Who was the head of Skælskør Municipality right before January 2002?,Skælskør Municipality,2002-01,Hans Christian Nielsen
Who was the head of Kerteminde Municipality right before January 2014?,Kerteminde Municipality,2014-01,Palle Hansborg-Sørensen
Which team did Alessandro Armenise play for right before January 2003?,Alessandro Armenise,2003-01,SSC Bari
Which team did Alessandro Armenise play for right before January 2004?,Alessandro Armenise,2004-01,S.S. Teramo Calcio
Which team did Alessandro Armenise play for right before January 2005?,Alessandro Armenise,2005-01,U.S. Viterbese 1908
Which team did Alessandro Armenise play for right before January 2006?,Alessandro Armenise,2006-01,S.S. Virtus Lanciano 1924
Which team did Alessandro Armenise play for right before January 2007?,Alessandro Armenise,2007-01,A.S.D. Fidelis Andria 1928
Which team did Alessandro Armenise play for right before January 2009?,Alessandro Armenise,2009-01,Unione Sportiva Catanzaro
Who was the chair of Communist Party of the Soviet Union right before September 1953?,Communist Party of the Soviet Union,1953-09,Joseph Stalin
Who was the chair of Communist Party of the Soviet Union right before October 1964?,Communist Party of the Soviet Union,1964-10,Nikita Khrushchev
Who was the chair of Communist Party of the Soviet Union right before November 1982?,Communist Party of the Soviet Union,1982-11,Leonid Brezhnev
Who was the chair of Communist Party of the Soviet Union right before February 1984?,Communist Party of the Soviet Union,1984-02,Yuri Andropov
Who was the chair of Communist Party of the Soviet Union right before August 1991?,Communist Party of the Soviet Union,1991-08,Mikhail Gorbachev
Which position did David Maclean hold right before June 1987?,David Maclean,1987-06,Member of the 49th Parliament of the United Kingdom
Which position did David Maclean hold right before April 1992?,David Maclean,1992-04,Member of the 50th Parliament of the United Kingdom
Which position did David Maclean hold right before May 1993?,David Maclean,1993-05,Secretary of State for the Environment
Which position did David Maclean hold right before June 2001?,David Maclean,2001-06,Member of the 52nd Parliament of the United Kingdom
Which position did David Maclean hold right before February 2011?,David Maclean,2011-02,Member of the 54th Parliament of the United Kingdom
Where was Alexander Grothendieck educated right before January 1948?,Alexander Grothendieck,1948-01,University of Montpellier
Who was the head of Mende right before January 1971?,Mende,1971-01,Paulin Daudé-Gleize
Who was the head of Mende right before March 1983?,Mende,1983-03,Henri Trémolet de Villers
Which team did Joe Lievesley play for right before January 1915?,Joe Lievesley,1915-01,Arsenal F.C.
Which political party did Jacques Le Nay belong to right before January 2002?,Jacques Le Nay,2002-01,Union for French Democracy
Who was the chair of International Tribunal for the Law of the Sea right before January 2005?,International Tribunal for the Law of the Sea,2005-01,P. Chandrasekhara Rao
Who was the chair of International Tribunal for the Law of the Sea right before January 2017?,International Tribunal for the Law of the Sea,2017-01,Shunji Yanai
Which position did Ove Ljung hold right before January 1964?,Ove Ljung,1964-01,chief of staff
Which position did Ove Ljung hold right before April 1966?,Ove Ljung,1966-04,regiment commander
Which position did Ove Ljung hold right before January 1969?,Ove Ljung,1969-01,Chief of the Army Staff
Which position did Li Guangdi hold right before June 1703?,Li Guangdi,1703-06,Shujishi of Qing dynasty
Which position did Li Guangdi hold right before December 1705?,Li Guangdi,1705-12,Minister of Personnel
Which position did John Grogan hold right before June 2001?,John Grogan,2001-06,Member of the 52nd Parliament of the United Kingdom
Which position did John Grogan hold right before May 2005?,John Grogan,2005-05,Member of the 53rd Parliament of the United Kingdom
Which position did John Grogan hold right before June 2017?,John Grogan,2017-06,Member of the 54th Parliament of the United Kingdom
Who was the head of Liège right before January 1991?,Liège,1991-01,Edouard Close
Which team did Gerry Hitchens play for right before January 1955?,Gerry Hitchens,1955-01,Kidderminster Harriers F.C.
Which team did Gerry Hitchens play for right before January 1957?,Gerry Hitchens,1957-01,Cardiff City F.C.
Which team did Gerry Hitchens play for right before January 1961?,Gerry Hitchens,1961-01,Aston Villa F.C.
Which team did Gerry Hitchens play for right before January 1967?,Gerry Hitchens,1967-01,Atalanta B.C.
Which team did Gerry Hitchens play for right before January 1969?,Gerry Hitchens,1969-01,Cagliari Calcio
Who was the chair of ITV plc right before January 2010?,ITV plc,2010-01,Michael Grade
Which position did Franz Karasek hold right before October 1979?,Franz Karasek,1979-10,Representative of the Parliamentary Assembly of the Council of Europe
Which team did Cedrick Hordges play for right before January 1990?,Cedrick Hordges,1990-01,Pallacanestro Pavia
Which team did Rafael Mea Vitali play for right before January 2003?,Rafael Mea Vitali,2003-01,SV Waldhof Mannheim
Which team did Rafael Mea Vitali play for right before January 2004?,Rafael Mea Vitali,2004-01,Sportfreunde Siegen
Which team did Rafael Mea Vitali play for right before January 2006?,Rafael Mea Vitali,2006-01,Caracas Fútbol Club
Which team did Rafael Mea Vitali play for right before January 2008?,Rafael Mea Vitali,2008-01,Union Atlético Maracaibo
Which team did Rafael Mea Vitali play for right before January 2009?,Rafael Mea Vitali,2009-01,Asociación Civil Mineros de Guayana
Which team did Rafael Mea Vitali play for right before January 2012?,Rafael Mea Vitali,2012-01,Aragua FC
Which employer did Leonard Jimmie Savage work for right before January 1943?,Leonard Jimmie Savage,1943-01,Cornell University
Which employer did Leonard Jimmie Savage work for right before January 1944?,Leonard Jimmie Savage,1944-01,Brown University
Which employer did Leonard Jimmie Savage work for right before January 1945?,Leonard Jimmie Savage,1945-01,Columbia University
Which employer did Leonard Jimmie Savage work for right before January 1946?,Leonard Jimmie Savage,1946-01,Courant Institute of Mathematical Sciences
Who was the chair of World Wide Fund for Nature right before January 1976?,World Wide Fund for Nature,1976-01,Prince Bernhard of the Netherlands
Who was the chair of World Wide Fund for Nature right before January 2000?,World Wide Fund for Nature,2000-01,Ruud Lubbers
Who was the chair of World Wide Fund for Nature right before January 2002?,World Wide Fund for Nature,2002-01,Sara Morrison
Who was the chair of World Wide Fund for Nature right before January 2010?,World Wide Fund for Nature,2010-01,Emeka Anyaoku
Who was the chair of World Wide Fund for Nature right before June 2022?,World Wide Fund for Nature,2022-06,Pavan Sukhdev
Which team did Ariel Rosada play for right before January 1999?,Ariel Rosada,1999-01,AZ Alkmaar
Which team did Ariel Rosada play for right before January 2003?,Ariel Rosada,2003-01,Chacarita Juniors
Which team did Ariel Rosada play for right before January 2011?,Ariel Rosada,2011-01,Club Atlético Banfield
Which team did Abdel Lamanje play for right before January 2013?,Abdel Lamanje,2013-01,Grenoble Foot 38
Where was Karestan C Koenen educated right before January 1994?,Karestan C Koenen,1994-01,Teachers College
"Where was George Kemp, 1st Baron Rochdale educated right before May 1884?","George Kemp, 1st Baron Rochdale",1884-05,Shrewsbury School
Which employer did Roger Scruton work for right before January 1971?,Roger Scruton,1971-01,University of Cambridge
Which employer did Roger Scruton work for right before January 2009?,Roger Scruton,2009-01,Divine Mercy University
Which employer did Roger Scruton work for right before January 2015?,Roger Scruton,2015-01,University of St Andrews
Which position did Carl Christoffer Georg Andræ hold right before December 1854?,Carl Christoffer Georg Andræ,1854-12,Speaker of the Folketing
Which political party did Vootele Hansen belong to right before January 1994?,Vootele Hansen,1994-01,National Coalition Party Pro Patria
Which political party did Vootele Hansen belong to right before January 1998?,Vootele Hansen,1998-01,People's Party of Republicans and Conservatives
Who was the head of state of People's Republic of China right before January 1975?,People's Republic of China,1975-01,Dong Biwu
Who was the head of state of People's Republic of China right before June 1983?,People's Republic of China,1983-06,Ye Jianying
Who was the head of state of People's Republic of China right before April 1988?,People's Republic of China,1988-04,Li Xiannian
Who was the head of state of People's Republic of China right before March 1993?,People's Republic of China,1993-03,Yang Shangkun
Who was the head of state of People's Republic of China right before March 2013?,People's Republic of China,2013-03,Hu Jintao
Who was the head of Chicago right before January 1840?,Chicago,1840-01,Buckner Stith Morris
Who was the head of Chicago right before January 1844?,Chicago,1844-01,Benjamin Wright Raymond
Who was the head of Chicago right before January 1848?,Chicago,1848-01,John Putnam Chapin
Who was the head of Chicago right before January 1853?,Chicago,1853-01,Walter Smith Gurnee
Who was the head of Chicago right before January 1854?,Chicago,1854-01,Charles McNeill Gray
Who was the head of Chicago right before January 1860?,Chicago,1860-01,John Charles Haines
Who was the head of Chicago right before December 1873?,Chicago,1873-12,Lester L. Bond
Who was the head of Chicago right before January 1876?,Chicago,1876-01,Harvey Doolittle Colvin
Who was the head of Chicago right before January 1889?,Chicago,1889-01,John A. Roche
Who was the head of Chicago right before January 1891?,Chicago,1891-01,DeWitt Clinton Cregier
Who was the head of Chicago right before January 1911?,Chicago,1911-01,Hempstead Washburne
Who was the head of Chicago right before April 1895?,Chicago,1895-04,John Patrick Hopkins
Who was the head of Chicago right before January 1907?,Chicago,1907-01,Edward Fitzsimmons Dunne
Who was the head of Chicago right before January 1923?,Chicago,1923-01,Carter Harrison
Who was the head of Chicago right before January 1927?,Chicago,1927-01,William Emmett Dever
Who was the head of Chicago right before April 1933?,Chicago,1933-04,Frank J. Corr
Who was the head of Chicago right before April 1955?,Chicago,1955-04,Martin H. Kennelly
Who was the head of Chicago right before December 1976?,Chicago,1976-12,Richard J. Daley
Who was the head of Chicago right before April 1983?,Chicago,1983-04,Michael Anthony Bilandic
Who was the head of Chicago right before April 1989?,Chicago,1989-04,Eugene Sawyer
Which employer did Roman Badanin work for right before December 2011?,Roman Badanin,2011-12,gazeta.ru
Which employer did Roman Badanin work for right before October 2013?,Roman Badanin,2013-10,Forbes (Russia)
Which employer did Roman Badanin work for right before July 2016?,Roman Badanin,2016-07,RBC Information Systems
"Which position did David Lindsay, 28th Earl of Crawford hold right before May 1929?","David Lindsay, 28th Earl of Crawford",1929-05,Member of the 34th Parliament of the United Kingdom
"Which position did David Lindsay, 28th Earl of Crawford hold right before October 1931?","David Lindsay, 28th Earl of Crawford",1931-10,Member of the 35th Parliament of the United Kingdom
"Which position did David Lindsay, 28th Earl of Crawford hold right before November 1935?","David Lindsay, 28th Earl of Crawford",1935-11,Member of the 36th Parliament of the United Kingdom
Where was Daniel Pedoe educated right before January 1930?,Daniel Pedoe,1930-01,Central Foundation Boys' School
Where was Daniel Pedoe educated right before January 1935?,Daniel Pedoe,1935-01,Magdalene College
Which employer did Simon Streatfeild work for right before January 1981?,Simon Streatfeild,1981-01,Academy of St Martin in the Fields
Which employer did Annie Lacroix-Riz work for right before October 1997?,Annie Lacroix-Riz,1997-10,University Toulouse - Jean Jaurès
Which employer did Jonathan Bennett work for right before January 1968?,Jonathan Bennett,1968-01,University of Cambridge
Which employer did Jonathan Bennett work for right before January 1970?,Jonathan Bennett,1970-01,Simon Fraser University
Which employer did George Barger work for right before January 1913?,George Barger,1913-01,"Goldsmiths, University of London"
Which employer did George Barger work for right before January 1919?,George Barger,1919-01,"Royal Holloway, University of London"
Which position did Pierre Renouvin hold right before January 1965?,Pierre Renouvin,1965-01,dean
Where was Ralph Duncan James educated right before January 1933?,Ralph Duncan James,1933-01,California Institute of Technology
Where was McKenzie Milton educated right before January 2016?,McKenzie Milton,2016-01,Mililani High School
Who was the head coach of the team Reading F.C. right before February 2022?,Reading F.C.,2022-02,Mark Bowen
Which position did Harry Pursey hold right before February 1950?,Harry Pursey,1950-02,Member of the 38th Parliament of the United Kingdom
Which position did Harry Pursey hold right before October 1951?,Harry Pursey,1951-10,Member of the 39th Parliament of the United Kingdom
Which position did Harry Pursey hold right before May 1955?,Harry Pursey,1955-05,Member of the 40th Parliament of the United Kingdom
Which position did Harry Pursey hold right before October 1959?,Harry Pursey,1959-10,Member of the 41st Parliament of the United Kingdom
Which position did Harry Pursey hold right before October 1964?,Harry Pursey,1964-10,Member of the 42nd Parliament of the United Kingdom
Which employer did Hans Rådström work for right before January 1964?,Hans Rådström,1964-01,Royal Institute of Technology
Which employer did Hans Rådström work for right before January 1969?,Hans Rådström,1969-01,Stockholm University
Which employer did Archibald James Macintyre work for right before January 1930?,Archibald James Macintyre,1930-01,University of Cambridge
Which employer did Archibald James Macintyre work for right before January 1931?,Archibald James Macintyre,1931-01,Swansea University
Which employer did Archibald James Macintyre work for right before January 1958?,Archibald James Macintyre,1958-01,University of Aberdeen
Which team did Anton Schumacher play for right before January 1960?,Anton Schumacher,1960-01,Bonner SC
Which team did Anton Schumacher play for right before January 1969?,Anton Schumacher,1969-01,1. FC Köln
Who was the head coach of the team NK Slaven Belupo right before August 2021?,NK Slaven Belupo,2021-08,Dean Klafurić
Which position did Tip O'Neill hold right before January 1949?,Tip O'Neill,1949-01,member of the Massachusetts House of Representatives
Which position did Tip O'Neill hold right before January 1961?,Tip O'Neill,1961-01,Speaker of the Massachusetts House of Representatives
Which employer did Johannes Teyssen work for right before January 1998?,Johannes Teyssen,1998-01,PreussenElektra
Which employer did Johannes Teyssen work for right before January 2001?,Johannes Teyssen,2001-01,Avacon
Which employer did Karen Keskulla Uhlenbeck work for right before January 1976?,Karen Keskulla Uhlenbeck,1976-01,University of Illinois at Urbana–Champaign
"Which position did Louis, duc de Decazes hold right before January 1864?","Louis, duc de Decazes",1864-01,ambassador of France to Portugal
Who was the head of Hvidovre Municipality right before October 2007?,Hvidovre Municipality,2007-10,Britta Christensen
Who was the head of Hvidovre Municipality right before December 2012?,Hvidovre Municipality,2012-12,Milton Graff Pedersen
Which position did David McClarty hold right before January 2011?,David McClarty,2011-01,Member of the 2nd Northern Ireland Assembly
Which position did David McClarty hold right before May 2011?,David McClarty,2011-05,Member of the 3rd Northern Ireland Assembly
Which employer did Charles Coulson work for right before January 1947?,Charles Coulson,1947-01,University of Dundee
Which employer did Charles Coulson work for right before January 1952?,Charles Coulson,1952-01,King's College London
Which position did Oliver Wittke hold right before June 2005?,Oliver Wittke,2005-06,Lord Mayor
Which position did Oliver Wittke hold right before May 2012?,Oliver Wittke,2012-05,transport minister
Which position did Brian Jenkins hold right before June 2001?,Brian Jenkins,2001-06,Member of the 52nd Parliament of the United Kingdom
Where was Esther Ballou educated right before January 1937?,Esther Ballou,1937-01,Bennington College
Who was the chair of Italian Radicals right before January 2006?,Italian Radicals,2006-01,Luca Coscioni
Who was the chair of Italian Radicals right before January 2010?,Italian Radicals,2010-01,Bruno Mellano
Who was the chair of Italian Radicals right before January 2013?,Italian Radicals,2013-01,Silvio Viale
Who was the chair of Italian Radicals right before January 2016?,Italian Radicals,2016-01,Marco Cappato
"Which position did Sir Roger Conant, 1st Baronet hold right before July 1945?","Sir Roger Conant, 1st Baronet",1945-07,Member of the 37th Parliament of the United Kingdom
"Which position did Sir Roger Conant, 1st Baronet hold right before May 1955?","Sir Roger Conant, 1st Baronet",1955-05,Member of the 40th Parliament of the United Kingdom
Who was the chair of Croatian National Bank right before January 1992?,Croatian National Bank,1992-01,A. Čičin-Šain
Which position did Daniel Sirera hold right before July 2012?,Daniel Sirera,2012-07,Member of the Senate of Spain
"Which position did Thomas S. Gates, Jr. hold right before April 1957?","Thomas S. Gates, Jr.",1957-04,Under Secretary of the Navy
"Which position did Thomas S. Gates, Jr. hold right before June 1959?","Thomas S. Gates, Jr.",1959-06,United States Secretary of the Navy
"Which position did Thomas S. Gates, Jr. hold right before December 1959?","Thomas S. Gates, Jr.",1959-12,United States Deputy Secretary of Defense
"Which position did Thomas S. Gates, Jr. hold right before April 1976?","Thomas S. Gates, Jr.",1976-04,United States Secretary of Defense
Where was Rolin Wavre educated right before January 1918?,Rolin Wavre,1918-01,University of Paris
Which team did Glenn Cronin play for right before January 2006?,Glenn Cronin,2006-01,Exeter City F.C.
Which team did Glenn Cronin play for right before January 2008?,Glenn Cronin,2008-01,Chester City F.C.
Which team did Glenn Cronin play for right before January 2012?,Glenn Cronin,2012-01,Bohemian F.C.
Which team did Jero Miñarro play for right before January 1995?,Jero Miñarro,1995-01,Spain national under-16 football team
Which team did Jero Miñarro play for right before January 1999?,Jero Miñarro,1999-01,Rayo Vallecano
Which team did Jero Miñarro play for right before January 2000?,Jero Miñarro,2000-01,Panachaiki F.C.
Which team did Jero Miñarro play for right before January 2004?,Jero Miñarro,2004-01,Sangonera Atlético CF
Which employer did Lipman Bers work for right before January 1945?,Lipman Bers,1945-01,Brown University
Which employer did Lipman Bers work for right before January 1951?,Lipman Bers,1951-01,Institute for Advanced Study
Which employer did Lipman Bers work for right before January 1964?,Lipman Bers,1964-01,Courant Institute of Mathematical Sciences
Which political party did Adrian Năstase belong to right before January 1993?,Adrian Năstase,1993-01,Democratic National Salvation Front
Who was the owner of Charlotte Hornets right before January 2002?,Charlotte Hornets,2002-01,George Shinn
Who was the owner of Charlotte Hornets right before January 2010?,Charlotte Hornets,2010-01,Robert L. Johnson
Which position did Jean-Louis Borloo hold right before May 2007?,Jean-Louis Borloo,2007-05,member of the European Parliament
Which position did Jean-Louis Borloo hold right before June 2012?,Jean-Louis Borloo,2012-06,"Minister of the Economy, Finances and Industry"
Which team did Sharly Mabussi play for right before January 2021?,Sharly Mabussi,2021-01,Bergerac Périgord FC
Which employer did Bruno Lemaitre work for right before April 1998?,Bruno Lemaitre,1998-04,National Center for Scientific Research
Which team did Reg Cutler play for right before January 1956?,Reg Cutler,1956-01,West Bromwich Albion F.C.
Which team did Reg Cutler play for right before January 1959?,Reg Cutler,1959-01,AFC Bournemouth
Which position did Thomas Francis Kennedy hold right before July 1830?,Thomas Francis Kennedy,1830-07,Member of the 8th Parliament of the United Kingdom
Which position did Thomas Francis Kennedy hold right before April 1831?,Thomas Francis Kennedy,1831-04,Member of the 9th Parliament of the United Kingdom
Which position did Thomas Francis Kennedy hold right before December 1832?,Thomas Francis Kennedy,1832-12,Member of the 10th Parliament of the United Kingdom
Which employer did Harold Ruse work for right before January 1946?,Harold Ruse,1946-01,University of Southampton
Which position did Ismaʿil Sidqi hold right before December 1914?,Ismaʿil Sidqi,1914-12,Agriculture Minister
Which position did Michael Noonan hold right before December 1982?,Michael Noonan,1982-12,Teachta Dála
Which position did Michael Noonan hold right before February 1986?,Michael Noonan,1986-02,Minister for Justice and Equality
Which position did Michael Noonan hold right before March 2011?,Michael Noonan,2011-03,Leader of the Opposition
Where was Susan Weintraub educated right before January 1968?,Susan Weintraub,1968-01,University of Pennsylvania
Where was Susan Weintraub educated right before January 1975?,Susan Weintraub,1975-01,Trinity University
Which team did Jim McLaughlin play for right before January 1958?,Jim McLaughlin,1958-01,Derry City F.C.
Which team did Jim McLaughlin play for right before January 1967?,Jim McLaughlin,1967-01,Northern Ireland national under-23 association football team
Which position did Pere Folc de Cardona hold right before January 1513?,Pere Folc de Cardona,1513-01,President of the Generalitat of Catalonia
Which position did Pere Folc de Cardona hold right before January 1515?,Pere Folc de Cardona,1515-01,Episcopal Co-Prince
Which team did Yuzo Minami play for right before January 2009?,Yuzo Minami,2009-01,Ehime FC
Which employer did Jaqueline Anastácio work for right before January 2011?,Jaqueline Anastácio,2011-01,Siófok KC
Which employer did Jaqueline Anastácio work for right before January 2014?,Jaqueline Anastácio,2014-01,Dinamo Volgograd
Which position did Michael Fallon hold right before June 1987?,Michael Fallon,1987-06,Member of the 49th Parliament of the United Kingdom
Which position did Michael Fallon hold right before May 1997?,Michael Fallon,1997-05,Member of the 50th Parliament of the United Kingdom
Which position did Michael Fallon hold right before June 2001?,Michael Fallon,2001-06,Member of the 52nd Parliament of the United Kingdom
Which position did Michael Fallon hold right before May 2010?,Michael Fallon,2010-05,Member of the 54th Parliament of the United Kingdom
Which position did Michael Fallon hold right before June 2017?,Michael Fallon,2017-06,Member of the 56th Parliament of the United Kingdom
Which position did Hrushikesh Naik hold right before May 2009?,Hrushikesh Naik,2009-05,Member of the Eleventh Odisha Legislative Assembly
Which position did Hrushikesh Naik hold right before May 2014?,Hrushikesh Naik,2014-05,Member of the Fourteenth Odisha Legislative Assembly
Which team did Billy Betts play for right before January 1882?,Billy Betts,1882-01,Pyebank F.C.
Which team did Billy Betts play for right before January 1883?,Billy Betts,1883-01,Heeley F.C.
Which team did Billy Betts play for right before January 1887?,Billy Betts,1887-01,Lockwood Brothers F.C.
"Which position did Sir John Brunner, 2nd Baronet hold right before January 1910?","Sir John Brunner, 2nd Baronet",1910-01,Member of the 28th Parliament of the United Kingdom
Which team did Ugo Gabrieli play for right before January 2007?,Ugo Gabrieli,2007-01,Italy national under-18 football team
Which team did Ugo Gabrieli play for right before January 2015?,Ugo Gabrieli,2015-01,A.S.D. Gallipoli Football 1909
Which position did Arthur Forwood hold right before July 1886?,Arthur Forwood,1886-07,Member of the 23rd Parliament of the United Kingdom
Which position did Arthur Forwood hold right before July 1892?,Arthur Forwood,1892-07,Member of the 24th Parliament of the United Kingdom
Who was the head coach of the team A.E.K. Athens F.C. right before December 2020?,A.E.K. Athens F.C.,2020-12,Nikos Kostenoglou
Who was the head coach of the team A.E.K. Athens F.C. right before July 2022?,A.E.K. Athens F.C.,2022-07,Sokratis Ofrydopoulos
Which employer did Djelal Kadir work for right before January 1973?,Djelal Kadir,1973-01,"University of Nevada, Reno"
Which employer did Djelal Kadir work for right before January 1991?,Djelal Kadir,1991-01,Purdue University
"Which position did Richard Bethell, 1st Baron Westbury hold right before July 1852?","Richard Bethell, 1st Baron Westbury",1852-07,Member of the 15th Parliament of the United Kingdom
"Which position did Richard Bethell, 1st Baron Westbury hold right before March 1857?","Richard Bethell, 1st Baron Westbury",1857-03,Member of the 16th Parliament of the United Kingdom
"Which position did Richard Bethell, 1st Baron Westbury hold right before April 1859?","Richard Bethell, 1st Baron Westbury",1859-04,Member of the 17th Parliament of the United Kingdom
"Which position did Richard Bethell, 1st Baron Westbury hold right before June 1861?","Richard Bethell, 1st Baron Westbury",1861-06,Member of the 18th Parliament of the United Kingdom
Who was the head coach of the team Tennis Borussia Berlin right before November 1998?,Tennis Borussia Berlin,1998-11,Hermann Gerland
Who was the head coach of the team Tennis Borussia Berlin right before March 1999?,Tennis Borussia Berlin,1999-03,Stanislav Levý
Who was the head coach of the team Tennis Borussia Berlin right before July 2000?,Tennis Borussia Berlin,2000-07,Winfried Schäfer
Who was the head coach of the team Tennis Borussia Berlin right before November 2000?,Tennis Borussia Berlin,2000-11,Mirko Slomka
Who was the head coach of the team Tennis Borussia Berlin right before June 2008?,Tennis Borussia Berlin,2008-06,Dejan Raičković
Who was the head coach of the team Tennis Borussia Berlin right before January 2017?,Cemal Yıldız,2017-01,Markus Schatte
Which team did Tim Sandercombe play for right before January 2008?,Tim Sandercombe,2008-01,Notts County F.C.
Which team did Tim Sandercombe play for right before January 2009?,Tim Sandercombe,2009-01,Stafford Rangers F.C.
Which team did Tim Sandercombe play for right before January 2011?,Tim Sandercombe,2011-01,Worcester City F.C.
Which team did Tim Sandercombe play for right before January 2014?,Tim Sandercombe,2014-01,Dorchester Town F.C.
Which employer did Sebastián Edwards work for right before January 1990?,Sebastián Edwards,1990-01,"University of California, Los Angeles"
Which employer did Sebastián Edwards work for right before January 2002?,Sebastián Edwards,2002-01,UCLA Anderson School of Management
Who was the head coach of the team Olympiacos F.C. right before June 2008?,Olympiacos F.C.,2008-06,Alberto Bigon
Who was the head coach of the team Olympiacos F.C. right before April 2018?,Olympiacos F.C.,2018-04,Ernesto Valverde
Which employer did Eugen Slutsky work for right before January 1934?,Eugen Slutsky,1934-01,Institute of Conjuncture
Which employer did Eugen Slutsky work for right before January 1939?,Eugen Slutsky,1939-01,Moscow State University
Which team did James McFadden play for right before January 2012?,James McFadden,2012-01,Everton F.C
Which team did James McFadden play for right before January 2014?,James McFadden,2014-01,Sunderland A.F.C.
Which team did Orhan Şam play for right before January 2003?,Orhan Şam,2003-01,Turkey national under-18 football team
Which team did Orhan Şam play for right before January 2005?,Orhan Şam,2005-01,Turkey national under-19 football team
Which team did Orhan Şam play for right before January 2011?,Orhan Şam,2011-01,Turkey national under-21 football team
Which team did Orhan Şam play for right before January 2013?,Orhan Şam,2013-01,Fenerbahçe FC
Which position did José Pardo y Barreda hold right before August 1915?,José Pardo y Barreda,1915-08,rector of the National University of San Marcos
Who was the head of Malang right before September 2018?,Malang,2018-09,Muhammad Anton
Which position did Abdul-Rashid Pelpuo hold right before January 2013?,Abdul-Rashid Pelpuo,2013-01,Member of the 5th Parliament of the 4th Republic of Ghana
Which position did Abdul-Rashid Pelpuo hold right before January 2017?,Abdul-Rashid Pelpuo,2017-01,Member of the 6th Parliament of the 4th Republic of Ghana
Which employer did Fazlur Rahman Malik work for right before January 1958?,Fazlur Rahman Malik,1958-01,Durham University
Which employer did Mary Douglas work for right before January 1979?,Mary Douglas,1979-01,New York University
Which employer did Mary Douglas work for right before January 1981?,Mary Douglas,1981-01,Yale University
Which position did William Dougal Christie hold right before July 1847?,William Dougal Christie,1847-07,Member of the 14th Parliament of the United Kingdom
Which position did William Dougal Christie hold right before January 1854?,William Dougal Christie,1854-01,Member of the 15th Parliament of the United Kingdom
Which position did William Dougal Christie hold right before January 1859?,William Dougal Christie,1859-01,ambassador of the United Kingdom to Argentina
Which position did Panagiotis Kanellopoulos hold right before December 1944?,Panagiotis Kanellopoulos,1944-12,Minister of Commercial Marine of Greece
Which position did Panagiotis Kanellopoulos hold right before January 1947?,Panagiotis Kanellopoulos,1947-01,Minister without portfolio of Greece
Which position did Panagiotis Kanellopoulos hold right before February 1947?,Panagiotis Kanellopoulos,1947-02,Minister of Public Order
Which position did Panagiotis Kanellopoulos hold right before December 1952?,Panagiotis Kanellopoulos,1952-12,Minister of Military Affairs of Greece
Which position did Panagiotis Kanellopoulos hold right before April 1967?,Panagiotis Kanellopoulos,1967-04,Deputy Prime Minister of Greece
Where was Harold Scott MacDonald Coxeter educated right before January 1928?,Harold Scott MacDonald Coxeter,1928-01,Trinity College
Where was Harold Scott MacDonald Coxeter educated right before January 1931?,Harold Scott MacDonald Coxeter,1931-01,University of Cambridge
Which employer did Egor Babaev work for right before January 2006?,Egor Babaev,2006-01,Cornell University
Which employer did Teija Tiilikainen work for right before January 2010?,Teija Tiilikainen,2010-01,University of Helsinki
Which employer did Teija Tiilikainen work for right before October 2019?,Teija Tiilikainen,2019-10,Finnish Institute of International Affairs
Which employer did Max Volmer work for right before January 1918?,Max Volmer,1918-01,Frederick William University
Who was the head of Dochia right before January 2016?,Dochia,2016-01,Iulian-Gheorghe Ciubotaru
Who was the head of Vologda right before September 2016?,Vologda,2016-09,Evgeny Shulepov
Which employer did John Crank work for right before January 1957?,John Crank,1957-01,Courtaulds
Who was the chair of Romanian Handball Federation right before January 1993?,Romanian Handball Federation,1993-01,Dumitru Costea
Who was the chair of Romanian Handball Federation right before January 1995?,Romanian Handball Federation,1995-01,Cornel Oțelea
Who was the chair of Romanian Handball Federation right before January 1996?,Cristian Gațu,1996-01,Valentin Samungi
Which employer did Badri Nath Prasad work for right before January 1949?,Badri Nath Prasad,1949-01,Banaras Hindu University
Which employer did Badri Nath Prasad work for right before January 1951?,Badri Nath Prasad,1951-01,Patna Science College
Who was the chair of Protezione Civile right before November 2010?,Protezione Civile,2010-11,Guido Bertolaso
Which position did Francisco de Benavides hold right before January 1678?,Francisco de Benavides,1678-01,Viceroy of Sardinia
Who was the owner of Young man in Mayo costume right before January 1872?,Young man in Mayo costume,1872-01,Édouard Manet
Who was the owner of Young man in Mayo costume right before December 1898?,Young man in Mayo costume,1898-12,Jean-Baptiste Faure
Which employer did Alfred H. Clifford work for right before January 1950?,Alfred H. Clifford,1950-01,Massachusetts Institute of Technology
Which employer did Alfred H. Clifford work for right before January 1952?,Alfred H. Clifford,1952-01,United States Army
Which position did Walford Selby hold right before January 1933?,Walford Selby,1933-01,Principal Private Secretary to the Secretary of State for Foreign and Commonwealth Affairs
Which position did Walford Selby hold right before January 1937?,Walford Selby,1937-01,ambassador of the United Kingdom to Austria
Which employer did Louis J. Mordell work for right before January 1920?,Louis J. Mordell,1920-01,"Birkbeck, University of London"
Which team did Terry Adamson play for right before January 1967?,Terry Adamson,1967-01,Luton Town F.C.
Which position did Fredrik Magnus Cronberg hold right before January 1719?,Fredrik Magnus Cronberg,1719-01,governor of Västerbotten County
Which position did Henri Madelin hold right before January 1985?,Henri Madelin,1985-01,Provincial
Which position did Henri Madelin hold right before January 1995?,Henri Madelin,1995-01,rector
Who was the head of Georgia right before December 2015?,Georgia,2015-12,Bidzina Ivanishvili
Who was the head of Georgia right before June 2018?,Georgia,2018-06,Giorgi Kvirikashvili
Who was the head of Georgia right before September 2019?,Georgia,2019-09,Mamuka Bakhtadze
Which team did Ryan Flynn play for right before January 2009?,Ryan Flynn,2009-01,Wrexham A.F.C.
Which team did Ryan Flynn play for right before January 2011?,Ryan Flynn,2011-01,Falkirk F.C.
Which position did Goswin de Stassart hold right before October 1821?,Goswin de Stassart,1821-10,Prefect of Bouches-de-la-Meuse
Which position did Goswin de Stassart hold right before September 1831?,Goswin de Stassart,1831-09,member of the House of Representatives of the Netherlands
Who was the head of Incheon right before July 2010?,Incheon,2010-07,Ahn Sang-soo
Who was the head of Incheon right before July 2018?,Incheon,2018-07,Yoo Jeong-bok
Which team did Flavio Raffo play for right before January 1988?,Flavio Raffo,1988-01,A.S. Roma
Which position did Charles Morris hold right before October 1964?,Charles Morris,1964-10,Member of the 42nd Parliament of the United Kingdom
Which position did Charles Morris hold right before March 1966?,Charles Morris,1966-03,Member of the 43rd Parliament of the United Kingdom
Which position did Charles Morris hold right before October 1974?,Charles Morris,1974-10,Member of the 46th Parliament of the United Kingdom
Which position did Charles Morris hold right before May 1979?,Charles Morris,1979-05,Member of the 47th Parliament of the United Kingdom
Which team did Gabriel Simion play for right before June 2019?,Gabriel Simion,2019-06,FC Dunărea Călărași
Which team did Gabriel Simion play for right before August 2022?,Gabriel Simion,2022-08,Aris Limassol F.C.
Who was the chair of Union of Italian Jewish Communities right before January 2006?,Union of Italian Jewish Communities,2006-01,Amos Luzzatto
Which position did John R. Bass hold right before December 2017?,John R. Bass,2017-12,United States Ambassador to Turkey
Which position did John R. Bass hold right before December 2021?,John R. Bass,2021-12,United States Ambassador to Afghanistan
Which position did Samuel Åkerhielm hold right before January 1940?,Samuel Åkerhielm,1940-01,school commander
Which position did Samuel Åkerhielm hold right before January 1941?,Samuel Åkerhielm,1941-01,regiment commander
Which position did Samuel Åkerhielm hold right before October 1942?,Samuel Åkerhielm,1942-10,Chief of the Defence Staff
Who was the head coach of the team Sweden men's national ice hockey team right before January 1957?,Sweden men's national ice hockey team,1957-01,"Folke ""Masen"" Jansson"
Who was the head coach of the team Sweden men's national ice hockey team right before January 1980?,Sweden men's national ice hockey team,1980-01,Ronald Pettersson
Who was the head coach of the team Sweden men's national ice hockey team right before January 1981?,Sweden men's national ice hockey team,1981-01,Bengt Ohlson
Who was the head coach of the team Sweden men's national ice hockey team right before January 1984?,Sweden men's national ice hockey team,1984-01,Anders Parmström
Who was the head coach of the team Sweden men's national ice hockey team right before January 1986?,Sweden men's national ice hockey team,1986-01,Leif Boork
Who was the head coach of the team Sweden men's national ice hockey team right before January 1990?,Sweden men's national ice hockey team,1990-01,Tommy Sandlin
Who was the head coach of the team Sweden men's national ice hockey team right before January 1992?,Sweden men's national ice hockey team,1992-01,Conny Evensson
Who was the head coach of the team Sweden men's national ice hockey team right before January 1995?,Sweden men's national ice hockey team,1995-01,Curt Lundmark
Who was the head coach of the team Sweden men's national ice hockey team right before January 2000?,Sweden men's national ice hockey team,2000-01,Peter Wallin
Who was the head coach of the team Sweden men's national ice hockey team right before January 2010?,Sweden men's national ice hockey team,2010-01,Bengt-Åke Gustafsson
Who was the head coach of the team Sweden men's national ice hockey team right before January 2016?,Sweden men's national ice hockey team,2016-01,Pär Mårts
Who was the head coach of the team Sweden men's national ice hockey team right before January 2019?,Sweden men's national ice hockey team,2019-01,Rikard Grönborg
Who was the head coach of the team Sweden men's national ice hockey team right before January 2022?,Sweden men's national ice hockey team,2022-01,Johan Garpenlöv
Which employer did Warren Weaver work for right before January 1920?,Warren Weaver,1920-01,California Institute of Technology
Which employer did Warren Weaver work for right before January 1959?,Warren Weaver,1959-01,University of Wisconsin–Madison
Which position did Hans Fredrik Grøvan hold right before November 2013?,Hans Fredrik Grøvan,2013-11,deputy member of the Parliament of Norway
Which employer did Helmuth Nyborg work for right before January 1990?,Helmuth Nyborg,1990-01,The Rockefeller University
Which employer did Helmuth Nyborg work for right before January 2000?,Helmuth Nyborg,2000-01,University of Washington
Which position did Mario Draghi hold right before February 2021?,Mario Draghi,2021-02,President of the European Central Bank
Who was the chair of Scottish National Party right before September 2000?,Scottish National Party,2000-09,Alex Salmond
Which team did Terry Bradbury play for right before January 1962?,Terry Bradbury,1962-01,Chelsea F.C.
Which team did Terry Bradbury play for right before January 1972?,Terry Bradbury,1972-01,Weymouth F.C.
Who was the chair of International Bobsleigh and Skeleton Federation right before January 1994?,International Bobsleigh and Skeleton Federation,1994-01,Klaus Kotter
Who was the chair of International Bobsleigh and Skeleton Federation right before January 2010?,International Bobsleigh and Skeleton Federation,2010-01,Robert H. Storey
Which team did Craig McKeown play for right before January 2014?,Craig McKeown,2014-01,Stirling Albion F.C.
Which team did Alhassan Nuhu play for right before January 2009?,Alhassan Nuhu,2009-01,Real Sportive
Which employer did Vincent Ostrom work for right before January 1943?,Vincent Ostrom,1943-01,State Bar of California
Which employer did Vincent Ostrom work for right before January 1958?,Vincent Ostrom,1958-01,University of Oregon
Which employer did Vincent Ostrom work for right before January 1964?,Vincent Ostrom,1964-01,"University of California, Los Angeles"
Which team did Daniele Delli Carri play for right before January 1994?,Daniele Delli Carri,1994-01,Italy national under-21 football team
Which team did Daniele Delli Carri play for right before January 1996?,Daniele Delli Carri,1996-01,Genoa CFC
Which team did Daniele Delli Carri play for right before January 2004?,Daniele Delli Carri,2004-01,Robur Siena
Which team did Daniele Delli Carri play for right before January 2005?,Daniele Delli Carri,2005-01,ACF Fiorentina
Which team did Daniele Delli Carri play for right before January 2007?,Daniele Delli Carri,2007-01,Delfino Pescara 1936
Where was Walter Ledermann educated right before January 1928?,Walter Ledermann,1928-01,Köllnisches Gymnasium
Where was Walter Ledermann educated right before January 1934?,Walter Ledermann,1934-01,Frederick William University
Who was the head of Mühldorf am Inn right before April 2014?,Mühldorf am Inn,2014-04,Günther Knoblauch
Who was the head of Mühldorf am Inn right before May 2020?,Mühldorf am Inn,2020-05,Marianne Zollner
Which employer did Annechien Steenhuizen work for right before January 2002?,Annechien Steenhuizen,2002-01,RTL Nieuws
Which employer did Annechien Steenhuizen work for right before January 2009?,Annechien Steenhuizen,2009-01,RTV Utrecht
Which team did Moaz El-Henawy play for right before January 2010?,Moaz El-Henawy,2010-01,Al Masry SC
Which team did Clarence Seedorf play for right before January 1996?,Clarence Seedorf,1996-01,U.C. Sampdoria
Which team did Clarence Seedorf play for right before January 2000?,Clarence Seedorf,2000-01,Real Madrid CF
Which employer did Sydney Chapman work for right before January 1914?,Sydney Chapman,1914-01,Royal Observatory
Which employer did Sydney Chapman work for right before January 1924?,Sydney Chapman,1924-01,Victoria University of Manchester
Which employer did Sydney Chapman work for right before January 1946?,Sydney Chapman,1946-01,Imperial College London
Which employer did Sydney Chapman work for right before January 1953?,Sydney Chapman,1953-01,University of Oxford
Which team did Naim Kryeziu play for right before January 1947?,Naim Kryeziu,1947-01,A.S. Roma
Which team did Naim Kryeziu play for right before January 1953?,Naim Kryeziu,1953-01,S.S.C. Napoli
Who was the chair of Security Service of Ukraine right before November 1991?,Security Service of Ukraine,1991-11,Nikolai Golushko
Who was the chair of Security Service of Ukraine right before July 1994?,Security Service of Ukraine,1994-07,Yevhen Marchuk
Who was the chair of Security Service of Ukraine right before July 1995?,Security Service of Ukraine,1995-07,Wałerij Malikow
Who was the chair of Security Service of Ukraine right before April 1998?,Security Service of Ukraine,1998-04,Volodymyr Radchenko
Who was the chair of Security Service of Ukraine right before September 2003?,Security Service of Ukraine,2003-09,Leonid Derkach
Who was the chair of Security Service of Ukraine right before February 2005?,Security Service of Ukraine,2005-02,Ihor Smeshko
Who was the chair of Security Service of Ukraine right before September 2005?,Security Service of Ukraine,2005-09,Oleksandr Turchynov
Who was the chair of Security Service of Ukraine right before February 2012?,Security Service of Ukraine,2012-02,Valeriy Khoroshkovskyi
Who was the chair of Security Service of Ukraine right before August 2019?,Security Service of Ukraine,2019-08,Vasyl Hrytsak
Which team did Fernando Martín Carreras play for right before January 2002?,Fernando Martín Carreras,2002-01,Pego CF
Which team did Fernando Martín Carreras play for right before January 2008?,Fernando Martín Carreras,2008-01,Cultural y Deportiva Leonesa
Which team did Fernando Martín Carreras play for right before January 2012?,Fernando Martín Carreras,2012-01,CD Alcoyano
Which team did Fernando Martín Carreras play for right before January 2013?,Fernando Martín Carreras,2013-01,FC Cartagena
Which team did Fernando Martín Carreras play for right before January 2015?,Fernando Martín Carreras,2015-01,CF La Nucía
Where was Evelyn Gitau educated right before August 1997?,Evelyn Gitau,1997-08,Mayville State University
Where was Evelyn Gitau educated right before August 2003?,Evelyn Gitau,2003-08,Barry University
Who was the head of Hadsel right before January 2015?,Hadsel,2015-01,Kjell-Børge Freiberg
Who was the head of Hadsel right before January 2019?,Hadsel,2019-01,Siv Dagny Aasvik
"Which position did Sir Herbert Williams, 1st Baronet hold right before February 1932?","Sir Herbert Williams, 1st Baronet",1932-02,Member of the 34th Parliament of the United Kingdom
"Which position did Sir Herbert Williams, 1st Baronet hold right before November 1935?","Sir Herbert Williams, 1st Baronet",1935-11,Member of the 36th Parliament of the United Kingdom
"Which position did Sir Herbert Williams, 1st Baronet hold right before February 1950?","Sir Herbert Williams, 1st Baronet",1950-02,Member of the 37th Parliament of the United Kingdom
"Which position did Sir Herbert Williams, 1st Baronet hold right before October 1951?","Sir Herbert Williams, 1st Baronet",1951-10,Member of the 39th Parliament of the United Kingdom
Who was the chair of Young Socialists in the SPD right before December 2013?,Young Socialists in the SPD,2013-12,Sascha Vogt
Who was the head of Canada right before November 1873?,Canada,1873-11,John A. Macdonald
Who was the head of Canada right before October 1935?,Canada,1935-10,Alexander Mackenzie
Who was the head of Canada right before February 2006?,Canada,2006-02,William Lyon Mackenzie King
Where was Chris Hadfield educated right before January 1980?,Chris Hadfield,1980-01,Royal Roads University
Where was Chris Hadfield educated right before January 1990?,Chris Hadfield,1990-01,University of Waterloo
Which position did Saville Garner hold right before January 1962?,Saville Garner,1962-01,High Commissioner of the United Kingdom to Canada
Who was the head of state of Kosovo right before April 2011?,Kosovo,2011-04,Behgjet Pacolli
Who was the head of state of Kosovo right before April 2016?,Kosovo,2016-04,Atifete Jahjaga
Who was the head of state of Kosovo right before April 2021?,Kosovo,2021-04,Hashim Thaçi
Who was the head coach of the team Degerfors IF right before October 2008?,Degerfors IF,2008-10,Sven-Göran Eriksson
Which team did Robin de Kruijf play for right before January 2014?,Robin de Kruijf,2014-01,River Volley Piacenza
Which team did Miloslav Penner play for right before January 1996?,Miloslav Penner,1996-01,FC Slovácká Slavia Uherské Hradiště
Which team did Miloslav Penner play for right before January 1997?,Miloslav Penner,1997-01,MFK Karviná
Which team did Miloslav Penner play for right before January 2005?,Miloslav Penner,2005-01,SK Dynamo České Budějovice
Which team did Miloslav Penner play for right before January 2007?,Miloslav Penner,2007-01,1. FK Příbram
Which position did Giovanni Antonio Grassi hold right before January 1840?,Giovanni Antonio Grassi,1840-01,provincial superior
Who was the head of Region Zealand right before January 2014?,Region Zealand,2014-01,Steen Bach Nielsen
Which team did József Gelei play for right before January 1962?,József Gelei,1962-01,Vasas SC
Where was Albert Caquot educated right before October 1899?,Albert Caquot,1899-10,Collège-lycée Jacques-Decour
Which team did David Bory play for right before January 2004?,David Bory,2004-01,France national rugby union team
Which team did David Bory play for right before January 2005?,David Bory,2005-01,Castres Olympique
Which employer did Miklós Vető work for right before January 1979?,Miklós Vető,1979-01,Université Félix Houphouët-Boigny
Which employer did Miklós Vető work for right before January 1992?,Miklós Vető,1992-01,University of Rennes 2 – Upper Brittany
Which team did Mustafa Peštalić play for right before January 1982?,Mustafa Peštalić,1982-01,FK Lokomotiva Brčko
Which team did Mustafa Peštalić play for right before January 1992?,Mustafa Peštalić,1992-01,C.F. Estrela da Amadora
Which team did Mustafa Peštalić play for right before January 1994?,Mustafa Peštalić,1994-01,S.C. Campomaiorense
Which team did Mustafa Peštalić play for right before January 1997?,Mustafa Peštalić,1997-01,A.D. Camacha
Which team did Mick Morris play for right before January 1972?,Mick Morris,1972-01,Port Vale F.C.
Which political party did Masir Kujat belong to right before March 2019?,Masir Kujat,2019-03,Parti Rakyat Sarawak
Which position did George Jones hold right before October 1924?,George Jones,1924-10,Member of the 32nd Parliament of the United Kingdom
Which position did George Jones hold right before May 1929?,George Jones,1929-05,Member of the 34th Parliament of the United Kingdom
Which position did George Jones hold right before October 1931?,George Jones,1931-10,Member of the 35th Parliament of the United Kingdom
Who was the chair of Sweden Democrats right before March 1995?,Sweden Democrats,1995-03,Anders Klarström
Who was the chair of Sweden Democrats right before May 2005?,Sweden Democrats,2005-05,Mikael Jansson
Which employer did Sofie Carsten Nielsen work for right before January 2004?,Sofie Carsten Nielsen,2004-01,European Parliament
"Which position did Leonard Lyell, 1st Baron Lyell hold right before July 1886?","Leonard Lyell, 1st Baron Lyell",1886-07,Member of the 23rd Parliament of the United Kingdom
"Which position did Leonard Lyell, 1st Baron Lyell hold right before July 1892?","Leonard Lyell, 1st Baron Lyell",1892-07,Member of the 24th Parliament of the United Kingdom
Which political party did Rosemarie Hein belong to right before June 2007?,Rosemarie Hein,2007-06,The Left Party.PDS
Which employer did Hua Luogeng work for right before January 1946?,Hua Luogeng,1946-01,Yunnan University
Which employer did Hua Luogeng work for right before January 1948?,Hua Luogeng,1948-01,Institute for Advanced Study
Who was the head of Free Hanseatic City of Bremen right before May 1945?,Free Hanseatic City of Bremen,1945-05,Johannes Schroers
Who was the head of Free Hanseatic City of Bremen right before July 1965?,Free Hanseatic City of Bremen,1965-07,Wilhelm Kaisen
Who was the head of Free Hanseatic City of Bremen right before September 1985?,Free Hanseatic City of Bremen,1985-09,Hans Koschnick
Who was the head of Free Hanseatic City of Bremen right before July 1995?,Free Hanseatic City of Bremen,1995-07,Klaus Wedemeier
Who was the head of Free Hanseatic City of Bremen right before August 2019?,Free Hanseatic City of Bremen,2019-08,Carsten Sieling
Which team did Cyril Granon play for right before January 1992?,Cyril Granon,1992-01,AS Monaco FC
Which team did Cyril Granon play for right before January 1994?,Cyril Granon,1994-01,F.C. Lorient
Which team did Cyril Granon play for right before January 1997?,Cyril Granon,1997-01,FC Mulhouse
Which team did Cyril Granon play for right before January 2004?,Cyril Granon,2004-01,A.C. Ajaccio
Which employer did Laurent Schwartz work for right before January 1944?,Laurent Schwartz,1944-01,National Center for Scientific Research
Which employer did Laurent Schwartz work for right before January 1945?,Laurent Schwartz,1945-01,Grenoble Alpes University
Which employer did Laurent Schwartz work for right before January 1953?,Laurent Schwartz,1953-01,Université de Nancy
Which employer did Laurent Schwartz work for right before January 1959?,Laurent Schwartz,1959-01,University of Paris
Which political party did Billy Hughes belong to right before January 1931?,Billy Hughes,1931-01,Nationalist Party of Australia
Which team did Ian Gardiner play for right before January 1960?,Ian Gardiner,1960-01,East Fife F.C.
Which team did Ian Gardiner play for right before January 1962?,Ian Gardiner,1962-01,St Johnstone F.C.
"Which position did Sir John Arbuthnot, 1st Baronet hold right before October 1951?","Sir John Arbuthnot, 1st Baronet",1951-10,Member of the 39th Parliament of the United Kingdom
"Which position did Sir John Arbuthnot, 1st Baronet hold right before October 1959?","Sir John Arbuthnot, 1st Baronet",1959-10,Member of the 41st Parliament of the United Kingdom
"Which position did John Colville, 1st Baron Clydesmuir hold right before November 1935?","John Colville, 1st Baron Clydesmuir",1935-11,Member of the 36th Parliament of the United Kingdom
"Which position did John Colville, 1st Baron Clydesmuir hold right before May 1938?","John Colville, 1st Baron Clydesmuir",1938-05,Financial Secretary to the Treasury
Which position did Stanley McMaster hold right before October 1964?,Stanley McMaster,1964-10,Member of the 42nd Parliament of the United Kingdom
Which team did Daniel Novac play for right before August 2018?,Daniel Novac,2018-08,FC Voluntari
Which team did Daniel Novac play for right before July 2020?,Daniel Novac,2020-07,AFC Chindia Târgoviște
Which position did Dietmar Keller hold right before March 1990?,Dietmar Keller,1990-03,minister
Which position did Dietmar Keller hold right before December 1990?,Dietmar Keller,1990-12,member of the Volkskammer
Which employer did Philipp August Böckh work for right before January 1807?,Philipp August Böckh,1807-01,Evangelisches Gymnasium zum Grauen Kloster
Which employer did Dirk Helbing work for right before January 2000?,Dirk Helbing,2000-01,University of Stuttgart
Which employer did Dirk Helbing work for right before January 2007?,Dirk Helbing,2007-01,TU Dresden
Which team did Mikaël Cantave play for right before August 2016?,Mikaël Cantave,2016-08,Club Deportivo Guadalajara
Which team did Mikaël Cantave play for right before July 2017?,Mikaël Cantave,2017-07,Albacete Balompié B
Which team did Mikaël Cantave play for right before July 2019?,Mikaël Cantave,2019-07,CD Tropezón
Which team did Mikaël Cantave play for right before September 2020?,Mikaël Cantave,2020-09,CD Lealtad
Which team did Mikaël Cantave play for right before August 2021?,Mikaël Cantave,2021-08,CD Villarrobledo
Which team did Alyaksey Belavusaw play for right before January 1998?,Alyaksey Belavusaw,1998-01,FC Dinamo-Juni Minsk
Which team did Alyaksey Belavusaw play for right before January 2002?,Alyaksey Belavusaw,2002-01,FC Dinamo Minsk
Which team did Alyaksey Belavusaw play for right before January 2006?,Alyaksey Belavusaw,2006-01,FC Shakhtyor Salihorsk
Which employer did Franz Baader work for right before January 1989?,Franz Baader,1989-01,University of Erlangen-Nuremberg
Which employer did Franz Baader work for right before January 1993?,Franz Baader,1993-01,German Research Center for Artificial Intelligence
Which employer did Franz Baader work for right before January 2002?,Franz Baader,2002-01,RWTH Aachen University
"Which position did Sir Love Jones-Parry, 1st Baronet hold right before November 1885?","Sir Love Jones-Parry, 1st Baronet",1885-11,Member of the 22nd Parliament of the United Kingdom
Which position did Edward Stanley hold right before July 1886?,Edward Stanley,1886-07,Member of the 23rd Parliament of the United Kingdom
Which position did Edward Stanley hold right before July 1895?,Edward Stanley,1895-07,Member of the 25th Parliament of the United Kingdom
Which position did Edward Stanley hold right before October 1900?,Edward Stanley,1900-10,Member of the 26th Parliament of the United Kingdom
Who was the head of Sant Fost de Campsentelles right before June 2019?,Sant Fost de Campsentelles,2019-06,Montserrat Sanmarti Pratginestós
Who was the head of Sant Fost de Campsentelles right before September 2019?,Sant Fost de Campsentelles,2019-09,Maria José Sánchez i Ortega
Who was the head of Annemasse right before June 1997?,Annemasse,1997-06,Jean Deffaugt
Who was the head of Annemasse right before June 2015?,Annemasse,2015-06,Robert Borrel
Which team did Manuel Hartmann play for right before January 2005?,Manuel Hartmann,2005-01,SGV Freiberg
Which team did Manuel Hartmann play for right before January 2010?,Manuel Hartmann,2010-01,TuS Koblenz
Which team did Steve Jones play for right before January 1996?,Steve Jones,1996-01,Blackpool F.C.
Which team did Steve Jones play for right before January 1997?,Steve Jones,1997-01,Bury F.C.
Which team did Steve Jones play for right before January 1999?,Steve Jones,1999-01,Sligo Rovers F.C.
Which team did Steve Jones play for right before January 2013?,Steve Jones,2013-01,AFC Telford United
Which team did Onur Kıvrak play for right before January 2006?,Onur Kıvrak,2006-01,Turkey national under-18 football team
Which team did Onur Kıvrak play for right before January 2007?,Onur Kıvrak,2007-01,Turkey national under-19 football team
Who was the head coach of the team TSG 1899 Hoffenheim right before June 2020?,TSG 1899 Hoffenheim,2020-06,Alfred Schreuder
Who was the head coach of the team TSG 1899 Hoffenheim right before July 2020?,TSG 1899 Hoffenheim,2020-07,Matthias Kaltenbach
Which employer did David Gilbarg work for right before January 1945?,David Gilbarg,1945-01,Naval Ordnance Laboratory
Which team did Quintin Mikell play for right before January 2011?,Quintin Mikell,2011-01,Philadelphia Eagles
Which team did Quintin Mikell play for right before January 2013?,Quintin Mikell,2013-01,Los Angeles Rams
Which employer did Leonid Kantorovich work for right before January 1961?,Leonid Kantorovich,1961-01,Military Engineering-Technical University
Which position did Michael Shersby hold right before October 1974?,Michael Shersby,1974-10,Member of the 46th Parliament of the United Kingdom
Which position did Michael Shersby hold right before May 1979?,Michael Shersby,1979-05,Member of the 47th Parliament of the United Kingdom
Which position did Michael Shersby hold right before May 1997?,Michael Shersby,1997-05,Member of the 51st Parliament of the United Kingdom
Which position did Donald Stewart hold right before February 1974?,Donald Stewart,1974-02,Member of the 45th Parliament of the United Kingdom
Which position did Donald Stewart hold right before October 1974?,Donald Stewart,1974-10,Member of the 46th Parliament of the United Kingdom
Which position did Donald Stewart hold right before May 1979?,Donald Stewart,1979-05,Member of the 47th Parliament of the United Kingdom
Which position did Donald Stewart hold right before June 1983?,Donald Stewart,1983-06,Member of the 48th Parliament of the United Kingdom
Which employer did Sabine Hyland work for right before January 1997?,Sabine Hyland,1997-01,Conception Seminary College
Which employer did Sabine Hyland work for right before January 2012?,Sabine Hyland,2012-01,Columbus State University
Who was the head coach of the team CSM Reșița right before June 2020?,CSM Reșița,2020-06,Dorinel Munteanu
Who was the head coach of the team CSM Reșița right before November 2020?,CSM Reșița,2020-11,Alexandru Pelici
Who was the head coach of the team Olympique Lyonnais right before May 2019?,Olympique Lyonnais,2019-05,Bruno Génésio
Who was the head coach of the team Olympique Lyonnais right before October 2019?,Olympique Lyonnais,2019-10,Sylvinho
Who was the head coach of the team Olympique Lyonnais right before October 2022?,Olympique Lyonnais,2022-10,Peter Bosz
Which position did Abukari Sumani hold right before January 2009?,Abukari Sumani,2009-01,Member of the 4th Parliament of the 4th Republic of Ghana
Which team did Mauricio Alfaro play for right before January 1983?,Mauricio Alfaro,1983-01,Alianza Fútbol Club
Which employer did Arnold Mallis work for right before January 1945?,Arnold Mallis,1945-01,University of Delaware
Which employer did Kevin Anderson work for right before January 2002?,Kevin Anderson,2002-01,"University of California, Berkeley"
Which employer did Kevin Anderson work for right before January 2010?,Kevin Anderson,2010-01,United States Military Academy
Who was the chair of Johns Hopkins University right before September 1901?,Johns Hopkins University,1901-09,Daniel Coit Gilman
Who was the chair of Johns Hopkins University right before July 1929?,Johns Hopkins University,1929-07,Frank Johnson Goodnow
Who was the chair of Johns Hopkins University right before July 1935?,Johns Hopkins University,1935-07,Joseph Sweetman Ames
Who was the chair of Johns Hopkins University right before January 1949?,Johns Hopkins University,1949-01,Isaiah Bowman
Who was the chair of Johns Hopkins University right before July 1956?,Johns Hopkins University,1956-07,Lowell Reed
Who was the chair of Johns Hopkins University right before July 1967?,Johns Hopkins University,1967-07,Milton Stover Eisenhower
Who was the chair of Johns Hopkins University right before June 1990?,Johns Hopkins University,1990-06,Steven Muller
Who was the chair of Johns Hopkins University right before June 1995?,Johns Hopkins University,1995-06,William C. Richardson
Who was the chair of Johns Hopkins University right before August 1996?,Johns Hopkins University,1996-08,Daniel Nathans
Which position did Ilir Meta hold right before September 2009?,Ilir Meta,2009-09,Prime Minister of Albania
Which position did Ilir Meta hold right before July 2017?,Ilir Meta,2017-07,Speaker of the Parliament of Albania
Which team did José Eloy Jiménez Moreno play for right before January 1996?,José Eloy Jiménez Moreno,1996-01,Levante UD
Which team did José Eloy Jiménez Moreno play for right before January 2003?,José Eloy Jiménez Moreno,2003-01,Córdoba CF
Which team did José Eloy Jiménez Moreno play for right before January 2005?,José Eloy Jiménez Moreno,2005-01,CD Castellón
Which team did Domenico Maggiora play for right before January 1974?,Domenico Maggiora,1974-01,Juventus FC
Which team did Domenico Maggiora play for right before January 1984?,Domenico Maggiora,1984-01,Cagliari Calcio
Who was the head of state of German Democratic Republic right before October 1973?,German Democratic Republic,1973-10,Walter Ulbricht
Who was the head of state of German Democratic Republic right before October 1976?,German Democratic Republic,1976-10,Willi Stoph
Who was the head of state of German Democratic Republic right before April 1990?,German Democratic Republic,1990-04,Manfred Gerlach
Which employer did Maximilian Herzberger work for right before January 1965?,Maximilian Herzberger,1965-01,Eastman Kodak
Which employer did Maximilian Herzberger work for right before January 1968?,Maximilian Herzberger,1968-01,ETH Zürich
Which position did Bonar Law hold right before May 1906?,Bonar Law,1906-05,Member of the 27th Parliament of the United Kingdom
Which position did Bonar Law hold right before January 1910?,Bonar Law,1910-01,Member of the 28th Parliament of the United Kingdom
Which position did Bonar Law hold right before December 1916?,Bonar Law,1916-12,Leader of the Opposition
Which employer did James Rodger Fleming work for right before January 1982?,James Rodger Fleming,1982-01,University of Washington
Which employer did James Rodger Fleming work for right before January 1986?,James Rodger Fleming,1986-01,Princeton University
Which position did Jackie Baillie hold right before May 2003?,Jackie Baillie,2003-05,Minister for Social Justice
Which position did Jackie Baillie hold right before May 2007?,Jackie Baillie,2007-05,Member of the 2nd Scottish Parliament
Which position did Jackie Baillie hold right before May 2016?,Jackie Baillie,2016-05,Leader of the Opposition (Scotland)
Which position did Jackie Baillie hold right before May 2021?,Jackie Baillie,2021-05,Member of the 5th Scottish Parliament
Which team did Martin Stankev play for right before January 2011?,Martin Stankev,2011-01,FC Vihren Sandanski
Which team did Martin Stankev play for right before January 2013?,Martin Stankev,2013-01,FC Etar 1924 Veliko Tarnovo
Which team did Martin Stankev play for right before January 2015?,Martin Stankev,2015-01,FC Bansko
Which team did Brayan Perea play for right before January 2013?,Brayan Perea,2013-01,Deportivo Cali
Who was the head coach of the team Club Brugge K.V. right before January 2017?,Club Brugge K.V.,2017-01,Michel Preud'homme
Who was the head coach of the team Club Brugge K.V. right before May 2022?,Club Brugge K.V.,2022-05,Alfred Schreuder
Which position did Vito Lattanzio hold right before September 1977?,Vito Lattanzio,1977-09,Italian Minister of Defence
Who was the chair of Liga Veneta Repubblica right before January 1999?,Liga Veneta Repubblica,1999-01,Mariangelo Foggiato
Who was the chair of Liga Veneta Repubblica right before January 2000?,Liga Veneta Repubblica,2000-01,Donato Manfroi
Who was the chair of Liga Veneta Repubblica right before January 2009?,Liga Veneta Repubblica,2009-01,Alessio Morosin
Which position did Jan Kappeyne van de Coppello hold right before May 1888?,Jan Kappeyne van de Coppello,1888-05,Minister of the Interior and Kingdom Relations
Which employer did Mitchell Feigenbaum work for right before January 1972?,Mitchell Feigenbaum,1972-01,Cornell University
Which employer did Mitchell Feigenbaum work for right before January 1987?,Mitchell Feigenbaum,1987-01,Virginia Tech
Where was Lam Yi Young educated right before January 1991?,Lam Yi Young,1991-01,Victoria Junior College
Where was Lam Yi Young educated right before January 2004?,Lam Yi Young,2004-01,University of Cambridge
Where was Caroline Aigle educated right before January 1992?,Caroline Aigle,1992-01,Lycée militaire de Saint-Cyr
Where was Caroline Aigle educated right before January 1994?,Caroline Aigle,1994-01,Prytanée National Militaire
Where was Caroline Aigle educated right before January 1997?,Caroline Aigle,1997-01,École polytechnique
Who was the head of People's Republic of China right before February 1976?,People's Republic of China,1976-02,Zhou Enlai
Who was the head of People's Republic of China right before March 2013?,People's Republic of China,2013-03,Wen Jiabao
Who was the head of Stevns Municipality right before January 2014?,Stevns Municipality,2014-01,Poul Arne Nielsen
Which employer did Michael H. Jameson work for right before January 1976?,Michael H. Jameson,1976-01,University of Pennsylvania
Which position did Stavros Kostopoulos hold right before January 1947?,Stavros Kostopoulos,1947-01,Member of the Hellenic Parliament
Which position did Stavros Kostopoulos hold right before March 1950?,Stavros Kostopoulos,1950-03,Minister of Supplies
Which position did Stavros Kostopoulos hold right before September 1950?,Stavros Kostopoulos,1950-09,Minister without portfolio of Greece
Which position did Stavros Kostopoulos hold right before February 1964?,Stavros Kostopoulos,1964-02,Greek Minister of the Interior
Which position did Stavros Kostopoulos hold right before August 1965?,Stavros Kostopoulos,1965-08,Minister for Foreign Affairs of Greece
Where was Stefan Bergman educated right before January 1915?,Stefan Bergman,1915-01,University of Wrocław
Where was Stefan Bergman educated right before January 1921?,Stefan Bergman,1921-01,University of Vienna
Which employer did Michael Purugganan work for right before January 1995?,Michael Purugganan,1995-01,"University of California, San Diego"
Which employer did Michael Purugganan work for right before January 2006?,Michael Purugganan,2006-01,North Carolina State University
Which team did Aimé Lavie play for right before January 2005?,Aimé Lavie,2005-01,FC Sochaux-Montbéliard
Who was the chair of Fédération Internationale de l'Automobile right before January 1931?,Fédération Internationale de l'Automobile,1931-01,Étienne van Zuylen van Nyevelt
Who was the chair of Fédération Internationale de l'Automobile right before January 1936?,Fédération Internationale de l'Automobile,1936-01,Robert de Vogüé
Who was the chair of Fédération Internationale de l'Automobile right before January 1958?,Fédération Internationale de l'Automobile,1958-01,Jehan de Rohan-Chabot
Who was the chair of Fédération Internationale de l'Automobile right before January 1975?,Fédération Internationale de l'Automobile,1975-01,Amaury de Mérode
Who was the chair of Fédération Internationale de l'Automobile right before January 1993?,Fédération Internationale de l'Automobile,1993-01,Jean-Marie Balestre
Who was the chair of Fédération Internationale de l'Automobile right before December 2021?,Fédération Internationale de l'Automobile,2021-12,Jean Todt
Who was the chair of Synaspismós right before January 2008?,Synaspismós,2008-01,Alekos Alavanos
Who was the chair of American Alliance of Museums right before January 1908?,American Alliance of Museums,1908-01,Hermon Carey Bumpus
Who was the chair of American Alliance of Museums right before June 2015?,American Alliance of Museums,2015-06,William Jacob Holland
Which team did Dimcho Markov play for right before January 1995?,Dimcho Markov,1995-01,FC Lokomotiv Gorna Oryahovitsa
Which team did Dimcho Markov play for right before January 1997?,Dimcho Markov,1997-01,PFC Levski Sofia
Which employer did Lee Anna Clark work for right before January 1993?,Lee Anna Clark,1993-01,Southern Methodist University
Which employer did Lee Anna Clark work for right before January 2010?,Lee Anna Clark,2010-01,University of Iowa
Which position did Mike Hedges hold right before May 2021?,Mike Hedges,2021-05,Member of the 5th National Assembly for Wales
Which position did George Higginson Allsopp hold right before July 1892?,George Higginson Allsopp,1892-07,Member of the 24th Parliament of the United Kingdom
Which position did George Higginson Allsopp hold right before July 1895?,George Higginson Allsopp,1895-07,Member of the 25th Parliament of the United Kingdom
Which employer did Manuel García Velarde work for right before January 1965?,Manuel García Velarde,1965-01,Superior Technical School of Architecture of Madrid
Which team did Geoffrey Doumeng play for right before January 1996?,Geoffrey Doumeng,1996-01,France national under-16 football team
Which team did Geoffrey Doumeng play for right before January 2000?,Geoffrey Doumeng,2000-01,France national under-17 football team
Which team did Geoffrey Doumeng play for right before January 2004?,Geoffrey Doumeng,2004-01,Montpellier Hérault Sport Club
Who was the chair of PEN International right before January 1941?,PEN International,1941-01,Jules Romains
Who was the chair of PEN International right before January 1976?,PEN International,1976-01,Heinrich Böll
Who was the chair of PEN International right before January 1984?,PEN International,1984-01,Mario Vargas Llosa
Who was the chair of PEN International right before January 1990?,PEN International,1990-01,Iván Boldizsár
Who was the chair of PEN International right before January 2003?,PEN International,2003-01,Homero Aridjis
Who was the chair of PEN International right before January 2009?,PEN International,2009-01,Jiří Gruša
Who was the chair of PEN International right before January 2015?,PEN International,2015-01,John R. Saul
Which position did Peter Atkinson hold right before May 1997?,Peter Atkinson,1997-05,Member of the 51st Parliament of the United Kingdom
Which position did Peter Atkinson hold right before June 2001?,Peter Atkinson,2001-06,Member of the 52nd Parliament of the United Kingdom
Which position did Peter Atkinson hold right before May 2005?,Peter Atkinson,2005-05,Member of the 53rd Parliament of the United Kingdom
Which team did Birger Madsen play for right before January 2006?,Birger Madsen,2006-01,Skeid Fotball
Which team did Birger Madsen play for right before January 2010?,Birger Madsen,2010-01,Vålerenga Fotball
Which position did V. D. Satheesan hold right before May 2021?,V. D. Satheesan,2021-05,Member of the 14th Kerala Legislative Assembly
Who was the head coach of the team Bristol Rovers F.C. right before March 2014?,Bristol Rovers F.C.,2014-03,John Ward
Who was the head coach of the team Bristol Rovers F.C. right before January 2019?,Bristol Rovers F.C.,2019-01,Darrell Clarke
Who was the head coach of the team Bristol Rovers F.C. right before November 2020?,Bristol Rovers F.C.,2020-11,Graham Coughlan
Which team did Valdet Rama play for right before January 2008?,Valdet Rama,2008-01,VfL Wolfsburg
Which team did Valdet Rama play for right before January 2009?,Valdet Rama,2009-01,FC Ingolstadt 04
Which team did Valdet Rama play for right before January 2011?,Valdet Rama,2011-01,Hannover 96
Who was the head of Arnhem right before July 1969?,Arnhem,1969-07,Chris Matser
Who was the head of Arnhem right before September 2001?,Arnhem,2001-09,Job Drijber
Who was the head of Arnhem right before September 2017?,Arnhem,2017-09,Boele Staal
Which position did Chester Bowles hold right before July 1963?,Chester Bowles,1963-07,United States representative
Which position did Charles Owen O'Conor hold right before July 1865?,Charles Owen O'Conor,1865-07,Member of the 18th Parliament of the United Kingdom
Which position did Charles Owen O'Conor hold right before January 1874?,Charles Owen O'Conor,1874-01,Member of the 20th Parliament of the United Kingdom
Which employer did Aarne Üksküla work for right before January 1988?,Aarne Üksküla,1988-01,Endla Theatre
Which position did Anne-Marie Descôtes hold right before June 2017?,Anne-Marie Descôtes,2017-06,director
Which position did Anne-Marie Descôtes hold right before August 2022?,Anne-Marie Descôtes,2022-08,ambassador of France to Germany
Which employer did John Pople work for right before January 1958?,John Pople,1958-01,University of Cambridge
Which employer did John Pople work for right before January 1964?,John Pople,1964-01,National Physical Laboratory
Where was William Michael Herbert Greaves educated right before January 1915?,William Michael Herbert Greaves,1915-01,The Lodge School
"Who was the chair of Paris Observatory, PSL University right before January 1712?","Paris Observatory, PSL University",1712-01,Giovanni Domenico Cassini
Which team did Dave Connell play for right before January 1985?,Dave Connell,1985-01,Bohemian F.C.
Which team did Dave Connell play for right before January 1989?,Dave Connell,1989-01,Dundalk F.C.
Which team did Dave Connell play for right before January 1992?,Dave Connell,1992-01,Shamrock Rovers F.C
Where was Earle Raymond Hedrick educated right before January 1897?,Earle Raymond Hedrick,1897-01,University of Michigan
Where was Earle Raymond Hedrick educated right before January 1899?,Earle Raymond Hedrick,1899-01,Harvard University
Which team did Jack Mustard play for right before January 1932?,Jack Mustard,1932-01,South Shields F.C.
Which team did Jack Mustard play for right before January 1934?,Jack Mustard,1934-01,Southend United F.C.
Which team did Willy Scheepers play for right before January 1983?,Willy Scheepers,1983-01,Lommel United
Which team did Willy Scheepers play for right before January 1989?,Willy Scheepers,1989-01,Odense Boldklub
"Which position did John Hutton, Baron Hutton of Furness hold right before June 2001?","John Hutton, Baron Hutton of Furness",2001-06,Member of the 52nd Parliament of the United Kingdom
"Which position did John Hutton, Baron Hutton of Furness hold right before June 2007?","John Hutton, Baron Hutton of Furness",2007-06,Chancellor of the Duchy of Lancaster
Which political party did Marcel Ciolacu belong to right before January 1993?,Marcel Ciolacu,1993-01,Democratic National Salvation Front
Which team did Gary Stevens play for right before January 1982?,Gary Stevens,1982-01,Cardiff City F.C.
Which team did Gary Stevens play for right before January 1986?,Gary Stevens,1986-01,Shrewsbury Town F.C.
Which team did Gary Stevens play for right before January 1987?,Gary Stevens,1987-01,Brentford F.C.
Which team did Gary Stevens play for right before January 1999?,Gary Stevens,1999-01,Hereford United F.C.
Which position did Daniel O'Connell hold right before July 1830?,Daniel O'Connell,1830-07,Member of the 8th Parliament of the United Kingdom
Which position did Daniel O'Connell hold right before April 1831?,Daniel O'Connell,1831-04,Member of the 9th Parliament of the United Kingdom
Which position did Daniel O'Connell hold right before December 1832?,Daniel O'Connell,1832-12,Member of the 10th Parliament of the United Kingdom
Which position did Daniel O'Connell hold right before July 1837?,Daniel O'Connell,1837-07,Member of the 12th Parliament of the United Kingdom
Which team did Federico Freire play for right before January 2013?,Federico Freire,2013-01,C.A. Vélez Sarsfield
Which team did Federico Freire play for right before January 2014?,Federico Freire,2014-01,Calcio Catania
Who was the head coach of the team Toulouse FC right before June 2018?,Toulouse FC,2018-06,Mickaël Debève
Who was the head coach of the team Toulouse FC right before June 2020?,Toulouse FC,2020-06,Denis Zanko
Who was the head coach of the team Toulouse FC right before June 2021?,Toulouse FC,2021-06,Patrice Garande
Where was Rocc educated right before January 2003?,Rocc,2003-01,Faculty of Music of the Janáček Academy of Music and Performing Arts in Brno
Where was Rocc educated right before January 2005?,Rocc,2005-01,Zurich University of the Arts
Which position did Gordon Wilson hold right before October 1974?,Gordon Wilson,1974-10,Member of the 46th Parliament of the United Kingdom
Which position did Gordon Wilson hold right before May 1979?,Gordon Wilson,1979-05,Member of the 47th Parliament of the United Kingdom
Which position did Walter Clegg hold right before June 1970?,Walter Clegg,1970-06,Member of the 44th Parliament of the United Kingdom
Which employer did Peter Corke work for right before January 1984?,Peter Corke,1984-01,University of Melbourne
Which employer did Peter Corke work for right before January 2010?,Peter Corke,2010-01,Commonwealth Scientific and Industrial Research Organisation
Where was Bill Clinton educated right before January 1968?,Bill Clinton,1968-01,Edmund A. Walsh School of Foreign Service
Who was the chair of United States Department of State right before January 1961?,United States Department of State,1961-01,Thomas Jefferson
Who was the chair of United States Department of State right before January 1969?,United States Department of State,1969-01,Dean Rusk
Who was the chair of United States Department of State right before September 1973?,United States Department of State,1973-09,William P. Rogers
Who was the chair of United States Department of State right before January 1977?,United States Department of State,1977-01,Henry Kissinger
Who was the chair of United States Department of State right before January 1981?,United States Department of State,1981-01,Edmund Muskie
Who was the chair of United States Department of State right before July 1982?,United States Department of State,1982-07,Alexander Haig
Who was the chair of United States Department of State right before January 1989?,United States Department of State,1989-01,George P. Shultz
Who was the chair of United States Department of State right before December 1992?,United States Department of State,1992-12,James Baker
Who was the chair of United States Department of State right before January 1993?,United States Department of State,1993-01,Lawrence Eagleburger
Who was the chair of United States Department of State right before January 1997?,Madeleine Albright,1997-01,Warren Christopher
Who was the chair of United States Department of State right before January 2001?,United States Department of State,2001-01,Madeleine Albright
Who was the chair of United States Department of State right before January 2005?,United States Department of State,2005-01,Colin Powell
Who was the chair of United States Department of State right before January 2009?,United States Department of State,2009-01,Condoleezza Rice
Who was the chair of United States Department of State right before February 2013?,United States Department of State,2013-02,Hillary Clinton
Who was the chair of United States Department of State right before April 2018?,United States Department of State,2018-04,Rex Tillerson
Which employer did Leroy Cronin work for right before January 2000?,Leroy Cronin,2000-01,Bielefeld University
Which employer did Leroy Cronin work for right before January 2002?,Leroy Cronin,2002-01,University of Birmingham
Which position did William Plumer hold right before March 1768?,William Plumer,1768-03,Member of the 12th Parliament of Great Britain
Which position did William Plumer hold right before October 1774?,William Plumer,1774-10,Member of the 13th Parliament of Great Britain
Which position did William Plumer hold right before September 1780?,William Plumer,1780-09,Member of the 14th Parliament of Great Britain
Which position did William Plumer hold right before March 1784?,William Plumer,1784-03,Member of the 15th Parliament of Great Britain
Which position did William Plumer hold right before June 1790?,William Plumer,1790-06,Member of the 16th Parliament of Great Britain
Which position did William Plumer hold right before July 1802?,William Plumer,1802-07,Member of the 1st Parliament of the United Kingdom
Which position did William Plumer hold right before October 1806?,William Plumer,1806-10,Member of the 2nd Parliament of the United Kingdom
Which position did William Plumer hold right before October 1812?,William Plumer,1812-10,Member of the 3rd Parliament of the United Kingdom
Which position did William Plumer hold right before June 1818?,William Plumer,1818-06,Member of the 5th Parliament of the United Kingdom
Which position did William Plumer hold right before March 1820?,William Plumer,1820-03,Member of the 6th Parliament of the United Kingdom
Which team did Noah Syndergaard play for right before April 2014?,Noah Syndergaard,2014-04,Binghamton Rumble Ponies
Who was the head coach of the team NK Rudeš right before December 2018?,NK Rudeš,2018-12,Ivan Matić
Which employer did Vilhelm Bjerknes work for right before January 1907?,Vilhelm Bjerknes,1907-01,Stockholm University
Which employer did Vilhelm Bjerknes work for right before January 1912?,Vilhelm Bjerknes,1912-01,University of Oslo
Which position did Denis McDonough hold right before February 2021?,Denis McDonough,2021-02,White House Chief of Staff
"Which position did Sir Horace Rumbold, 9th Baronet hold right before January 1919?","Sir Horace Rumbold, 9th Baronet",1919-01,ambassador of the United Kingdom to Switzerland
Which team did Mohamed El Monir play for right before January 2017?,Mohamed El Monir,2017-01,FC Dinamo Minsk
Who was the chair of Academy of Arts of the GDR right before January 1953?,Academy of Arts of the GDR,1953-01,Arnold Zweig
Who was the chair of Academy of Arts of the GDR right before January 1962?,Academy of Arts of the GDR,1962-01,Otto Nagel
Who was the chair of Academy of Arts of the GDR right before January 1990?,Academy of Arts of the GDR,1990-01,Manfred Wekwerth
Who was the head coach of the team Legia Warsaw right before March 1936?,Legia Warsaw,1936-03,Stanisław Mielech
Who was the head coach of the team Legia Warsaw right before July 1965?,Legia Warsaw,1965-07,Stjepan Bobek
Who was the head coach of the team Legia Warsaw right before July 1985?,Legia Warsaw,1985-07,Kazimierz Górski
Who was the head coach of the team Legia Warsaw right before July 1989?,Legia Warsaw,1989-07,Andrzej Strejlau
Who was the head coach of the team Legia Warsaw right before August 1991?,Legia Warsaw,1991-08,Rudolf Kapera
Who was the head coach of the team Legia Warsaw right before January 1994?,Legia Warsaw,1994-01,Janusz Wójcik
Who was the head coach of the team Legia Warsaw right before April 1998?,Legia Warsaw,1998-04,Władysław Stachurski
Who was the head coach of the team Legia Warsaw right before June 1999?,Legia Warsaw,1999-06,Jerzy Kopa
Who was the head coach of the team Legia Warsaw right before March 2001?,Legia Warsaw,2001-03,Franciszek Smuda
Who was the head coach of the team Legia Warsaw right before September 2005?,Legia Warsaw,2005-09,Krzysztof Gawara
Who was the head coach of the team Legia Warsaw right before April 2007?,Legia Warsaw,2007-04,Dariusz Wdowczyk
Who was the head coach of the team Legia Warsaw right before March 2010?,Legia Warsaw,2010-03,Jan Urban
Who was the head coach of the team Legia Warsaw right before December 2013?,Legia Warsaw,2013-12,Maciej Skorża
Who was the head coach of the team Legia Warsaw right before October 2015?,Legia Warsaw,2015-10,Henning Berg
Who was the head coach of the team Legia Warsaw right before September 2016?,Legia Warsaw,2016-09,Besnik Hasi
Who was the head coach of the team Legia Warsaw right before April 2018?,Legia Warsaw,2018-04,Romeo Jozak
Who was the head coach of the team Legia Warsaw right before September 2020?,Legia Warsaw,2020-09,Ricardo Sá Pinto
Who was the head coach of the team Legia Warsaw right before December 2021?,Legia Warsaw,2021-12,Czesław Michniewicz
Who was the head coach of the team Legia Warsaw right before May 2022?,Legia Warsaw,2022-05,Aleksandar Vuković
Which team did Jukka Sauso play for right before January 2007?,Jukka Sauso,2007-01,Finland national football team
Which team did Juan Fernando Quintero play for right before January 2011?,Juan Fernando Quintero,2011-01,Envigado Fútbol Club
Which team did Juan Fernando Quintero play for right before January 2012?,Juan Fernando Quintero,2012-01,Orsomarso S.C.
Which team did Cem Can play for right before January 2007?,Cem Can,2007-01,Sivasspor
Which team did Cem Can play for right before January 2013?,Cem Can,2013-01,Gençlerbirliği S.K.
Which team did Cem Can play for right before January 2015?,Cem Can,2015-01,Kayseri Erciyesspor
Which position did James Brokenshire hold right before May 2010?,James Brokenshire,2010-05,Member of the 54th Parliament of the United Kingdom
Which position did James Brokenshire hold right before May 2015?,James Brokenshire,2015-05,Member of the 55th Parliament of the United Kingdom
Which position did James Brokenshire hold right before December 2019?,James Brokenshire,2019-12,"Secretary of State for Housing, Communities and Local Government"
Which employer did Harrison B. Tordoff work for right before January 1970?,Harrison B. Tordoff,1970-01,University of Michigan
"Which position did James Prior, Baron Prior hold right before March 1966?","James Prior, Baron Prior",1966-03,Member of the 43rd Parliament of the United Kingdom
"Which position did James Prior, Baron Prior hold right before June 1970?","James Prior, Baron Prior",1970-06,Member of the 44th Parliament of the United Kingdom
"Which position did James Prior, Baron Prior hold right before November 1972?","James Prior, Baron Prior",1972-11,"Minister of Agriculture, Fisheries and Food"
"Which position did James Prior, Baron Prior hold right before October 1974?","James Prior, Baron Prior",1974-10,Shadow Home Secretary
"Which position did James Prior, Baron Prior hold right before September 1981?","James Prior, Baron Prior",1981-09,Secretary of State for Employment
Which employer did Frank Peters Jr. work for right before January 1962?,Frank Peters Jr.,1962-01,Springfield News-Leader
Which employer did Frank Peters Jr. work for right before January 1964?,Frank Peters Jr.,1964-01,Rome Daily American
Who was the chair of Catalan Unity right before January 2001?,Catalan Unity,2001-01,Llorenç Planes
Who was the chair of Catalan Unity right before January 2013?,Catalan Unity,2013-01,Jaume Roure
Where was Val Ackerman educated right before January 1977?,Val Ackerman,1977-01,Hopewell Valley Central High School
Which employer did Simone Young work for right before January 2004?,Simone Young,2004-01,Opera Australia
Which employer did Simone Young work for right before January 2022?,Simone Young,2022-01,Hochschule für Musik und Theater Hamburg
Which employer did Richard Dawkins work for right before January 1970?,Richard Dawkins,1970-01,"University of California, Berkeley"
Which employer did Richard Dawkins work for right before January 2011?,Richard Dawkins,2011-01,University of Oxford
Who was the head of Úbeda right before May 1970?,Úbeda,1970-05,Guillermo Rojas Galey
Who was the head of Úbeda right before May 1983?,Úbeda,1983-05,Manuel Fernández Peña
Who was the head of Úbeda right before June 1999?,Úbeda,1999-06,Juan José Pérez Padilla
Who was the head of Úbeda right before June 2015?,Úbeda,2015-06,José Robles Valenzuela
Which team did Matt Caution play for right before January 2001?,Matt Caution,2001-01,Buffalo Blizzard
Which team did Matt Caution play for right before January 2003?,Matt Caution,2003-01,Cleveland Crunch
Which team did Matt Caution play for right before January 2005?,Matt Caution,2005-01,St. Louis Steamers
Who was the head of Addis Ababa right before July 2018?,Addis Ababa,2018-07,Diriba Kuma
Who was the head of Addis Ababa right before September 2021?,Addis Ababa,2021-09,Takele Uma Benti
Who was the head coach of the team FC Urartu right before August 2018?,FC Urartu,2018-08,Arthur Voskanyan
Who was the head coach of the team FC Urartu right before November 2019?,FC Urartu,2019-11,Ilshat Faizulin
Who was the head coach of the team FC Urartu right before June 2022?,FC Urartu,2022-06,Robert Arzumanyan
Which position did Miklós Haraszti hold right before March 2004?,Miklós Haraszti,2004-03,member of the National Assembly of Hungary
Which position did Miklós Haraszti hold right before November 2012?,Miklós Haraszti,2012-11,OSCE Representative on Freedom of the Media
Which position did Henry Handley hold right before January 1835?,Henry Handley,1835-01,Member of the 11th Parliament of the United Kingdom
Which position did Henry Handley hold right before July 1837?,Henry Handley,1837-07,Member of the 12th Parliament of the United Kingdom
Which position did Arthur Roche hold right before April 2004?,Arthur Roche,2004-04,coadjutor bishop
Which position did Arthur Roche hold right before May 2021?,Arthur Roche,2021-05,diocesan bishop
Who was the head of state of Dominican Republic right before July 1982?,Dominican Republic,1982-07,Antonio Guzmán Fernández
Who was the head of state of Dominican Republic right before August 1982?,Dominican Republic,1982-08,Jacobo Majluta Azar
Who was the head of state of Dominican Republic right before August 2000?,Dominican Republic,2000-08,Salvador Jorge Blanco
Who was the head of state of Dominican Republic right before August 2020?,Dominican Republic,2020-08,Danilo Medina
Which political party did Nilde Iotti belong to right before February 1991?,Nilde Iotti,1991-02,Italian Communist Party
Which team did Bruno Perone play for right before January 2007?,Bruno Perone,2007-01,Esporte Clube Noroeste
Which team did Bruno Perone play for right before January 2008?,Bruno Perone,2008-01,Sport Club Corinthians Paranaense
Which team did Erich Habitzl play for right before January 1954?,Erich Habitzl,1954-01,Austria national association football team
Which team did Erich Habitzl play for right before January 1956?,Erich Habitzl,1956-01,R.C. Lens
Who was the head of Kinmen right before December 2001?,Kinmen,2001-12,Chen Shui-tsai
Who was the head of Kinmen right before December 2014?,Kinmen,2014-12,Li Wo-shi
Who was the head of Kinmen right before December 2018?,Kinmen,2018-12,Chen Fu-hai
Where was Aleksander Rajchman educated right before January 1913?,Aleksander Rajchman,1913-01,Jagiellonian University
Where was Aleksander Rajchman educated right before January 1914?,Aleksander Rajchman,1914-01,University of Warsaw
Where was Karen Messing educated right before January 1971?,Karen Messing,1971-01,Harvard University
Which team did Neil Danns play for right before January 2008?,Neil Danns,2008-01,Birmingham City F.C.
Which team did Neil Danns play for right before January 2011?,Neil Danns,2011-01,Crystal Palace F.C.
Who was the owner of Expobank CZ right before January 2008?,Expobank CZ,2008-01,BAWAG P.S.K.
Who was the owner of Expobank CZ right before January 2014?,Expobank CZ,2014-01,Landesbank Baden-Wuerttemberg
Who was the head of Greenland right before June 2009?,Greenland,2009-06,Hans Enoksen
Who was the head of Greenland right before April 2013?,Greenland,2013-04,Kuupik Kleist
Who was the head of Greenland right before December 2014?,Greenland,2014-12,Aleqa Hammond
Which employer did William Claytor work for right before January 1941?,William Claytor,1941-01,University of Michigan
Which employer did William Claytor work for right before January 1945?,William Claytor,1945-01,United States Army
Which employer did Percy John Daniell work for right before January 1923?,Percy John Daniell,1923-01,Rice University
"Where was Mette-Marit, Crown Princess of Norway educated right before January 2008?","Mette-Marit, Crown Princess of Norway",2008-01,"School of Oriental and African Studies, University of London"
Which position did Ebenezer Parkes hold right before January 1906?,Ebenezer Parkes,1906-01,Member of the 27th Parliament of the United Kingdom
Which position did Ebenezer Parkes hold right before January 1910?,Ebenezer Parkes,1910-01,Member of the 28th Parliament of the United Kingdom
Which position did Ebenezer Parkes hold right before December 1910?,Ebenezer Parkes,1910-12,Member of the 29th Parliament of the United Kingdom
Which team did Ángel Bernuncio play for right before January 1990?,Ángel Bernuncio,1990-01,San Lorenzo de Almagro
Which team did Ángel Bernuncio play for right before January 1991?,Ángel Bernuncio,1991-01,Club Atlético Lanús
Which team did Ángel Bernuncio play for right before January 1992?,Ángel Bernuncio,1992-01,Barcelona S.C.
Which team did Ángel Bernuncio play for right before January 1993?,Ángel Bernuncio,1993-01,Club Necaxa
Which team did Ángel Bernuncio play for right before January 1994?,Ángel Bernuncio,1994-01,Toros Neza
Which team did Ángel Bernuncio play for right before January 1998?,Ángel Bernuncio,1998-01,Club Olimpo
Which position did Vladimir Țurcan hold right before September 2009?,Vladimir Țurcan,2009-09,Substitute member of the Parliamentary Assembly of the Council of Europe
Which employer did Marilyn Strathern work for right before January 1993?,Marilyn Strathern,1993-01,University of Manchester
"Who was the chair of Embassy of Ukraine, Chișinău right before July 2015?","Embassy of Ukraine, Chișinău",2015-07,Petro Tchaly
Which position did Henry Hobhouse hold right before July 1886?,Henry Hobhouse,1886-07,Member of the 23rd Parliament of the United Kingdom
Which employer did Enrique Tierno Galván work for right before January 1953?,Enrique Tierno Galván,1953-01,University of Murcia
Which employer did Enrique Tierno Galván work for right before January 1966?,Enrique Tierno Galván,1966-01,University of Salamanca
"Which position did Sir Horace Rumbold, 8th Baronet hold right before January 1878?","Sir Horace Rumbold, 8th Baronet",1878-01,ambassador of the United Kingdom to Chile
"Which position did Sir Horace Rumbold, 8th Baronet hold right before January 1884?","Sir Horace Rumbold, 8th Baronet",1884-01,ambassador of the United Kingdom to Sweden
"Which position did Sir Horace Rumbold, 8th Baronet hold right before January 1888?","Sir Horace Rumbold, 8th Baronet",1888-01,ambassador of the United Kingdom to Greece
Which team did Warren Jabali play for right before January 1968?,Warren Jabali,1968-01,Wichita State Shockers men's basketball
Which team did Warren Jabali play for right before January 1970?,Warren Jabali,1970-01,Virginia Squires
Which team did Warren Jabali play for right before January 1971?,Warren Jabali,1971-01,Indiana Pacers
Which team did Warren Jabali play for right before January 1972?,Warren Jabali,1972-01,Miami Floridians
Who was the head coach of the team Panathinaikos F.C. right before January 2000?,Panathinaikos F.C.,2000-01,Giorgos Kalafatis
Who was the head coach of the team Panathinaikos F.C. right before July 2002?,Panathinaikos F.C.,2002-07,Aggelos Anastasiadis
Who was the head coach of the team Panathinaikos F.C. right before October 2002?,Panathinaikos F.C.,2002-10,Fernando Santos
Who was the head coach of the team Panathinaikos F.C. right before October 2004?,Panathinaikos F.C.,2004-10,Itzhak Shum
Who was the head coach of the team Panathinaikos F.C. right before September 2006?,Panathinaikos F.C.,2006-09,Alberto Malesani
Who was the head coach of the team Panathinaikos F.C. right before June 2007?,Panathinaikos F.C.,2007-06,Víctor Muñoz
Who was the head coach of the team Panathinaikos F.C. right before June 2008?,Panathinaikos F.C.,2008-06,José Peseiro
Who was the head coach of the team Panathinaikos F.C. right before December 2009?,Panathinaikos F.C.,2009-12,Henk ten Cate
Who was the head coach of the team Panathinaikos F.C. right before November 2010?,Panathinaikos F.C.,2010-11,Nikos Nioplias
Who was the head coach of the team Panathinaikos F.C. right before December 2016?,Panathinaikos F.C.,2016-12,Yannis Anastasiou
Who was the head coach of the team Panathinaikos F.C. right before July 2020?,Panathinaikos F.C.,2020-07,Giorgos Donis
Who was the head coach of the team Panathinaikos F.C. right before October 2020?,Panathinaikos F.C.,2020-10,Dani Poyatos
Who was the owner of Primrose Hill Tunnel right before January 1846?,Primrose Hill Tunnel,1846-01,London and Birmingham Railway
Who was the owner of Primrose Hill Tunnel right before January 1923?,Primrose Hill Tunnel,1923-01,London and North Western Railway
Who was the owner of Primrose Hill Tunnel right before January 1994?,Primrose Hill Tunnel,1994-01,British Rail
Who was the owner of Primrose Hill Tunnel right before January 2002?,Primrose Hill Tunnel,2002-01,Railtrack
"Which position did William Hayes Fisher, 1st Baron Downham hold right before July 1886?","William Hayes Fisher, 1st Baron Downham",1886-07,Member of the 23rd Parliament of the United Kingdom
"Which position did William Hayes Fisher, 1st Baron Downham hold right before October 1900?","William Hayes Fisher, 1st Baron Downham",1900-10,Member of the 26th Parliament of the United Kingdom
"Which position did William Hayes Fisher, 1st Baron Downham hold right before January 1910?","William Hayes Fisher, 1st Baron Downham",1910-01,Financial Secretary to the Treasury
Who was the head coach of the team Frosinone Calcio right before December 2018?,Frosinone Calcio,2018-12,Moreno Longo
Who was the head coach of the team Frosinone Calcio right before July 2019?,Frosinone Calcio,2019-07,Marco Baroni
Which political party did Jordi Xuclà belong to right before June 2020?,Jordi Xuclà,2020-06,Catalan European Democratic Party
Who was the head coach of the team PEC Zwolle right before July 2019?,PEC Zwolle,2019-07,Jaap Stam
Who was the head coach of the team PEC Zwolle right before November 2021?,PEC Zwolle,2021-11,John Stegeman
Which position did David Mudd hold right before October 1974?,David Mudd,1974-10,Member of the 46th Parliament of the United Kingdom
Which position did David Mudd hold right before June 1983?,David Mudd,1983-06,Member of the 48th Parliament of the United Kingdom
Which position did David Mudd hold right before June 1987?,David Mudd,1987-06,Member of the 49th Parliament of the United Kingdom
Who was the chair of Allgemeiner Deutscher Fahrrad-Club right before January 1986?,Allgemeiner Deutscher Fahrrad-Club,1986-01,Anne Modersohn
Who was the chair of Allgemeiner Deutscher Fahrrad-Club right before January 1998?,Allgemeiner Deutscher Fahrrad-Club,1998-01,Karl-Ludwig Kelber
Who was the chair of Allgemeiner Deutscher Fahrrad-Club right before January 2002?,Allgemeiner Deutscher Fahrrad-Club,2002-01,Wolfgang Große
Who was the chair of Allgemeiner Deutscher Fahrrad-Club right before January 2010?,Allgemeiner Deutscher Fahrrad-Club,2010-01,Karsten Hübener
Which employer did Wolfram von Soden work for right before January 1950?,Wolfram von Soden,1950-01,Frederick William University
Which employer did Wolfram von Soden work for right before January 1954?,Wolfram von Soden,1954-01,University of Göttingen
Which employer did Wolfram von Soden work for right before January 1961?,Wolfram von Soden,1961-01,University of Vienna
Who was the head of Quezon City right before March 1976?,Quezon City,1976-03,Norberto S. Amoranto
Who was the head of Quezon City right before April 1986?,Quezon City,1986-04,Adelina Santos Rodriguez
Who was the head of Quezon City right before June 1992?,Quezon City,1992-06,"Brigido Simon, Jr."
Who was the head of Quezon City right before June 2001?,Quezon City,2001-06,"Ismael A. Mathay, Jr."
Who was the head of Quezon City right before June 2010?,Quezon City,2010-06,"Feliciano Belmonte, Jr."
Who was the head of Quezon City right before June 2019?,Quezon City,2019-06,Herbert Bautista
Which team did André André play for right before January 2012?,André André,2012-01,Varzim S.C.
Which team did André André play for right before January 2015?,André André,2015-01,Vitória S.C.
Who was the head of Kleinmachnow right before January 1994?,Kleinmachnow,1994-01,Klaus Nitzsche
Who was the head of Kleinmachnow right before January 2009?,Kleinmachnow,2009-01,Wolfgang Blasig
Who was the head of state of Republic of Artsakh right before March 1997?,Republic of Artsakh,1997-03,Robert Kocharyan
Who was the head of state of Republic of Artsakh right before May 2020?,Republic of Artsakh,2020-05,Bako Sahakyan
Which team did Luís Manuel Ferreira Delgado play for right before January 2006?,Luís Manuel Ferreira Delgado,2006-01,Atlético Petróleos Luanda
Which team did Luís Manuel Ferreira Delgado play for right before January 2009?,Luís Manuel Ferreira Delgado,2009-01,FC Metz
Which position did Iván Flores hold right before March 2019?,Iván Flores,2019-03,deputy of Chile
Which employer did Phyllis Fox work for right before January 1954?,Phyllis Fox,1954-01,General Electric
Which employer did Phyllis Fox work for right before January 1958?,Phyllis Fox,1958-01,New York University
Which team did Eric Potts play for right before January 1978?,Eric Potts,1978-01,Brighton & Hove Albion F.C.
Which position did Andrés Chadwick hold right before March 1998?,Andrés Chadwick,1998-03,deputy of Chile
Which position did Andrés Chadwick hold right before July 2011?,Andrés Chadwick,2011-07,senator of Chile
Which position did Andrés Chadwick hold right before March 2018?,Andrés Chadwick,2018-03,minister Secretary General of Government of Chile
Who was the head of Bremerhaven right before January 1948?,Bremerhaven,1948-01,Helmut Andreas Koch
Who was the head of Bremerhaven right before January 1958?,Bremerhaven,1958-01,Hermann Gullasch
Who was the head of Bremerhaven right before January 1978?,Bremerhaven,1978-01,Bodo Selge
Who was the head of Bremerhaven right before January 1983?,Bremerhaven,1983-01,Werner Lenz
Who was the head of Bremerhaven right before January 1995?,Bremerhaven,1995-01,Karl Willms
Who was the head of Bremerhaven right before January 2011?,Bremerhaven,2011-01,Jörg Schulz
Who was the head coach of the team FK Kom right before February 2020?,FK Kom,2020-02,Viktor Trenevski
Which employer did Margaret Atwood work for right before January 1967?,Margaret Atwood,1967-01,University of British Columbia
Which employer did Margaret Atwood work for right before January 1971?,Margaret Atwood,1971-01,University of Alberta
Which position did Ann Veneman hold right before January 2001?,Ann Veneman,2001-01,United States Deputy Secretary of Agriculture
Who was the head of Germany right before October 1963?,Germany,1963-10,Konrad Adenauer
Who was the head of Germany right before October 1969?,Germany,1969-10,Kurt Georg Kiesinger
Who was the head of Germany right before May 1974?,Germany,1974-05,Walter Scheel
Who was the head of Germany right before May 1974?,Germany,1974-05,Walter Scheel
Who was the head of Germany right before November 2005?,Germany,2005-11,Gerhard Schröder
Who was the head of Germany right before December 2021?,Germany,2021-12,Angela Merkel
Where was Pampos Papageorgiou educated right before January 1986?,Pampos Papageorgiou,1986-01,National and Kapodistrian University of Athens
Which employer did Carlo Rovelli work for right before January 2000?,Carlo Rovelli,2000-01,University of Pittsburgh
Which position did Catherine Bréchignac hold right before January 2006?,Catherine Bréchignac,2006-01,director general
Which position did Catherine Bréchignac hold right before January 2011?,Catherine Bréchignac,2011-01,president
Who was the owner of château d'Anet right before January 1840?,château d'Anet,1840-01,Diane de Poitiers
Who was the owner of château d'Anet right before January 1860?,château d'Anet,1860-01,Adolphe de Riquet de Caraman
Which team did Davor Jozić play for right before January 1993?,Davor Jozić,1993-01,A.C. Cesena
Which team did Davor Jozić play for right before January 1995?,Davor Jozić,1995-01,Club América
Which position did Austen Hudson hold right before October 1951?,Austen Hudson,1951-10,Member of the 39th Parliament of the United Kingdom
Which position did Austen Hudson hold right before May 1955?,Austen Hudson,1955-05,Member of the 40th Parliament of the United Kingdom
Which team did Riccardo Gagliolo play for right before January 2012?,Riccardo Gagliolo,2012-01,A.S.D. Imperia
Who was the head of state of Principality of Polotsk right before January 1001?,Principality of Polotsk,1001-01,Izyaslav of Polotsk
Who was the head of state of Principality of Polotsk right before January 1003?,Principality of Polotsk,1003-01,Vseslav Izyaslavich
Which position did John Bonfoy Rooper hold right before December 1832?,John Bonfoy Rooper,1832-12,Member of the 10th Parliament of the United Kingdom
Which position did John Bonfoy Rooper hold right before January 1835?,John Bonfoy Rooper,1835-01,Member of the 11th Parliament of the United Kingdom
"Which position did Sir Frederick Thomson, 1st Baronet hold right before December 1923?","Sir Frederick Thomson, 1st Baronet",1923-12,Member of the 32nd Parliament of the United Kingdom
"Which position did Sir Frederick Thomson, 1st Baronet hold right before October 1924?","Sir Frederick Thomson, 1st Baronet",1924-10,Member of the 33rd Parliament of the United Kingdom
"Which position did Sir Frederick Thomson, 1st Baronet hold right before May 1929?","Sir Frederick Thomson, 1st Baronet",1929-05,Member of the 34th Parliament of the United Kingdom
"Which position did Sir Frederick Thomson, 1st Baronet hold right before October 1931?","Sir Frederick Thomson, 1st Baronet",1931-10,Member of the 35th Parliament of the United Kingdom
"Which position did Sir Anthony Esmonde, 15th Baronet hold right before April 1961?","Sir Anthony Esmonde, 15th Baronet",1961-04,Teachta Dála
Who was the head of Munich right before January 1804?,Munich,1804-01,Jörg Kazmair
Who was the head of Munich right before February 1888?,Munich,1888-02,Alois Erhardt
Who was the head of Munich right before January 1925?,Munich,1925-01,Eduard Schmid
Who was the head of Munich right before July 1948?,Munich,1948-07,Karl Fiehler
Who was the head of Munich right before May 1960?,Munich,1960-05,Thomas Wimmer
Which employer did Felix Klein work for right before January 1875?,Felix Klein,1875-01,University of Erlangen-Nuremberg
Which employer did Felix Klein work for right before January 1880?,Felix Klein,1880-01,Technical University of Munich
Which employer did Felix Klein work for right before January 1886?,Felix Klein,1886-01,Leipzig University
Who was the head coach of the team Valenciennes F.C. right before November 2021?,Valenciennes F.C.,2021-11,Olivier Guégan
Which political party did Enric Tarrado Vives belong to right before January 2002?,Enric Tarrado Vives,2002-01,National Democratic Group
Which position did Franklin Delano Roosevelt hold right before March 1913?,Franklin Delano Roosevelt,1913-03,member of the State Senate of New York
Which position did Franklin Delano Roosevelt hold right before January 1929?,Franklin Delano Roosevelt,1929-01,Assistant Secretary of the Navy
Which team did Willie Steel play for right before January 1935?,Willie Steel,1935-01,Liverpool F.C
"Which position did John Diamond, Baron Diamond hold right before September 1970?","John Diamond, Baron Diamond",1970-09,Member of the 44th Parliament of the United Kingdom
Which employer did Ghil'ad Zuckermann work for right before January 2006?,Ghil'ad Zuckermann,2006-01,University of Cambridge
Which employer did Ghil'ad Zuckermann work for right before January 2011?,Ghil'ad Zuckermann,2011-01,University of Queensland
Which team did Albert Brown play for right before January 1901?,Albert Brown,1901-01,Aston Villa F.C.
Which team did Albert Brown play for right before January 1902?,Albert Brown,1902-01,Southampton F.C.
Which team did Albert Brown play for right before January 1904?,Albert Brown,1904-01,Queens Park Rangers F.C.
Which team did Albert Brown play for right before January 1905?,Albert Brown,1905-01,Preston North End F.C.
Which employer did Hayao Miyazaki work for right before January 1973?,Hayao Miyazaki,1973-01,Toei Animation
Which employer did Hayao Miyazaki work for right before April 1984?,Hayao Miyazaki,1984-04,TMS Entertainment
Which team did Jürgen Pahl play for right before January 1976?,Jürgen Pahl,1976-01,Hallescher FC
Which employer did Derek Simpson work for right before January 1981?,Derek Simpson,1981-01,Firth Brown Steels
Which political party did Ida Auken belong to right before January 2021?,Ida Auken,2021-01,Danish Social Liberal Party
Which team did Jimmy Bloomfield play for right before January 1960?,Jimmy Bloomfield,1960-01,Arsenal F.C.
Which team did Jimmy Bloomfield play for right before January 1964?,Jimmy Bloomfield,1964-01,Birmingham City F.C.
Which team did Jimmy Bloomfield play for right before January 1966?,Jimmy Bloomfield,1966-01,West Ham United F.C.
Which team did Jimmy Bloomfield play for right before January 1968?,Jimmy Bloomfield,1968-01,Plymouth Argyle F.C.
Which position did Gloria Negrete McLeod hold right before January 2000?,Gloria Negrete McLeod,2000-01,member
Which position did Gloria Negrete McLeod hold right before January 2013?,Gloria Negrete McLeod,2013-01,member of the State Senate of California
Who was the head coach of the team FC Admira Wacker Mödling right before February 2020?,FC Admira Wacker Mödling,2020-02,Dietmar Kühbauer
Who was the head coach of the team FC Admira Wacker Mödling right before July 2022?,FC Admira Wacker Mödling,2022-07,Damir Burić
Which position did Patrick Joseph O'Brien hold right before July 1892?,Patrick Joseph O'Brien,1892-07,Member of the 24th Parliament of the United Kingdom
Which position did Patrick Joseph O'Brien hold right before October 1900?,Patrick Joseph O'Brien,1900-10,Member of the 26th Parliament of the United Kingdom
Where was Antoine Compagnon educated right before January 1973?,Antoine Compagnon,1973-01,École polytechnique
"Who was the chair of Industrial Union of Chemicals, Glass and Ceramics right before January 1952?","Industrial Union of Chemicals, Glass and Ceramics",1952-01,Max Reitersleben
"Who was the chair of Industrial Union of Chemicals, Glass and Ceramics right before January 1959?","Industrial Union of Chemicals, Glass and Ceramics",1959-01,Horst Willim
"Who was the chair of Industrial Union of Chemicals, Glass and Ceramics right before January 1967?","Industrial Union of Chemicals, Glass and Ceramics",1967-01,Hans-Joachim Winkler
"Who was the chair of Industrial Union of Chemicals, Glass and Ceramics right before January 1980?","Industrial Union of Chemicals, Glass and Ceramics",1980-01,Werner Oertelt
Who was the head of state of Austria right before December 1945?,Austria,1945-12,Wilhelm Miklas
Who was the head of state of Austria right before May 1957?,Austria,1957-05,Theodor Körner
Who was the head of state of Austria right before June 1965?,Austria,1965-06,Adolf Schärf
Who was the head of state of Austria right before July 1974?,Austria,1974-07,Franz Jonas
Who was the head of state of Austria right before July 1986?,Kurt Waldheim,1986-07,Rudolf Kirchschläger
Who was the head of state of Austria right before January 2017?,Alexander Van der Bellen,2017-01,Heinz Fischer
Which position did Christian Zetlitz Bretteville hold right before January 1848?,Christian Zetlitz Bretteville,1848-01,deputy member of the Parliament of Norway
Which position did Christian Zetlitz Bretteville hold right before June 1855?,Christian Zetlitz Bretteville,1855-06,Minister of Finance of Norway
Which position did Randolfo Pacciardi hold right before July 1951?,Randolfo Pacciardi,1951-07,Vice President of the Council of Ministers of Italy
Which position did Randolfo Pacciardi hold right before May 1963?,Randolfo Pacciardi,1963-05,Italian Minister of Defence
Who was the head of Nuremberg right before January 1854?,Nuremberg,1854-01,Jakob Friedrich Binder
Who was the head of Nuremberg right before January 1867?,Nuremberg,1867-01,Maximilian von Waechter
Who was the head of Nuremberg right before January 1913?,Nuremberg,1913-01,Georg von Schuh
Who was the head of Nuremberg right before January 1952?,Nuremberg,1952-01,Otto Ziebill
Who was the head of Nuremberg right before January 1957?,Nuremberg,1957-01,Otto Bärnreuther
Who was the head of Nuremberg right before January 1987?,Nuremberg,1987-01,Andreas Urschlechter
Which employer did Frederick Valentine Atkinson work for right before January 1940?,Frederick Valentine Atkinson,1940-01,Magdalen College
Which employer did Frederick Valentine Atkinson work for right before January 1948?,Frederick Valentine Atkinson,1948-01,Christ Church
Who was the head of Ōsaka Prefecture right before April 1995?,Ōsaka Prefecture,1995-04,Kazuo Nakagawa
Who was the head of Ōsaka Prefecture right before November 2011?,Ōsaka Prefecture,2011-11,Tōru Hashimoto
Which team did George McVitie play for right before January 1972?,George McVitie,1972-01,West Bromwich Albion F.C.
Which team did George McVitie play for right before January 1981?,George McVitie,1981-01,Carlisle United F.C.
Which position did John Carpenter Garnier hold right before March 1880?,John Carpenter Garnier,1880-03,Member of the 21st Parliament of the United Kingdom
Which political party did John Tyler belong to right before January 1841?,John Tyler,1841-01,Whig Party
"Which position did Donald Anderson, Baron Anderson of Swansea hold right before May 1979?","Donald Anderson, Baron Anderson of Swansea",1979-05,Member of the 47th Parliament of the United Kingdom
"Which position did Donald Anderson, Baron Anderson of Swansea hold right before June 1983?","Donald Anderson, Baron Anderson of Swansea",1983-06,Member of the 48th Parliament of the United Kingdom
"Which position did Donald Anderson, Baron Anderson of Swansea hold right before April 1992?","Donald Anderson, Baron Anderson of Swansea",1992-04,Member of the 50th Parliament of the United Kingdom
"Which position did Donald Anderson, Baron Anderson of Swansea hold right before May 1997?","Donald Anderson, Baron Anderson of Swansea",1997-05,Member of the 51st Parliament of the United Kingdom
"Which position did Donald Anderson, Baron Anderson of Swansea hold right before June 2005?","Donald Anderson, Baron Anderson of Swansea",2005-06,Member of the 53rd Parliament of the United Kingdom
Which team did Maciej Korzym play for right before January 2010?,Maciej Korzym,2010-01,GKS Bełchatów
Which team did Maciej Korzym play for right before January 2015?,Maciej Korzym,2015-01,Podbeskidzie Bielsko-Biała
Which political party did Mahathir Mohamad belong to right before August 2020?,Mahathir Mohamad,2020-08,independent politician
Who was the chair of Swedish Ice Hockey Association right before October 1948?,Swedish Ice Hockey Association,1948-10,Anton Johanson
Who was the chair of Swedish Ice Hockey Association right before September 1973?,Swedish Ice Hockey Association,1973-09,Helge Berglund
Who was the chair of Swedish Ice Hockey Association right before September 1983?,Swedish Ice Hockey Association,1983-09,Arne Grunander
Where was Joichi Suetsuna educated right before January 1929?,Joichi Suetsuna,1929-01,University of Göttingen
Which employer did Gabriel Díaz Bessón work for right before January 1623?,Gabriel Díaz Bessón,1623-01,Collegiate church of San Pedro in Lerma
Which employer did Gabriel Díaz Bessón work for right before January 1624?,Gabriel Díaz Bessón,1624-01,Royal Convent of La Encarnación
Who was the head of Vințu de Jos right before January 2016?,Vințu de Jos,2016-01,Gheorghe Vlad
Who was the head of Vințu de Jos right before October 2020?,Vințu de Jos,2020-10,Ion-Iosif Josan
Which position did François-Xavier Dumortier hold right before January 2010?,François-Xavier Dumortier,2010-01,Provincial
Which position did Vlasta Parkanová hold right before January 1997?,Vlasta Parkanová,1997-01,Representative of the Parliamentary Assembly of the Council of Europe
Which position did Vlasta Parkanová hold right before January 2007?,Vlasta Parkanová,2007-01,Minister of Justice of the Czech Republic
Which position did Vlasta Parkanová hold right before May 2010?,Vlasta Parkanová,2010-05,Deputy Prime Minister of the Czech Republic
Which position did Per-Kristian Foss hold right before October 2001?,Per-Kristian Foss,2001-10,deputy member of the Parliament of Norway
Which position did Per-Kristian Foss hold right before November 2005?,Per-Kristian Foss,2005-11,Minister of Finance of Norway
Which political party did Pier Luigi Bersani belong to right before February 1991?,Pier Luigi Bersani,1991-02,Italian Communist Party
Which political party did Pier Luigi Bersani belong to right before February 1998?,Pier Luigi Bersani,1998-02,Democratic Party of the Left
Which political party did Pier Luigi Bersani belong to right before October 2007?,Pier Luigi Bersani,2007-10,Democrats of the Left
Which team did Joey Ryan Gundok play for right before January 2007?,Joey Ryan Gundok,2007-01,Perlis FA
Which employer did Ulrich von Wilamowitz-Moellendorff work for right before January 1883?,Ulrich von Wilamowitz-Moellendorff,1883-01,University of Greifswald
Which employer did Ulrich von Wilamowitz-Moellendorff work for right before January 1897?,Ulrich von Wilamowitz-Moellendorff,1897-01,University of Göttingen
Which employer did Charles-André Julien work for right before January 1941?,Charles-André Julien,1941-01,Lycée Montaigne
Which position did Erik Ullenhag hold right before September 2004?,Erik Ullenhag,2004-09,Member of the Committee on the Labour Market
Which position did Erik Ullenhag hold right before October 2010?,Erik Ullenhag,2010-10,Member of the Committee on Health and Welfare
Where was Marian Pepler educated right before January 1923?,Marian Pepler,1923-01,Croydon College
Which employer did Nancy E. Gwinn work for right before January 1975?,Nancy E. Gwinn,1975-01,Library of Congress
Which employer did Nancy E. Gwinn work for right before January 1980?,Nancy E. Gwinn,1980-01,Council on Library and Information Resources
Which employer did Nancy E. Gwinn work for right before January 1984?,Nancy E. Gwinn,1984-01,Research Libraries Group
Who was the head coach of the team Enosis Neon Paralimni FC right before September 2020?,Enosis Neon Paralimni FC,2020-09,Čedomir Janevski
Who was the head coach of the team Enosis Neon Paralimni FC right before April 2021?,Enosis Neon Paralimni FC,2021-04,Carlos Alós Ferrer
Who was the head coach of the team Enosis Neon Paralimni FC right before July 2021?,Enosis Neon Paralimni FC,2021-07,Sotiris Antoniou
Which employer did Hermann Ebbinghaus work for right before January 1905?,Hermann Ebbinghaus,1905-01,University of Wrocław
Who was the head coach of the team France men's national volleyball team right before January 1947?,France men's national volleyball team,1947-01,René Verdier
Who was the head coach of the team France men's national volleyball team right before January 1965?,France men's national volleyball team,1965-01,Marcel Mathoré
Who was the head coach of the team France men's national volleyball team right before January 1983?,France men's national volleyball team,1983-01,Georges Derose
Who was the head coach of the team France men's national volleyball team right before January 1984?,France men's national volleyball team,1984-01,Georges Komatov
Who was the head coach of the team France men's national volleyball team right before January 1985?,France men's national volleyball team,1985-01,Jean-Marc Buchel
Which position did George Windsor-Clive hold right before December 1923?,George Windsor-Clive,1923-12,Member of the 32nd Parliament of the United Kingdom
Which position did George Windsor-Clive hold right before October 1924?,George Windsor-Clive,1924-10,Member of the 33rd Parliament of the United Kingdom
Which position did George Windsor-Clive hold right before November 1935?,George Windsor-Clive,1935-11,Member of the 36th Parliament of the United Kingdom
Who was the head of Miskolc right before October 2010?,Miskolc,2010-10,Sándor Hodobay
Who was the head of Miskolc right before October 2019?,Miskolc,2019-10,Ákos Kriza
Who was the head coach of the team MKE Ankaragücü right before June 2020?,MKE Ankaragücü,2020-06,İsmail Kartal
Who was the head coach of the team MKE Ankaragücü right before September 2020?,MKE Ankaragücü,2020-09,İbrahim Üzülmez
Who was the head coach of the team MKE Ankaragücü right before February 2021?,MKE Ankaragücü,2021-02,Fuat Çapa
Who was the head coach of the team MKE Ankaragücü right before August 2022?,MKE Ankaragücü,2022-08,Mustafa Dalcı
"Which position did Sir Charles Warde, 1st Baronet hold right before July 1895?","Sir Charles Warde, 1st Baronet",1895-07,Member of the 25th Parliament of the United Kingdom
"Which position did Sir Charles Warde, 1st Baronet hold right before January 1906?","Sir Charles Warde, 1st Baronet",1906-01,Member of the 27th Parliament of the United Kingdom
"Which position did Sir Charles Warde, 1st Baronet hold right before January 1910?","Sir Charles Warde, 1st Baronet",1910-01,Member of the 28th Parliament of the United Kingdom
Who was the head of state of Hanthawaddy Kingdom right before January 1384?,Hanthawaddy Kingdom,1384-01,Wareru
Who was the head of state of Hanthawaddy Kingdom right before January 1471?,Hanthawaddy Kingdom,1471-01,Shin Sawbu
Which position did Simranjit Singh Mann hold right before October 1999?,Simranjit Singh Mann,1999-10,Member of the 9th Lok Sabha
Which position did Simranjit Singh Mann hold right before June 2022?,Simranjit Singh Mann,2022-06,Member of the 13th Lok Sabha
"Which position did Hugh Foot, Baron Caradon hold right before January 1964?","Hugh Foot, Baron Caradon",1964-01,ambassador of the United Kingdom to the United Nations Trusteeship Council
Which political party did Paweł Adamowicz belong to right before January 2001?,Paweł Adamowicz,2001-01,Liberal Democratic Congress
Where was T. J. McConnell educated right before January 2012?,T. J. McConnell,2012-01,Duquesne University
Which team did Kees Bregman play for right before January 1972?,Kees Bregman,1972-01,HFC Haarlem
Which team did Kees Bregman play for right before January 1979?,Kees Bregman,1979-01,ADO Den Haag
Which team did Kees Bregman play for right before January 1982?,Kees Bregman,1982-01,Arminia Bielefeld
Which employer did Allison Littlejohn work for right before April 2019?,Allison Littlejohn,2019-04,The Open University
Which employer did Allison Littlejohn work for right before December 2019?,Allison Littlejohn,2019-12,University of Glasgow
Who was the chair of Roman Catholic Diocese of Gaspé right before January 1965?,Roman Catholic Diocese of Gaspé,1965-01,Albini LeBlanc
Who was the chair of Roman Catholic Diocese of Gaspé right before October 1968?,Roman Catholic Diocese of Gaspé,1968-10,Jean-Marie Fortier
Who was the chair of Roman Catholic Diocese of Gaspé right before October 1973?,Roman Catholic Diocese of Gaspé,1973-10,Joseph Gilles Napoléon Ouellet
Who was the chair of Roman Catholic Diocese of Gaspé right before December 1993?,Roman Catholic Diocese of Gaspé,1993-12,Bertrand Blanchet
Which team did Marko Memedović play for right before January 2013?,Marko Memedović,2013-01,FK Sloboda Užice
Who was the head of Râșnov right before October 2020?,Râșnov,2020-10,Liviu Butnaru
Which position did Samuel Whitbread hold right before April 1859?,Samuel Whitbread,1859-04,Member of the 17th Parliament of the United Kingdom
Which position did Samuel Whitbread hold right before November 1868?,Samuel Whitbread,1868-11,Member of the 19th Parliament of the United Kingdom
Which position did Samuel Whitbread hold right before March 1880?,Samuel Whitbread,1880-03,Member of the 21st Parliament of the United Kingdom
Which position did Samuel Whitbread hold right before July 1886?,Samuel Whitbread,1886-07,Member of the 23rd Parliament of the United Kingdom
Which position did Samuel Whitbread hold right before July 1892?,Samuel Whitbread,1892-07,Member of the 24th Parliament of the United Kingdom
Which employer did Tamsin Ford work for right before November 1995?,Tamsin Ford,1995-11,Royal London Hospital
Which employer did Tamsin Ford work for right before September 2007?,Tamsin Ford,2007-09,"Institute of Psychiatry, Psychology and Neuroscience"
Who was the head of Lannemezan right before March 2001?,Lannemezan,2001-03,Pierre Bleuler
Which position did J. D. White hold right before January 1910?,J. D. White,1910-01,Member of the 28th Parliament of the United Kingdom
Who was the head of state of Slovakia right before June 1999?,Rudolf Schuster,1999-06,Michal Kováč
Who was the head of state of Slovakia right before June 2004?,Slovakia,2004-06,Rudolf Schuster
Who was the head of state of Slovakia right before June 2014?,Slovakia,2014-06,Ivan Gašparovič
Who was the head of state of Slovakia right before June 2019?,Slovakia,2019-06,Andrej Kiska
Who was the head of Belgium right before October 2019?,Belgium,2019-10,Charles Michel
Who was the head of Belgium right before October 2020?,Belgium,2020-10,Sophie Wilmès
Which political party did Jerzy Buzek belong to right before January 1996?,Jerzy Buzek,1996-01,Solidarity
Which political party did Jerzy Buzek belong to right before January 2001?,Jerzy Buzek,2001-01,Solidarity Electoral Action
Who was the head of Dresden District right before January 1958?,Dresden District,1958-01,Rudolf Jahn
Who was the head of Dresden District right before January 1963?,Dresden District,1963-01,Walter Weidauer
Who was the head of Dresden District right before January 1982?,Dresden District,1982-01,Manfred Scheler
Who was the head of Castres right before March 1989?,Castres,1989-03,Lucien Coudert
Which position did Dugdale Dugdale hold right before October 1806?,Dugdale Dugdale,1806-10,Member of the 2nd Parliament of the United Kingdom
Which position did Dugdale Dugdale hold right before May 1807?,Dugdale Dugdale,1807-05,Member of the 3rd Parliament of the United Kingdom
Which position did Dugdale Dugdale hold right before October 1812?,Dugdale Dugdale,1812-10,Member of the 4th Parliament of the United Kingdom
Which position did Dugdale Dugdale hold right before June 1818?,Dugdale Dugdale,1818-06,Member of the 5th Parliament of the United Kingdom
Which position did Dugdale Dugdale hold right before March 1820?,Dugdale Dugdale,1820-03,Member of the 6th Parliament of the United Kingdom
Which political party did Amiruddin Hamzah belong to right before May 2020?,Amiruddin Hamzah,2020-05,Malaysian United Indigenous Party
Which political party did Amiruddin Hamzah belong to right before August 2020?,Amiruddin Hamzah,2020-08,independent politician
Which position did Johannes Hougen hold right before January 1906?,Johannes Hougen,1906-01,deputy member of the Parliament of Norway
Which position did Johannes Hougen hold right before September 1909?,Johannes Hougen,1909-09,member of the Parliament of Norway
Who was the chair of Eurelectric right before June 2013?,Eurelectric,2013-06,Fulvio Conti
Who was the chair of Eurelectric right before June 2015?,Eurelectric,2015-06,Johannes Teyssen
Who was the chair of Eurelectric right before June 2017?,Eurelectric,2017-06,António Mexia
Where was Gottfried Köthe educated right before January 1929?,Gottfried Köthe,1929-01,University of Göttingen
Which team did Luke Varney play for right before January 2003?,Luke Varney,2003-01,Quorn F.C.
Which team did Luke Varney play for right before January 2009?,Luke Varney,2009-01,Charlton Athletic F.C.
Which team did Luke Varney play for right before January 2011?,Luke Varney,2011-01,Blackpool F.C.
Which team did Luke Varney play for right before January 2012?,Luke Varney,2012-01,Portsmouth F.C.
Which employer did Patrick du Val work for right before January 1949?,Patrick du Val,1949-01,Victoria University of Manchester
Which employer did Patrick du Val work for right before January 1970?,Patrick du Val,1970-01,University College London
Who was the head coach of the team Tampa Bay Rowdies right before September 2010?,Tampa Bay Rowdies,2010-09,Paul Dalglish
Who was the head coach of the team Tampa Bay Rowdies right before January 2011?,Tampa Bay Rowdies,2011-01,Perry Van der Beck
Who was the head coach of the team Tampa Bay Rowdies right before December 2014?,Tampa Bay Rowdies,2014-12,Ricky Hill
Who was the head coach of the team Tampa Bay Rowdies right before August 2015?,Tampa Bay Rowdies,2015-08,Thomas Rongen
Who was the head coach of the team Tampa Bay Rowdies right before May 2018?,Tampa Bay Rowdies,2018-05,Stuart Campbell
Which team did Lukas Grozurek play for right before January 2015?,Lukas Grozurek,2015-01,SK Rapid Wien
Where was Hendrik Kloosterman educated right before January 1926?,Hendrik Kloosterman,1926-01,Leiden University
Which employer did Grace Hopper work for right before January 1943?,Grace Hopper,1943-01,Vassar College
Which employer did Grace Hopper work for right before January 1966?,Grace Hopper,1966-01,Sperry Corporation
Which employer did Grace Hopper work for right before January 1986?,Grace Hopper,1986-01,Naval Sea Systems Command
Which team did Bill Brown play for right before January 1964?,Bill Brown,1964-01,Romford F.C.
Which position did Olusegun Obasanjo hold right before February 1976?,Olusegun Obasanjo,1976-02,Vice President of Nigeria
Who was the head of Isabela right before June 2001?,Isabela,2001-06,Benjamin Dy
Who was the head of Isabela right before June 2004?,Isabela,2004-06,Faustino Dy Jr.
Who was the head of Isabela right before June 2010?,Isabela,2010-06,Grace Padaca
Who was the head of Isabela right before June 2019?,Isabela,2019-06,Faustino G. Dy III
Which team did Ernie Thompson play for right before January 1929?,Ernie Thompson,1929-01,Carlisle United F.C.
Which team did Ernie Thompson play for right before January 1930?,Ernie Thompson,1930-01,Bristol City F.C.
Which team did Ernie Thompson play for right before January 1931?,Ernie Thompson,1931-01,Bath City F.C.
Which team did Ernie Thompson play for right before January 1936?,Ernie Thompson,1936-01,Blackburn Rovers F.C.
Which team did Ernie Thompson play for right before January 1938?,Ernie Thompson,1938-01,Manchester United F.C.
Who was the head coach of the team Pittsburgh Steelers right before January 1992?,Pittsburgh Steelers,1992-01,Chuck Noll
Which team did Nol van der Vin play for right before January 1954?,Nol van der Vin,1954-01,Persija Jakarta
Which team did Nol van der Vin play for right before January 1955?,Nol van der Vin,1955-01,Fortuna '54
Which team did Nol van der Vin play for right before January 1956?,Nol van der Vin,1956-01,PSMS Medan
Which team did Alessandro Piacenti play for right before January 2012?,Alessandro Piacenti,2012-01,A.S.D. Todi
Which team did Alessandro Piacenti play for right before January 2013?,Alessandro Piacenti,2013-01,Foligno Calcio
Which team did Alessandro Piacenti play for right before January 2015?,Alessandro Piacenti,2015-01,Vigor Lamezia
Who was the chair of National Police of Ukraine right before February 2017?,National Police of Ukraine,2017-02,Vadym Troyan
Which employer did Michael Atwood Mason work for right before January 1994?,Michael Atwood Mason,1994-01,Anacostia Community Museum
Which employer did Thierry Roland work for right before January 1969?,Thierry Roland,1969-01,Office de Radiodiffusion Télévision Française
Which employer did Thierry Roland work for right before January 1975?,Thierry Roland,1975-01,France Inter
Which employer did Thierry Roland work for right before January 1984?,Thierry Roland,1984-01,Antenne 2
Which employer did Thierry Roland work for right before January 2005?,Thierry Roland,2005-01,TF1
"Where was William Penney, Baron Penney educated right before January 1929?","William Penney, Baron Penney",1929-01,Royal College of Science
"Where was William Penney, Baron Penney educated right before January 1930?","William Penney, Baron Penney",1930-01,University of Groningen
"Where was William Penney, Baron Penney educated right before January 1931?","William Penney, Baron Penney",1931-01,Imperial College London
Which employer did Faye McLeod work for right before January 2018?,Faye McLeod,2018-01,Aston Martin Heritage Trust Museum
Who was the chair of University of Limoges right before March 2012?,University of Limoges,2012-03,Jacques Fontanille
Who was the chair of University of Limoges right before April 2016?,University of Limoges,2016-04,Hélène Pauliat
Who was the chair of University of Limoges right before January 2021?,University of Limoges,2021-01,Alain Célérier
Where was Walter McAfee educated right before January 1935?,Walter McAfee,1935-01,Wiley College
Who was the chair of Ministry of Transport and Communications right before January 2020?,Ministry of Transport and Communications,2020-01,Jon Georg Dale
Which position did Daniel Scioli hold right before December 2007?,Daniel Scioli,2007-12,Vice President of Argentina
Which position did Daniel Scioli hold right before December 2017?,Daniel Scioli,2017-12,Governor of Buenos Aires Province
Which position did Daniel Scioli hold right before June 2020?,Daniel Scioli,2020-06,member of the Argentine Chamber of Deputies
Which employer did George Philbrook work for right before January 1925?,George Philbrook,1925-01,Multnomah Athletic Club
Which employer did George Philbrook work for right before January 1927?,George Philbrook,1927-01,University of Idaho
Who was the owner of Woman with a Parrot right before April 1898?,Woman with a Parrot,1898-04,Jules Bordet
Which position did George Willey hold right before October 1951?,George Willey,1951-10,Member of the 39th Parliament of the United Kingdom
Which political party did Takeo Miki belong to right before January 1950?,Takeo Miki,1950-01,National Cooperative Party
Which political party did Takeo Miki belong to right before January 1954?,Takeo Miki,1954-01,Kaishintō
Which political party did Takeo Miki belong to right before January 1955?,Takeo Miki,1955-01,Japan Democratic Party
Which employer did Tom Meschery work for right before January 1971?,Tom Meschery,1971-01,Seattle SuperSonics
Which employer did Richard Feynman work for right before January 1950?,Richard Feynman,1950-01,Cornell University
Which team did Jason Price play for right before January 2003?,Jason Price,2003-01,Tranmere Rovers F.C.
Which team did Jason Price play for right before January 2010?,Jason Price,2010-01,Millwall F.C.
Which team did Jason Price play for right before January 2014?,Jason Price,2014-01,Shaw Lane Aquaforce F.C.
Which employer did Wolfgang Rindler work for right before January 1956?,Wolfgang Rindler,1956-01,University of London
Who was the head coach of the team Levadiakos F.C. right before October 2018?,Levadiakos F.C.,2018-10,Apostolos Mantzios
Which team did Dzhambulad Bazayev play for right before January 2006?,Dzhambulad Bazayev,2006-01,FC Saturn Ramenskoye
Which team did Dzhambulad Bazayev play for right before January 2007?,Dzhambulad Bazayev,2007-01,Rubin Kazan
Who was the head of Besançon right before January 2014?,Besançon,2014-01,Robert Schwint
Which position did Chris Ruane hold right before May 2010?,Chris Ruane,2010-05,Member of the 54th Parliament of the United Kingdom
Which position did Chris Ruane hold right before June 2017?,Chris Ruane,2017-06,Member of the 55th Parliament of the United Kingdom
Which team did Mike McCartney play for right before January 1980?,Mike McCartney,1980-01,West Bromwich Albion F.C.
Which team did Mike McCartney play for right before January 1981?,Mike McCartney,1981-01,Southampton F.C.
Which team did Mike McCartney play for right before January 1988?,Mike McCartney,1988-01,Carlisle United F.C.
Which employer did John R. Kirtley work for right before February 1978?,John R. Kirtley,1978-02,University of Pennsylvania
Which team did Christophe Samson play for right before January 2010?,Christophe Samson,2010-01,ASM Clermont Auvergne
Which team did Paul Hinshelwood play for right before January 1984?,Paul Hinshelwood,1984-01,Oxford United F.C.
Which team did Paul Hinshelwood play for right before January 1986?,Paul Hinshelwood,1986-01,Millwall F.C.
Who was the head coach of the team Ivory Coast national football team right before March 2020?,Ivory Coast national football team,2020-03,Ibrahim Kamara
Which position did Andreas Cappelen hold right before March 1971?,Andreas Cappelen,1971-03,Minister of Finance of Norway
Which position did Richard Ryder hold right before May 1796?,Richard Ryder,1796-05,Member of the 17th Parliament of Great Britain
Which position did Richard Ryder hold right before January 1801?,Richard Ryder,1801-01,Member of the 18th Parliament of Great Britain
Which position did Richard Ryder hold right before July 1802?,Richard Ryder,1802-07,Member of the 1st Parliament of the United Kingdom
Which position did Richard Ryder hold right before May 1807?,Richard Ryder,1807-05,Member of the 3rd Parliament of the United Kingdom
Which position did Richard Ryder hold right before October 1812?,Richard Ryder,1812-10,Home Secretary
Which position did Richard Ryder hold right before June 1818?,Richard Ryder,1818-06,Member of the 5th Parliament of the United Kingdom
Which position did Richard Ryder hold right before June 1826?,Richard Ryder,1826-06,Member of the 7th Parliament of the United Kingdom
Where was Princess Eugenie educated right before January 2003?,Princess Eugenie,2003-01,"St George's School, Windsor Castle"
Who was the owner of i right before November 2018?,i,2018-11,Johnston Press
Who was the owner of i right before November 2019?,i,2019-11,JPIMedia
Which political party did Mario Lolini belong to right before January 2016?,Mario Lolini,2016-01,The People of Freedom
Who was the chair of International Ski Federation right before January 1934?,International Ski Federation,1934-01,Ivar Holmquist
Who was the chair of International Ski Federation right before January 1998?,International Ski Federation,1998-01,Marc Hodler
Who was the chair of International Ski Federation right before January 2021?,International Ski Federation,2021-01,Gian-Franco Kasper
Which employer did Paul Stäckel work for right before January 1896?,Paul Stäckel,1896-01,University of Halle-Wittenberg
Which employer did Paul Stäckel work for right before January 1897?,Paul Stäckel,1897-01,University of Königsberg
Which employer did Paul Stäckel work for right before January 1905?,Paul Stäckel,1905-01,University of Kiel
Which employer did Paul Stäckel work for right before January 1912?,Paul Stäckel,1912-01,Karlsruhe Institute of Technology
Which employer did Jean Vercoutter work for right before January 1960?,Jean Vercoutter,1960-01,National Center for Scientific Research
Who was the chair of Civic Choice right before March 2013?,Civic Choice,2013-03,Andrea Riccardi
Who was the chair of Civic Choice right before October 2013?,Civic Choice,2013-10,Mario Monti
Who was the chair of Civic Choice right before July 2014?,Civic Choice,2014-07,Alberto Bombassei
Which employer did Fotos Politis work for right before September 1927?,Fotos Politis,1927-09,General State Archives
Which employer did Fotos Politis work for right before January 1930?,Fotos Politis,1930-01,To Vima
Who was the head coach of the team Clube Desportivo das Aves right before January 2019?,Clube Desportivo das Aves,2019-01,Paulo Fonseca
Who was the head coach of the team Clube Desportivo das Aves right before November 2019?,Clube Desportivo das Aves,2019-11,Augusto Inácio
Who was the head coach of the team FK Bodø/Glimt right before January 2018?,FK Bodø/Glimt,2018-01,Aasmund Bjørkan
Which team did Djamel Bouaïcha play for right before January 2011?,Djamel Bouaïcha,2011-01,USM Annaba
Which team did Djamel Bouaïcha play for right before January 2013?,Djamel Bouaïcha,2013-01,JS Kabylie
Which team did Thanasis Sentementes play for right before January 1996?,Thanasis Sentementes,1996-01,Kalamata F.C.
Which team did Thanasis Sentementes play for right before January 1999?,Thanasis Sentementes,1999-01,Doxa Vyronas F.C.
Which team did Thanasis Sentementes play for right before January 2007?,Thanasis Sentementes,2007-01,PAS Giannina F.C.
Which team did Thanasis Sentementes play for right before January 2009?,Thanasis Sentementes,2009-01,PAE Kerkyra
Where was Stilianos Alexiou educated right before January 1951?,Stilianos Alexiou,1951-01,National and Kapodistrian University of Athens
Where was Stilianos Alexiou educated right before January 1961?,Stilianos Alexiou,1961-01,National Center for Scientific Research
Which position did Marshall Warmington hold right before July 1886?,Marshall Warmington,1886-07,Member of the 23rd Parliament of the United Kingdom
Which position did Marshall Warmington hold right before July 1892?,Marshall Warmington,1892-07,Member of the 24th Parliament of the United Kingdom
Which employer did Phoebe S. Leboy work for right before January 1963?,Phoebe S. Leboy,1963-01,Bryn Mawr College
Which employer did Phoebe S. Leboy work for right before January 1966?,Phoebe S. Leboy,1966-01,Perelman School of Medicine at the University of Pennsylvania
Which team did Giovanni Galeone play for right before January 1965?,Giovanni Galeone,1965-01,A.C. Monza
Which team did Giovanni Galeone play for right before January 1966?,Giovanni Galeone,1966-01,UFM Monfalcone
Who was the head coach of the team FC Bayern Munich right before January 2007?,FC Bayern Munich,2007-01,Giovanni Trapattoni
Who was the head coach of the team FC Bayern Munich right before January 2008?,FC Bayern Munich,2008-01,Ottmar Hitzfeld
Who was the head coach of the team FC Bayern Munich right before April 2011?,FC Bayern Munich,2011-04,Louis van Gaal
Who was the head coach of the team FC Bayern Munich right before June 2013?,FC Bayern Munich,2013-06,Andries Jonker
Who was the head coach of the team FC Bayern Munich right before July 2016?,FC Bayern Munich,2016-07,Josep Guardiola
Who was the head coach of the team FC Bayern Munich right before July 2021?,FC Bayern Munich,2021-07,Hansi Flick
Who was the chair of ANSOL - Associação Nacional para o Software Livre right before June 2009?,ANSOL - Associação Nacional para o Software Livre,2009-06,Jaime Villate
Who was the chair of ANSOL - Associação Nacional para o Software Livre right before July 2015?,ANSOL - Associação Nacional para o Software Livre,2015-07,Rui Seabra
Which employer did Nada Al-Nashif work for right before January 2015?,Nada Al-Nashif,2015-01,"International Labour Organization Headquarters, Geneva"
Which team did Cecilia Salvai play for right before January 2013?,Cecilia Salvai,2013-01,Football Club femminile Rapid Lugano
Which team did Gerardo Berodia play for right before January 2001?,Gerardo Berodia,2001-01,CD El Álamo
Which team did Gerardo Berodia play for right before January 2004?,Gerardo Berodia,2004-01,CA Pinto
Which team did Gerardo Berodia play for right before January 2008?,Gerardo Berodia,2008-01,CD Leganés
Which team did Gerardo Berodia play for right before January 2009?,Gerardo Berodia,2009-01,Zamora CF
Which team did Gerardo Berodia play for right before January 2010?,Gerardo Berodia,2010-01,Sociedad Deportiva Ponferradina
Which team did Gerardo Berodia play for right before January 2011?,Gerardo Berodia,2011-01,UB Conquense
Which employer did Thomas Gerald Room work for right before January 1935?,Thomas Gerald Room,1935-01,University of Cambridge
Which political party did Lin Cheng-chieh belong to right before January 2006?,Lin Cheng-chieh,2006-01,Democratic Progressive Party
Which political party did Lin Cheng-chieh belong to right before January 2016?,Lin Cheng-chieh,2016-01,Unionist Party
Which employer did Ethan Vishniac work for right before July 2007?,Ethan Vishniac,2007-07,Johns Hopkins University
Which employer did Deane Montgomery work for right before January 1946?,Deane Montgomery,1946-01,Smith College
Which employer did Deane Montgomery work for right before January 1948?,Deane Montgomery,1948-01,Yale University
Where was Gustave Choquet educated right before January 1934?,Gustave Choquet,1934-01,Lycée Saint-Louis
Where was Gustave Choquet educated right before January 1938?,Gustave Choquet,1938-01,École normale supérieure  (Paris)
"Which position did Hamish Gray, Baron Gray of Contin hold right before February 1974?","Hamish Gray, Baron Gray of Contin",1974-02,Member of the 45th Parliament of the United Kingdom
"Which position did Hamish Gray, Baron Gray of Contin hold right before October 1974?","Hamish Gray, Baron Gray of Contin",1974-10,Member of the 46th Parliament of the United Kingdom
"Which position did Hamish Gray, Baron Gray of Contin hold right before May 1979?","Hamish Gray, Baron Gray of Contin",1979-05,Member of the 47th Parliament of the United Kingdom
"Which position did Hamish Gray, Baron Gray of Contin hold right before July 1983?","Hamish Gray, Baron Gray of Contin",1983-07,Member of the 48th Parliament of the United Kingdom
Where was Hans Bethe educated right before January 1929?,Hans Bethe,1929-01,Ludwig Maximilian University of Munich
Where was Hans Bethe educated right before January 1930?,Hans Bethe,1930-01,University of Cambridge
Which team did Eric Kwekeu play for right before January 2011?,Eric Kwekeu,2011-01,AS Mangasport
Who was the head coach of the team R.S.C. Anderlecht right before October 2019?,R.S.C. Anderlecht,2019-10,Fred Rutten
Who was the head coach of the team R.S.C. Anderlecht right before August 2020?,R.S.C. Anderlecht,2020-08,Franky Vercauteren
Which employer did Thomas Albrecht-Schönzart work for right before January 2009?,Thomas Albrecht-Schönzart,2009-01,Auburn University
Which employer did Thomas Albrecht-Schönzart work for right before January 2012?,Thomas Albrecht-Schönzart,2012-01,University of Notre Dame
Who was the head of Zorlențu Mare right before January 2016?,Zorlențu Mare,2016-01,Viorel Ișfan
Who was the head of Zorlențu Mare right before October 2020?,Zorlențu Mare,2020-10,Martin Cornea
Which position did Jacob Bright hold right before February 1876?,Jacob Bright,1876-02,Member of the 20th Parliament of the United Kingdom
Which position did Jacob Bright hold right before July 1886?,Jacob Bright,1886-07,Member of the 22nd Parliament of the United Kingdom
Which position did Charles Frewen hold right before July 1847?,Charles Frewen,1847-07,Member of the 14th Parliament of the United Kingdom
Which position did Charles Frewen hold right before July 1852?,Charles Frewen,1852-07,Member of the 15th Parliament of the United Kingdom
Which position did Charles Frewen hold right before January 1866?,Charles Frewen,1866-01,Member of the 16th Parliament of the United Kingdom
Which team did Marco Piccinni play for right before January 2007?,Marco Piccinni,2007-01,Vastese Calcio 1902
Which team did Marco Piccinni play for right before January 2010?,Marco Piccinni,2010-01,F.B. Brindisi 1912
Which team did Marco Piccinni play for right before January 2013?,Marco Piccinni,2013-01,A.S.D. Barletta 1922
Who was the chair of Embassy of Ukraine in Greece right before March 2001?,Embassy of Ukraine in Greece,2001-03,Yuriy A. Sergeyev
Who was the chair of Embassy of Ukraine in Greece right before August 2005?,Embassy of Ukraine in Greece,2005-08,Victor Kalnik
Who was the chair of Embassy of Ukraine in Greece right before June 2010?,Embassy of Ukraine in Greece,2010-06,Valeriy Tsybukh
Which employer did Johann Radon work for right before January 1919?,Johann Radon,1919-01,TU Wien
Which employer did Johann Radon work for right before January 1925?,Johann Radon,1925-01,University of Greifswald
Which employer did Johann Radon work for right before January 1928?,Johann Radon,1928-01,University of Erlangen-Nuremberg
Which position did François Baroin hold right before June 2011?,François Baroin,2011-06,Minister of the Interior
Who was the head of Kyōto Prefecture right before March 1900?,Kyōto Prefecture,1900-03,Utsumi Tadakatsu
Who was the head of Kyōto Prefecture right before April 1916?,Kyōto Prefecture,1916-04,Shōichi Ōmori
Who was the head of Kyōto Prefecture right before May 1918?,Kyōto Prefecture,1918-05,Kiuchi Jūshirō
Who was the head of Kyōto Prefecture right before July 1921?,Kyōto Prefecture,1921-07,Eitaro Mabuchi
Who was the head of Kyōto Prefecture right before October 1922?,Kyōto Prefecture,1922-10,Raizo Wakabayashi
Who was the head of Kyōto Prefecture right before April 1927?,Kyōto Prefecture,1927-04,Konosuke Hamada
Who was the head of Kyōto Prefecture right before July 1929?,Kyōto Prefecture,1929-07,Shigeyoshi Omihara
Who was the head of Kyōto Prefecture right before October 1931?,Kyōto Prefecture,1931-10,Shinichi Sagami
Who was the head of Kyōto Prefecture right before December 1931?,Kyōto Prefecture,1931-12,Shinya Kurosaki
Who was the head of Kyōto Prefecture right before June 1932?,Kyōto Prefecture,1932-06,Sukenari Yokoyama
Who was the head of Kyōto Prefecture right before April 1939?,Kyōto Prefecture,1939-04,Munenori Saito
Who was the head of Kyōto Prefecture right before January 1941?,Kyōto Prefecture,1941-01,Jitsuzō Kawanishi
Who was the head of Kyōto Prefecture right before July 1943?,Kyōto Prefecture,1943-07,Kyōshirō Andō
Who was the head of Kyōto Prefecture right before April 1944?,Kyōto Prefecture,1944-04,Chiyoji Yukisawa
Who was the head of Kyōto Prefecture right before June 1945?,Kyōto Prefecture,1945-06,Zentarō Arai
Who was the head of Kyōto Prefecture right before April 1950?,Kyōto Prefecture,1950-04,Shigeo Miyoshi
Who was the head of Kyōto Prefecture right before April 1978?,Kyōto Prefecture,1978-04,Torazō Ninagawa
Who was the head of Kyōto Prefecture right before April 1986?,Kyōto Prefecture,1986-04,Yukio Hayashida
Who was the head of Kyōto Prefecture right before April 2018?,Kyōto Prefecture,2018-04,Keiji Yamada
Who was the chair of Claremont Colleges right before January 1971?,Claremont Colleges,1971-01,Louis T. Benezet
Who was the chair of International AIDS Society right before January 2016?,International AIDS Society,2016-01,Françoise Barré-Sinoussi
Who was the chair of International AIDS Society right before January 2020?,International AIDS Society,2020-01,Linda-Gail Bekker
"Which position did Sir Charles Abney-Hastings, 2nd Baronet hold right before June 1826?","Sir Charles Abney-Hastings, 2nd Baronet",1826-06,High Sheriff of Derbyshire
"Which position did Sir Charles Abney-Hastings, 2nd Baronet hold right before July 1830?","Sir Charles Abney-Hastings, 2nd Baronet",1830-07,Member of the 8th Parliament of the United Kingdom
Which team did Mark Gower play for right before January 2003?,Mark Gower,2003-01,Barnet F.C.
Which position did Gareth Evans hold right before December 1984?,Gareth Evans,1984-12,Attorney-General for Australia
Which position did Gareth Evans hold right before September 1988?,Gareth Evans,1988-09,Minister for Infrastructure and Transport
Who was the head of Treptow-Köpenick right before October 2011?,Treptow-Köpenick,2011-10,Gabriele Schöttler
Which position did Tsai Ing-wen hold right before May 2016?,Tsai Ing-wen,2016-05,Vice Premier of the Republic of China
Which employer did Niall Ferguson work for right before January 2002?,Niall Ferguson,2002-01,University of Oxford
Which employer did Niall Ferguson work for right before January 2004?,Niall Ferguson,2004-01,New York University
Which employer did Niall Ferguson work for right before January 2016?,Niall Ferguson,2016-01,London School of Economics and Political Science
Which position did John Corrie hold right before June 1983?,John Corrie,1983-06,Member of the 48th Parliament of the United Kingdom
Which position did John Corrie hold right before July 1994?,John Corrie,1994-07,Substitute member of the Parliamentary Assembly of the Council of Europe
"Which position did Ildefonso Díez de Rivera, Count of Almodóvar hold right before January 1840?","Ildefonso Díez de Rivera, Count of Almodóvar",1840-01,ministro de la Guerra
"Which position did Ildefonso Díez de Rivera, Count of Almodóvar hold right before June 1842?","Ildefonso Díez de Rivera, Count of Almodóvar",1842-06,President of the Spanish Senate
Where was Robert Fullilove educated right before January 1972?,Robert Fullilove,1972-01,Syracuse University
Which team did Modeste M'bami play for right before January 2009?,Modeste M'bami,2009-01,Olympique de Marseille
Which team did Modeste M'bami play for right before January 2012?,Modeste M'bami,2012-01,Dalian Yifang F.C.
Which team did Wang Guoming play for right before January 2012?,Wang Guoming,2012-01,Dalian Shide F.C.
Which team did Wang Guoming play for right before January 2016?,Wang Guoming,2016-01,Cangzhou Mighty Lions F.C.
Which position did José Echegaray hold right before January 1870?,José Echegaray,1870-01,Member of the Congress of Deputies
Which position did José Echegaray hold right before May 1874?,José Echegaray,1874-05,Minister of Public Works of Spain
Which position did William Wilson-Todd hold right before July 1895?,William Wilson-Todd,1895-07,Member of the 25th Parliament of the United Kingdom
Which position did William Wilson-Todd hold right before October 1900?,William Wilson-Todd,1900-10,Member of the 26th Parliament of the United Kingdom
Which position did John Henry Puleston hold right before November 1885?,John Henry Puleston,1885-11,Member of the 22nd Parliament of the United Kingdom
Which position did John Henry Puleston hold right before July 1886?,John Henry Puleston,1886-07,Member of the 23rd Parliament of the United Kingdom
Which team did Mario Mutsch play for right before January 2009?,Mario Mutsch,2009-01,FC Aarau
Which team did Mario Mutsch play for right before January 2011?,Mario Mutsch,2011-01,FC Metz
Which team did Mario Mutsch play for right before January 2012?,Mario Mutsch,2012-01,FC Sion
Which employer did Katya Scheinberg work for right before January 2019?,Katya Scheinberg,2019-01,Lehigh University
Which position did Enoch Powell hold right before October 1951?,Enoch Powell,1951-10,Member of the 39th Parliament of the United Kingdom
Which position did Enoch Powell hold right before October 1964?,Enoch Powell,1964-10,Secretary of State for Health and Social Care
Which position did Enoch Powell hold right before June 1970?,Enoch Powell,1970-06,Member of the 44th Parliament of the United Kingdom
Which position did Enoch Powell hold right before October 1974?,Enoch Powell,1974-10,Member of the 45th Parliament of the United Kingdom
Which position did Enoch Powell hold right before January 1986?,Enoch Powell,1986-01,Member of the 48th Parliament of the United Kingdom
Which team did Walid Azaro play for right before January 2017?,Walid Azaro,2017-01,Difaa El Jadida
Which team did Sandro Wolfinger play for right before July 2012?,Sandro Wolfinger,2012-07,Liechtenstein national under-21 football team
Which team did Sandro Wolfinger play for right before January 2014?,Sandro Wolfinger,2014-01,FC Chur 97
Which team did Sandro Wolfinger play for right before January 2016?,Sandro Wolfinger,2016-01,SV Heimstetten
Where was Clarice Phelps educated right before January 2012?,Clarice Phelps,2012-01,Tennessee State University
Which position did Peter Aldous hold right before May 2015?,Peter Aldous,2015-05,Member of the 55th Parliament of the United Kingdom
Which position did Peter Aldous hold right before June 2017?,Peter Aldous,2017-06,Member of the 56th Parliament of the United Kingdom
Which employer did J. M. Wallace-Hadrill work for right before January 1961?,J. M. Wallace-Hadrill,1961-01,University of Manchester
Which team did Miloš Soboňa play for right before January 2001?,Miloš Soboňa,2001-01,Slovakia national association football team
Which team did Miloš Soboňa play for right before January 2002?,Miloš Soboňa,2002-01,Bursaspor
Which team did Gilbert Dussier play for right before January 1975?,Gilbert Dussier,1975-01,Jeunesse Esch
Which team did Gilbert Dussier play for right before January 1977?,Gilbert Dussier,1977-01,A.S. Nancy-Lorraine
Which team did Emmanuel Pappoe play for right before January 2005?,Emmanuel Pappoe,2005-01,F.C. Ashdod
Which team did Emmanuel Pappoe play for right before January 2007?,Emmanuel Pappoe,2007-01,Hapoel Kfar Saba F.C.
Who was the head of Balassagyarmat right before January 2006?,Balassagyarmat,2006-01,István Lombos
Who was the head of Balassagyarmat right before January 2019?,Balassagyarmat,2019-01,Lajos Medvácz
Which team did Boris Hüttenbrenner play for right before January 2008?,Boris Hüttenbrenner,2008-01,DSV Leoben
Which team did Boris Hüttenbrenner play for right before January 2013?,Boris Hüttenbrenner,2013-01,FC Kärnten
Which team did Don Campbell play for right before January 1958?,Don Campbell,1958-01,Liverpool F.C
Which team did Don Campbell play for right before January 1962?,Don Campbell,1962-01,Crewe Alexandra F.C.
Which team did Don Campbell play for right before January 1964?,Don Campbell,1964-01,Gillingham F.C.
Which employer did Annette Dittert work for right before January 2008?,Annette Dittert,2008-01,Westdeutscher Rundfunk
Who was the head coach of the team New York Liberty right before January 1998?,New York Liberty,1998-01,Nancy Darsch
Who was the head coach of the team New York Liberty right before January 2009?,New York Liberty,2009-01,Richie Adubato
Who was the head coach of the team New York Liberty right before January 2013?,New York Liberty,2013-01,John Whisenant
Which team did David Ginola play for right before January 1984?,David Ginola,1984-01,OGC Nice
Which team did David Ginola play for right before January 1997?,David Ginola,1997-01,Newcastle United F.C.
Which employer did Emil Leon Post work for right before January 1927?,Emil Leon Post,1927-01,Cornell University
Which employer did Emil Leon Post work for right before January 1932?,Emil Leon Post,1932-01,George Washington Educational Campus
Who was the head coach of the team Bolton Wanderers F.C. right before July 2020?,Bolton Wanderers F.C.,2020-07,Keith Hill
"Who was the chair of Union, Progress and Democracy right before July 2015?","Union, Progress and Democracy",2015-07,Rosa Díez
"Who was the chair of Union, Progress and Democracy right before January 2016?","Union, Progress and Democracy",2016-01,Andrés Herzog
"Who was the chair of Union, Progress and Democracy right before January 2017?","Union, Progress and Democracy",2017-01,Gorka Maneiro Labayen
Who was the head coach of the team FK Budućnost Podgorica right before November 2019?,FK Budućnost Podgorica,2019-11,Branko Brnović
Who was the head coach of the team FK Budućnost Podgorica right before July 2021?,FK Budućnost Podgorica,2021-07,Mladen Milinković
Who was the head coach of the team FK Budućnost Podgorica right before August 2022?,FK Budućnost Podgorica,2022-08,Aleksandar Nedović
Which team did Marco Kottmann play for right before January 2003?,Marco Kottmann,2003-01,FC Luzern
Which team did Marco Kottmann play for right before January 2005?,Marco Kottmann,2005-01,SC Kriens
Which team did Marco Kottmann play for right before January 2007?,Marco Kottmann,2007-01,FC Schötz
Which employer did Joseph Roach work for right before January 1982?,Joseph Roach,1982-01,Sweet Briar College
Which employer did Joseph Roach work for right before January 1987?,Joseph Roach,1987-01,Washington University in St. Louis
Which employer did Joseph Roach work for right before January 1990?,Joseph Roach,1990-01,Northwestern University
"Which position did Charles Wentworth-Fitzwilliam, 5th Earl Fitzwilliam hold right before May 1807?","Charles Wentworth-Fitzwilliam, 5th Earl Fitzwilliam",1807-05,Member of the 3rd Parliament of the United Kingdom
"Which position did Charles Wentworth-Fitzwilliam, 5th Earl Fitzwilliam hold right before June 1818?","Charles Wentworth-Fitzwilliam, 5th Earl Fitzwilliam",1818-06,Member of the 5th Parliament of the United Kingdom
"Which position did Charles Wentworth-Fitzwilliam, 5th Earl Fitzwilliam hold right before June 1826?","Charles Wentworth-Fitzwilliam, 5th Earl Fitzwilliam",1826-06,Member of the 7th Parliament of the United Kingdom
"Which position did Charles Wentworth-Fitzwilliam, 5th Earl Fitzwilliam hold right before July 1830?","Charles Wentworth-Fitzwilliam, 5th Earl Fitzwilliam",1830-07,Member of the 8th Parliament of the United Kingdom
"Which position did Charles Wentworth-Fitzwilliam, 5th Earl Fitzwilliam hold right before April 1831?","Charles Wentworth-Fitzwilliam, 5th Earl Fitzwilliam",1831-04,Member of the 9th Parliament of the United Kingdom
"Which position did Charles Wentworth-Fitzwilliam, 5th Earl Fitzwilliam hold right before December 1832?","Charles Wentworth-Fitzwilliam, 5th Earl Fitzwilliam",1832-12,Member of the 10th Parliament of the United Kingdom
"Which position did Charles Wentworth-Fitzwilliam, 5th Earl Fitzwilliam hold right before January 1853?","Charles Wentworth-Fitzwilliam, 5th Earl Fitzwilliam",1853-01,president
Who was the chair of Chamber of Deputies right before January 1855?,Chamber of Deputies,1855-01,Gaspard-Théodore-Ignace de la Fontaine
Who was the chair of Chamber of Deputies right before January 1858?,Chamber of Deputies,1858-01,Jean-Mathias Wellenstein
Who was the chair of Chamber of Deputies right before January 1866?,Chamber of Deputies,1866-01,Norbert Metz
Who was the chair of Chamber of Deputies right before January 1869?,Chamber of Deputies,1869-01,Michel Witry
Who was the chair of Chamber of Deputies right before January 1872?,Chamber of Deputies,1872-01,Paul de Scherff
Who was the chair of Chamber of Deputies right before January 1890?,Chamber of Deputies,1890-01,Zénon de Muyser
Who was the chair of Chamber of Deputies right before January 1896?,Chamber of Deputies,1896-01,Théodore de Wacquant
Who was the chair of Chamber of Deputies right before January 1905?,Chamber of Deputies,1905-01,Charles-Jean Simons
Who was the chair of Chamber of Deputies right before January 1967?,Chamber of Deputies,1967-01,Victor Bodson
Who was the chair of Chamber of Deputies right before January 1995?,Chamber of Deputies,1995-01,Erna Hennicot-Schoepges
Who was the chair of Chamber of Deputies right before July 2004?,Chamber of Deputies,2004-07,Jean Asselborn
Who was the chair of Chamber of Deputies right before July 2004?,Chamber of Deputies,2004-07,Jean Asselborn
Which political party did Shane Knuth belong to right before September 2008?,Shane Knuth,2008-09,National Party of Australia
Which political party did Shane Knuth belong to right before October 2011?,Shane Knuth,2011-10,Liberal National Party of Queensland
Which position did Samuel Christy-Miller hold right before July 1852?,Samuel Christy-Miller,1852-07,Member of the 15th Parliament of the United Kingdom
Which position did Samuel Christy-Miller hold right before March 1857?,Samuel Christy-Miller,1857-03,Member of the 16th Parliament of the United Kingdom
Where was Nicholas de Roumanie-Medforth-Mills educated right before January 2016?,Nicholas de Roumanie-Medforth-Mills,2016-01,"Royal Holloway, University of London"
Which position did Anthony Henry Ashley-Cooper hold right before June 1841?,Anthony Henry Ashley-Cooper,1841-06,Member of the 13th Parliament of the United Kingdom
Who was the head of Cádiz right before December 1915?,Cádiz,1915-12,Ramón Rivas y Valladares
Who was the head of Cádiz right before July 1917?,Cádiz,1917-07,Sebastián Martínez de Pinillos y Tourne
Who was the head of Cádiz right before June 1940?,Cádiz,1940-06,Francisco Clotet y Miranda
Who was the head of Cádiz right before November 1941?,Cádiz,1941-11,Pedro Barbadillo Delgado
Who was the head of Cádiz right before November 1942?,Cádiz,1942-11,Fernando de Arbazuza y Oliva
Who was the head of Cádiz right before March 1947?,Cádiz,1947-03,Alfonso Moreno Gallardo
Who was the head of Cádiz right before April 1979?,Cádiz,1979-04,Emilio Beltrami López-Linares
Who was the head of state of Khmer Republic right before April 1975?,Khmer Republic,1975-04,Saukam Khoy
Who was the head of state of Khmer Republic right before April 1975?,Khmer Republic,1975-04,Saukam Khoy
Which employer did Abraham Fraenkel work for right before January 1931?,Abraham Fraenkel,1931-01,University of Marburg
Which employer did Abraham Fraenkel work for right before January 1933?,Abraham Fraenkel,1933-01,University of Kiel
Which team did Junior Sandoval play for right before January 2010?,Junior Sandoval,2010-01,Atlanta Silverbacks Reserves
Which team did Kosta Rodrigues play for right before January 2002?,Kosta Rodrigues,2002-01,SC Weismain-Obermain
Which team did Kosta Rodrigues play for right before January 2004?,Kosta Rodrigues,2004-01,Hannover 96
Which employer did Paul Arthur Schilpp work for right before January 1936?,Paul Arthur Schilpp,1936-01,University of the Pacific
Where was Michela Taufer educated right before January 1996?,Michela Taufer,1996-01,University of Padua
Who was the head coach of the team CS Pandurii Târgu Jiu right before August 2017?,CS Pandurii Târgu Jiu,2017-08,Petre Grigoraș
Who was the head coach of the team CS Pandurii Târgu Jiu right before November 2017?,CS Pandurii Târgu Jiu,2017-11,Adrian Iencsi
Which team did Yaser Karami play for right before January 2010?,Yaser Karami,2010-01,Iran national under-20 football team
Which team did Yaser Karami play for right before January 2011?,Yaser Karami,2011-01,Saba Qom F.C.
Which team did Jonas Hofmann play for right before January 2014?,Jonas Hofmann,2014-01,Germany national under-21 football team
Which team did Jonas Hofmann play for right before January 2016?,Jonas Hofmann,2016-01,1. FSV Mainz 05
Which team did Romulus Miclea play for right before January 2001?,Romulus Miclea,2001-01,ASA Târgu Mureș
Which team did Romulus Miclea play for right before January 2002?,Romulus Miclea,2002-01,CSM Reșița
Which team did Romulus Miclea play for right before January 2004?,Romulus Miclea,2004-01,FCU Craiova 1948
Who was the head coach of the team FC Viktoria Plzeň right before January 2020?,FC Viktoria Plzeň,2020-01,Pavel Vrba
Who was the head coach of the team FC Viktoria Plzeň right before May 2021?,FC Viktoria Plzeň,2021-05,Adrián Guľa
Which team did Güven Gürsoy play for right before January 2012?,Güven Gürsoy,2012-01,Beşiktaş A2
Which team did Güven Gürsoy play for right before January 2015?,Güven Gürsoy,2015-01,Sakaryaspor
Who was the owner of Com Hem right before January 2003?,Com Hem,2003-01,Telia Company
Who was the owner of Com Hem right before January 2006?,Com Hem,2006-01,EQT Partners
Which team did Arnold D'Arcy play for right before January 1964?,Arnold D'Arcy,1964-01,Swindon Town F.C.
Who was the chair of USSR Ministry of Health right before March 1954?,USSR Ministry of Health,1954-03,Yefim Smirnov
Who was the chair of USSR Ministry of Health right before September 1965?,USSR Ministry of Health,1965-09,Sergei Kurashov
Who was the chair of USSR Ministry of Health right before December 1980?,USSR Ministry of Health,1980-12,Boris Petrovsky
Who was the chair of USSR Ministry of Health right before February 1987?,USSR Ministry of Health,1987-02,Sergey Burenkov
Who was the head coach of the team FC Flora Tallinn right before January 2017?,FC Flora Tallinn,2017-01,Marko Lelov
Which position did Joaquín Manglano Cucaló de Montull hold right before April 1939?,Joaquín Manglano Cucaló de Montull,1939-04,Member of the Cortes republicanas
Which position did Joaquín Manglano Cucaló de Montull hold right before May 1952?,Joaquín Manglano Cucaló de Montull,1952-05,mayor of Valencia
Which employer did Stephen Milner work for right before January 2006?,Stephen Milner,2006-01,University of Bristol
Which team did Sebastian Freis play for right before January 2015?,Sebastian Freis,2015-01,SC Freiburg
Which political party did Gad Yaacobi belong to right before January 1969?,Gad Yaacobi,1969-01,Rafi
Which employer did Manuel Estiarte work for right before January 2013?,Manuel Estiarte,2013-01,FC Barcelona
Which employer did Manuel Estiarte work for right before January 2016?,Manuel Estiarte,2016-01,FC Bayern Munich
Which position did David Lewis Davies hold right before November 1935?,David Lewis Davies,1935-11,Member of the 36th Parliament of the United Kingdom
Which position did Joseph Watson Sidebotham hold right before July 1895?,Joseph Watson Sidebotham,1895-07,Member of the 25th Parliament of the United Kingdom
Which employer did Khaled Koubaa work for right before January 2019?,Khaled Koubaa,2019-01,ICANN
Who was the head coach of the team F.C. Crotone right before December 2016?,F.C. Crotone,2016-12,Franco Scoglio
Who was the head coach of the team F.C. Crotone right before December 2018?,F.C. Crotone,2018-12,Walter Zenga
Who was the head coach of the team F.C. Crotone right before December 2021?,F.C. Crotone,2021-12,Giovanni Stroppa
Who was the head coach of the team F.C. Crotone right before May 2022?,F.C. Crotone,2022-05,Francesco Modesto
Who was the head coach of the team Fremantle Football Club right before July 2007?,Fremantle Football Club,2007-07,Ben Allan
Who was the head coach of the team Fremantle Football Club right before September 2011?,Fremantle Football Club,2011-09,Mark Harvey
Who was the head coach of the team Fremantle Football Club right before September 2019?,Fremantle Football Club,2019-09,Ross Lyon
Who was the head of Hong Kong right before June 2005?,Hong Kong,2005-06,Tung Chee Hwa
Who was the head of Hong Kong right before July 2017?,Hong Kong,2017-07,CY Leung
Which employer did Henry Edward Cusack work for right before January 1888?,Henry Edward Cusack,1888-01,Kitson and Company
Which team did Guillaume Gigliotti play for right before January 2013?,Guillaume Gigliotti,2013-01,Empoli F.C.
Which position did David Quarrey hold right before September 2020?,David Quarrey,2020-09,ambassador of the United Kingdom to Israel
Where was Nicola Shadbolt educated right before January 1980?,Nicola Shadbolt,1980-01,University of Nottingham
Where was Nicola Shadbolt educated right before January 2017?,Nicola Shadbolt,2017-01,University of Canterbury
Which political party did Giuseppe Pisanu belong to right before January 2009?,Giuseppe Pisanu,2009-01,Forza Italia (1994)
Which political party did Giuseppe Pisanu belong to right before January 2013?,Giuseppe Pisanu,2013-01,The People of Freedom
Who was the chair of University of Tokyo right before April 2015?,University of Tokyo,2015-04,Junichi Hamada
Where was John Konchar educated right before January 2015?,John Konchar,2015-01,Community High School
Where was John Konchar educated right before July 2018?,John Konchar,2018-07,Indiana University – Purdue University Fort Wayne
Which political party did Janez Drnovšek belong to right before January 1990?,Janez Drnovšek,1990-01,League of Communists of Slovenia
Who was the chair of International Olympic Committee right before January 1916?,International Olympic Committee,1916-01,Dimitrios Vikelas
Who was the chair of International Olympic Committee right before January 1919?,International Olympic Committee,1919-01,Godefroy de Blonay
Who was the chair of International Olympic Committee right before January 1925?,International Olympic Committee,1925-01,Pierre de Coubertin
Who was the chair of International Olympic Committee right before January 1972?,International Olympic Committee,1972-01,Avery Brundage
Which employer did Sinead Farrington work for right before June 2011?,Sinead Farrington,2011-06,University of Oxford
"Which position did Sir Richard Paget, 1st Baronet hold right before November 1868?","Sir Richard Paget, 1st Baronet",1868-11,Member of the 19th Parliament of the United Kingdom
"Which position did Sir Richard Paget, 1st Baronet hold right before January 1874?","Sir Richard Paget, 1st Baronet",1874-01,Member of the 20th Parliament of the United Kingdom
"Which position did Sir Richard Paget, 1st Baronet hold right before March 1880?","Sir Richard Paget, 1st Baronet",1880-03,Member of the 21st Parliament of the United Kingdom
"Which position did Sir Richard Paget, 1st Baronet hold right before December 1885?","Sir Richard Paget, 1st Baronet",1885-12,Member of the 22nd Parliament of the United Kingdom
"Which position did Sir Richard Paget, 1st Baronet hold right before July 1886?","Sir Richard Paget, 1st Baronet",1886-07,Member of the 23rd Parliament of the United Kingdom
Which team did Sead Ramović play for right before January 2001?,Sead Ramović,2001-01,Stuttgarter Kickers
Which team did Sead Ramović play for right before January 2006?,Sead Ramović,2006-01,Kickers Offenbach
Which employer did Whai Ngata work for right before January 1975?,Whai Ngata,1975-01,Auckland Star
Which employer did Whai Ngata work for right before January 1983?,Whai Ngata,1983-01,Radio New Zealand
"Who was the chair of Food, Beverages and Catering Union right before January 1951?","Food, Beverages and Catering Union",1951-01,Ferdinand Warnecke
"Who was the chair of Food, Beverages and Catering Union right before January 1966?","Food, Beverages and Catering Union",1966-01,Alfred Schattanik
"Who was the chair of Food, Beverages and Catering Union right before January 1989?","Food, Beverages and Catering Union",1989-01,Günter Döding
Who was the head coach of the team FC Hermannstadt right before October 2019?,FC Hermannstadt,2019-10,Costel Enache
Who was the head coach of the team FC Hermannstadt right before January 2020?,FC Hermannstadt,2020-01,Eugen Neagoe
Who was the head coach of the team FC Hermannstadt right before June 2020?,FC Hermannstadt,2020-06,Vasile Miriuță
Who was the head coach of the team FC Hermannstadt right before January 2021?,FC Hermannstadt,2021-01,Rubén Albés
Which team did Brian Hornsby play for right before January 1984?,Brian Hornsby,1984-01,Chesterfield F.C.
Where was Jeremy Thorpe educated right before January 1943?,Jeremy Thorpe,1943-01,The Rectory School
Which position did Theresa Amerley Tagoe hold right before January 2005?,Theresa Amerley Tagoe,2005-01,Member of the 3rd Parliament of the 4th Republic of Ghana
Who was the head coach of the team Vasas SC right before December 2019?,Vasas SC,2019-12,Károly Szanyó
Who was the head coach of the team Vasas SC right before June 2021?,Vasas SC,2021-06,Ferenc Bene
Who was the head of Mons right before January 1974?,Mons,1974-01,Leo Collard
Who was the head of Alcalá de Henares right before June 1995?,Alcalá de Henares,1995-06,Arsenio Lope Huerta
Who was the chair of Roman Catholic Diocese of Edmundston right before August 1970?,Roman Catholic Diocese of Edmundston,1970-08,Joseph-Roméo Gagnon
Who was the chair of Roman Catholic Diocese of Edmundston right before October 1993?,Roman Catholic Diocese of Edmundston,1993-10,Gérard Dionne
Which employer did Raj Kumar Yadav work for right before August 2015?,Raj Kumar Yadav,2015-08,Smt. Shanti Devi Law College
Which employer did Raj Kumar Yadav work for right before September 2018?,Raj Kumar Yadav,2018-09,"Jagan Nath University, NCR"
Which employer did Raj Kumar Yadav work for right before December 2021?,Raj Kumar Yadav,2021-12,Baba Mast Nath University
Which team did Katarina Kolar play for right before January 2011?,Katarina Kolar,2011-01,SK Austria Kärnten
Which team did Katarina Kolar play for right before January 2013?,Katarina Kolar,2013-01,ŽNK Dinamo-Maksimir
Which team did Katarina Kolar play for right before January 2014?,Katarina Kolar,2014-01,Zagłębie Lubin
Which team did Juan Sabas play for right before January 1989?,Juan Sabas,1989-01,Tomelloso CF
Which team did Juan Sabas play for right before January 1990?,Juan Sabas,1990-01,Rayo Vallecano
Which team did Juan Sabas play for right before January 1997?,Juan Sabas,1997-01,Real Betis Balompié
Which position did Vernon Coaker hold right before May 2005?,Vernon Coaker,2005-05,Member of the 53rd Parliament of the United Kingdom
Which position did Vernon Coaker hold right before May 2010?,Vernon Coaker,2010-05,Minister for Security
Who was the head of Soviet Union right before December 1930?,Soviet Union,1930-12,Alexei Rykov
Who was the head of Soviet Union right before May 1941?,Soviet Union,1941-05,Vyacheslav Molotov
Who was the head of Soviet Union right before March 1953?,Soviet Union,1953-03,Joseph Stalin
Who was the head of Soviet Union right before February 1955?,Soviet Union,1955-02,Georgy Malenkov
Who was the head of Soviet Union right before October 1964?,Soviet Union,1964-10,Nikita Khrushchev
Who was the head of Soviet Union right before October 1980?,Soviet Union,1980-10,Alexei Kosygin
Who was the head of Soviet Union right before September 1985?,Soviet Union,1985-09,Nikolai Tikhonov
Which employer did Pierre Bénichou work for right before January 1968?,Pierre Bénichou,1968-01,Jours de France
Which employer did Pierre Bénichou work for right before August 2014?,Pierre Bénichou,2014-08,Europe 1
Which employer did Randy Shannon work for right before December 2012?,Randy Shannon,2012-12,TCU Horned Frogs
Which employer did Uffe Ellemann-Jensen work for right before January 1975?,Uffe Ellemann-Jensen,1975-01,DR Nyheder
Which employer did Anna K. Panorska work for right before January 1997?,Anna K. Panorska,1997-01,University of Tennessee at Chattanooga
Which employer did Anna K. Panorska work for right before January 1999?,Anna K. Panorska,1999-01,BlueCross BlueShield of Tennessee
Which team did Marco Delvecchio play for right before January 1994?,Marco Delvecchio,1994-01,Udinese Calcio
Which team did Marco Delvecchio play for right before January 1995?,Marco Delvecchio,1995-01,FC Inter Milan
Which team did Marco Delvecchio play for right before January 2005?,Marco Delvecchio,2005-01,Italy national association football team
Where was Claire Wyart educated right before January 2000?,Claire Wyart,2000-01,École normale supérieure  (Paris)
Which employer did José Joaquín de Olmedo work for right before September 1822?,José Joaquín de Olmedo,1822-09,Provincia Libre de Guayaquil
Which employer did José Joaquín de Olmedo work for right before January 1838?,José Joaquín de Olmedo,1838-01,Gran Colombia
Which position did Xavier de La Chevalerie hold right before January 1977?,Xavier de La Chevalerie,1977-01,ambassador of France to Senegal
Which position did Xavier de La Chevalerie hold right before January 1983?,Xavier de La Chevalerie,1983-01,ambassador of France to Japan
Who was the chair of Tennessee State University right before January 1943?,Tennessee State University,1943-01,William J. Hale
Who was the chair of Tennessee State University right before January 1975?,Tennessee State University,1975-01,Andrew P. Torrence
Who was the chair of Tennessee State University right before January 2005?,Tennessee State University,2005-01,James A. Hefner
Who was the chair of Lutheran Church--Missouri Synod right before January 1864?,Lutheran Church--Missouri Synod,1864-01,F. C. D. Wyneken
Who was the chair of Lutheran Church--Missouri Synod right before January 1878?,Lutheran Church--Missouri Synod,1878-01,C. F. W. Walther
Who was the chair of Lutheran Church--Missouri Synod right before January 1911?,Lutheran Church--Missouri Synod,1911-01,Heinrich Christian Schwan
Who was the chair of Lutheran Church--Missouri Synod right before January 1935?,Lutheran Church--Missouri Synod,1935-01,Friedrich Pfotenhauer
Who was the chair of Lutheran Church--Missouri Synod right before January 1962?,Lutheran Church--Missouri Synod,1962-01,John William Behnken
Who was the chair of Lutheran Church--Missouri Synod right before January 1992?,Lutheran Church--Missouri Synod,1992-01,Ralph Arthur Bohlmann
Where was Bertha Swirles educated right before January 1921?,Bertha Swirles,1921-01,Northampton School for Girls
Where was Bertha Swirles educated right before January 1927?,Bertha Swirles,1927-01,Girton College
Which employer did Simon Stoddart work for right before January 1990?,Simon Stoddart,1990-01,University of York
Which employer did Simon Stoddart work for right before January 1996?,Simon Stoddart,1996-01,University of Bristol
Which employer did Simon Stoddart work for right before January 2014?,Simon Stoddart,2014-01,University of Cambridge
Where was Audrey Eagle educated right before January 1940?,Audrey Eagle,1940-01,Tanbridge House School
Where was Audrey Eagle educated right before January 1942?,Audrey Eagle,1942-01,Fulham Cross Girls' School and Language College
Who was the head coach of the team SønderjyskE Fodbold right before February 2019?,SønderjyskE Fodbold,2019-02,Jakob Michelsen
Who was the head coach of the team SønderjyskE Fodbold right before July 2021?,SønderjyskE Fodbold,2021-07,Glen Riddersholm
Who was the head coach of the team HNK Šibenik right before June 2022?,HNK Šibenik,2022-06,Mario Rosas
Which team did Bret Jones play for right before January 2010?,Bret Jones,2010-01,Cincinnati Kings Indoor Team
Which political party did Yasuko Komiyama belong to right before January 2017?,Yasuko Komiyama,2017-01,Democratic Party
Which position did Lennart Rönnberg hold right before January 1994?,Lennart Rönnberg,1994-01,Chief of the Army Staff
Which position did Herbert Sausgruber hold right before October 1989?,Herbert Sausgruber,1989-10,Member of Landtag of Vorarlberg
Which position did Herbert Sausgruber hold right before May 1990?,Herbert Sausgruber,1990-05,Landesrat
Which position did Herbert Sausgruber hold right before April 1997?,Herbert Sausgruber,1997-04,Vice-governor of Vorarlberg
Who was the chair of Democratic Convergence of Catalonia right before January 1989?,Democratic Convergence of Catalonia,1989-01,Ramon Trias Fargas
Who was the chair of Democratic Convergence of Catalonia right before March 2012?,Democratic Convergence of Catalonia,2012-03,Jordi Pujol
Who was the chair of Democratic Convergence of Catalonia right before April 2018?,Democratic Convergence of Catalonia,2018-04,Jacint Borràs i Manuel
Who was the chair of Scottish Parliament right before May 2016?,Scottish Parliament,2016-05,Tricia Marwick
Who was the chair of Scottish Parliament right before May 2021?,Scottish Parliament,2021-05,Ken Macintosh
Which position did Jo Grimond hold right before May 1955?,Jo Grimond,1955-05,Member of the 40th Parliament of the United Kingdom
Which position did Jo Grimond hold right before June 1970?,Jo Grimond,1970-06,Member of the 44th Parliament of the United Kingdom
Which position did Jo Grimond hold right before February 1974?,Jo Grimond,1974-02,Member of the 45th Parliament of the United Kingdom
Which position did Jo Grimond hold right before October 1974?,Jo Grimond,1974-10,Member of the 46th Parliament of the United Kingdom
Which position did Gunnar Skaug hold right before November 1990?,Gunnar Skaug,1990-11,deputy member of the Parliament of Norway
Which position did Gunnar Skaug hold right before October 1997?,Gunnar Skaug,1997-10,Substitute member of the Parliamentary Assembly of the Council of Europe
Which team did Marco Modolo play for right before January 2013?,Marco Modolo,2013-01,F.C. Pro Vercelli 1892
Who was the chair of Supreme Council of the Armed Forces right before August 2012?,Supreme Council of the Armed Forces,2012-08,Mohamed Hussein Tantawi
Who was the chair of Supreme Council of the Armed Forces right before March 2014?,Supreme Council of the Armed Forces,2014-03,Abdel Fattah el-Sisi
Which position did Charles William Packe hold right before July 1837?,Charles William Packe,1837-07,Member of the 12th Parliament of the United Kingdom
Which position did Charles William Packe hold right before March 1857?,Charles William Packe,1857-03,Member of the 16th Parliament of the United Kingdom
Which position did Charles William Packe hold right before April 1859?,Charles William Packe,1859-04,Member of the 17th Parliament of the United Kingdom
Which team did Anthony Charteau play for right before January 2008?,Anthony Charteau,2008-01,Crédit Agricole
Which team did Anthony Charteau play for right before January 2010?,Anthony Charteau,2010-01,Movistar Team
Which employer did Juan Cuevas Perales work for right before January 1818?,Juan Cuevas Perales,1818-01,Tortosa Cathedral
Which employer did Juan Cuevas Perales work for right before January 1833?,Juan Cuevas Perales,1833-01,Mezquita Catedral
Which employer did Perry T. Rathbone work for right before January 1940?,Perry T. Rathbone,1940-01,Russell A. Alger House Museum
Which employer did Perry T. Rathbone work for right before January 1955?,Perry T. Rathbone,1955-01,Saint Louis Art Museum
Which position did Seán Flanagan hold right before January 1965?,Seán Flanagan,1965-01,Substitute member of the Parliamentary Assembly of the Council of Europe
Which position did Seán Flanagan hold right before July 1969?,Seán Flanagan,1969-07,Minister for Health
Which position did Seán Flanagan hold right before July 1979?,Seán Flanagan,1979-07,"Minister for Communications, Climate Action and Environment"
Who was the chair of Czech Social Democratic Party right before January 2006?,Czech Social Democratic Party,2006-01,Stanislav Gross
Who was the chair of Czech Social Democratic Party right before January 2018?,Czech Social Democratic Party,2018-01,Bohuslav Sobotka
Who was the chair of Czech Social Democratic Party right before January 2021?,Czech Social Democratic Party,2021-01,Jan Hamáček
Who was the head coach of the team SFC Opava right before June 2020?,SFC Opava,2020-06,Ivan Kopecký
Which employer did Ajit Pai work for right before February 2001?,Ajit Pai,2001-02,United States Department of Justice Antitrust Division
Which employer did Ajit Pai work for right before May 2004?,Ajit Pai,2004-05,Verizon
Which employer did Ajit Pai work for right before January 2021?,Ajit Pai,2021-01,Jenner & Block
Which team did David Steven play for right before January 1897?,David Steven,1897-01,Bury F.C.
Which team did David Steven play for right before January 1899?,David Steven,1899-01,Southampton F.C.
"Which position did John Russell, 1st Earl Russell hold right before June 1818?","John Russell, 1st Earl Russell",1818-06,Member of the 5th Parliament of the United Kingdom
"Which position did John Russell, 1st Earl Russell hold right before December 1826?","John Russell, 1st Earl Russell",1826-12,Member of the 7th Parliament of the United Kingdom
"Which position did John Russell, 1st Earl Russell hold right before April 1831?","John Russell, 1st Earl Russell",1831-04,Member of the 9th Parliament of the United Kingdom
"Which position did John Russell, 1st Earl Russell hold right before December 1832?","John Russell, 1st Earl Russell",1832-12,Member of the 10th Parliament of the United Kingdom
"Which position did John Russell, 1st Earl Russell hold right before April 1835?","John Russell, 1st Earl Russell",1835-04,Member of the 11th Parliament of the United Kingdom
"Which position did John Russell, 1st Earl Russell hold right before July 1837?","John Russell, 1st Earl Russell",1837-07,Member of the 12th Parliament of the United Kingdom
"Which position did John Russell, 1st Earl Russell hold right before July 1847?","John Russell, 1st Earl Russell",1847-07,Member of the 14th Parliament of the United Kingdom
"Which position did John Russell, 1st Earl Russell hold right before July 1852?","John Russell, 1st Earl Russell",1852-07,Member of the 15th Parliament of the United Kingdom
"Which position did John Russell, 1st Earl Russell hold right before May 1855?","John Russell, 1st Earl Russell",1855-05,Lord President of the Council
"Which position did John Russell, 1st Earl Russell hold right before March 1857?","John Russell, 1st Earl Russell",1857-03,Secretary of State for the Colonies
Which position did Ann Winterton hold right before May 2005?,Ann Winterton,2005-05,Member of the 53rd Parliament of the United Kingdom
Who was the chair of Order of Vittorio Veneto right before January 1978?,Order of Vittorio Veneto,1978-01,Giovanni Leone
Who was the chair of Order of Vittorio Veneto right before January 1985?,Order of Vittorio Veneto,1985-01,Sandro Pertini
Who was the chair of Order of Vittorio Veneto right before January 1992?,Order of Vittorio Veneto,1992-01,Francesco Cossiga
Who was the chair of Order of Vittorio Veneto right before January 2006?,Order of Vittorio Veneto,2006-01,Carlo Azeglio Ciampi
Who was the chair of Order of Vittorio Veneto right before January 2015?,Order of Vittorio Veneto,2015-01,Giorgio Napolitano
Who was the chair of Economic Community of West African States right before September 1977?,Economic Community of West African States,1977-09,Yakubu Gowon
Who was the chair of Economic Community of West African States right before September 1979?,Léopold Sédar Senghor,1979-09,Olusegun Obasanjo
Who was the chair of Economic Community of West African States right before January 1981?,Economic Community of West African States,1981-01,Léopold Sédar Senghor
Who was the chair of Economic Community of West African States right before January 1982?,Mathieu Kérékou,1982-01,Siaka Probyn Stevens
Who was the chair of Economic Community of West African States right before January 1984?,Economic Community of West African States,1984-01,Ahmed Sékou Touré
Who was the chair of Economic Community of West African States right before January 1992?,Economic Community of West African States,1992-01,Lansana Conté
Who was the chair of Economic Community of West African States right before January 1993?,Economic Community of West African States,1993-01,Abdou Diouf
Who was the chair of Economic Community of West African States right before January 1994?,Jerry Rawlings,1994-01,Nicéphore Soglo
Who was the chair of Economic Community of West African States right before July 1996?,Sani Abacha,1996-07,Jerry Rawlings
Who was the chair of Economic Community of West African States right before June 1998?,Economic Community of West African States,1998-06,Sani Abacha
Who was the chair of Economic Community of West African States right before December 2001?,Economic Community of West African States,2001-12,Alpha Oumar Konaré
Who was the chair of Economic Community of West African States right before January 2003?,Economic Community of West African States,2003-01,Abdoulaye Wade
Who was the chair of Economic Community of West African States right before January 2007?,Economic Community of West African States,2007-01,Mamadou Tandja
Who was the chair of Economic Community of West African States right before February 2010?,Economic Community of West African States,2010-02,Umaru Musa Yar'Adua
Who was the chair of Economic Community of West African States right before February 2012?,Economic Community of West African States,2012-02,Goodluck Jonathan
Who was the chair of Economic Community of West African States right before May 2015?,Economic Community of West African States,2015-05,John Mahama
Who was the chair of Economic Community of West African States right before June 2016?,Economic Community of West African States,2016-06,Macky Sall
Who was the chair of Economic Community of West African States right before June 2019?,Economic Community of West African States,2019-06,Muhammadu Buhari
Who was the chair of Economic Community of West African States right before June 2020?,Economic Community of West African States,2020-06,Mahamadou Issoufou
Which employer did Frederick M. Bernthal work for right before January 1978?,Frederick M. Bernthal,1978-01,Michigan State University
Which employer did Frederick M. Bernthal work for right before January 1983?,Frederick M. Bernthal,1983-01,Howard Baker
Which employer did Frederick M. Bernthal work for right before January 1990?,Frederick M. Bernthal,1990-01,Nuclear Regulatory Commission
Where was Stefan E. Warschawski educated right before January 1926?,Stefan E. Warschawski,1926-01,University of Königsberg
Where was Stefan E. Warschawski educated right before January 1928?,Stefan E. Warschawski,1928-01,University of Göttingen
Which position did George Daggar hold right before October 1931?,George Daggar,1931-10,Member of the 35th Parliament of the United Kingdom
Which position did George Daggar hold right before February 1950?,George Daggar,1950-02,Member of the 38th Parliament of the United Kingdom
Which position did Sergio Osmeña hold right before January 1922?,Sergio Osmeña,1922-01,Speaker of the House of Representatives of the Philippines
Which position did Sergio Osmeña hold right before January 1935?,Sergio Osmeña,1935-01,President pro tempore of the Senate of the Philippines
Who was the chair of Supreme Court of the Netherlands right before January 1939?,Supreme Court of the Netherlands,1939-01,Augustus Fentener van Vlissingen
Which employer did Roger G. Barry work for right before January 1968?,Roger G. Barry,1968-01,University of Southampton
Which position did Anniken Huitfeldt hold right before September 2012?,Anniken Huitfeldt,2012-09,Minister of Children and Families
Which position did Anniken Huitfeldt hold right before October 2021?,Anniken Huitfeldt,2021-10,Minister of Labour and Social Inclusion
Which employer did Khadija Arib work for right before January 1987?,Khadija Arib,1987-01,Ministry of Social Affairs and Employment
Who was the head of Nantou County right before February 1967?,Nantou County,1967-02,Yang Chao-pi
Who was the head of Nantou County right before February 1973?,Nantou County,1973-02,Lin Yang-kang
Who was the head of Nantou County right before December 1981?,Nantou County,1981-12,Meng Fan-chao
Who was the head of Nantou County right before December 1981?,Nantou County,1981-12,Meng Fan-chao
Who was the head of Nantou County right before December 1989?,Nantou County,1989-12,Wu Den-yih
Who was the head of Nantou County right before January 2001?,Nantou County,2001-01,Lin Yuan-lang
Who was the head of Nantou County right before December 2005?,Nantou County,2005-12,Lin Tsung-nan
Who was the head of Nantou County right before December 2014?,Nantou County,2014-12,Lee Chao-ching
Which team did Yves Deroff play for right before January 2002?,Yves Deroff,2002-01,F.C. Nantes
Which team did Yves Deroff play for right before January 2007?,Yves Deroff,2007-01,RC Strasbourg
Which team did Yves Deroff play for right before January 2010?,Yves Deroff,2010-01,En Avant de Guingamp
Who was the chair of People's Party of the Balearic Islands right before January 1995?,People's Party of the Balearic Islands,1995-01,Gabriel Cañellas i Fons
Who was the chair of People's Party of the Balearic Islands right before January 1996?,People's Party of the Balearic Islands,1996-01,Cristòfol Soler
Who was the chair of People's Party of the Balearic Islands right before July 2008?,People's Party of the Balearic Islands,2008-07,Jaume Matas
Who was the chair of People's Party of the Balearic Islands right before March 2017?,People's Party of the Balearic Islands,2017-03,Miquel Vidal Vidal
Who was the chair of Belgian Senate right before July 2019?,Belgian Senate,2019-07,Jean-Paul Wahl
Who was the chair of Belgian Senate right before October 2020?,Belgian Senate,2020-10,Sabine Laruelle
Who was the head coach of the team Feyenoord right before October 2019?,Feyenoord,2019-10,Jaap Stam
Who was the head coach of the team Feyenoord right before July 2021?,Feyenoord,2021-07,Dick Advocaat
Who was the chair of Delta Air Lines right before January 1965?,Delta Air Lines,1965-01,Carleton Putnam
Who was the chair of Delta Air Lines right before January 1987?,Delta Air Lines,1987-01,"David C. Garrett, Jr."
Who was the chair of Delta Air Lines right before January 1997?,Delta Air Lines,1997-01,Ronald W. Allen
Who was the chair of Delta Air Lines right before January 1999?,Delta Air Lines,1999-01,Gerald Grinstein
Who was the chair of Delta Air Lines right before January 2007?,Delta Air Lines,2007-01,Leo Mullin
Which position did Jim McDermott hold right before January 1975?,Jim McDermott,1975-01,member of the Washington House of Representatives
Which position did Jim McDermott hold right before January 1989?,Jim McDermott,1989-01,member of the State Senate of Washington
Who was the head coach of the team FC Astra Giurgiu right before June 2018?,FC Astra Giurgiu,2018-06,Edward Iordănescu
Who was the head coach of the team FC Astra Giurgiu right before September 2018?,FC Astra Giurgiu,2018-09,Marius Măldărășanu
Who was the head coach of the team FC Astra Giurgiu right before November 2018?,FC Astra Giurgiu,2018-11,Gheorghe Mulțescu
Who was the head coach of the team FC Astra Giurgiu right before June 2019?,FC Astra Giurgiu,2019-06,Costel Enache
Who was the head coach of the team FC Astra Giurgiu right before October 2019?,FC Astra Giurgiu,2019-10,Dan Alexa
Who was the head coach of the team FC Astra Giurgiu right before July 2021?,FC Astra Giurgiu,2021-07,Ionuț Badea
"Which position did Sir Walter Nugent, 4th Baronet hold right before January 1910?","Sir Walter Nugent, 4th Baronet",1910-01,Member of the 28th Parliament of the United Kingdom
"Which position did Sir Walter Nugent, 4th Baronet hold right before December 1910?","Sir Walter Nugent, 4th Baronet",1910-12,Member of the 29th Parliament of the United Kingdom
Which team did Sergio Codognato play for right before January 1964?,Sergio Codognato,1964-01,FC Inter Milan
Which team did Sergio Codognato play for right before January 1966?,Sergio Codognato,1966-01,U.S. Alessandria Calcio 1912
Which team did Sergio Codognato play for right before January 1967?,Sergio Codognato,1967-01,U.S. Salernitana 1919
Which team did Sergio Codognato play for right before January 1968?,Sergio Codognato,1968-01,S.C. Ravenna Sport 2019
Which team did Sergio Codognato play for right before January 1969?,Sergio Codognato,1969-01,Modena F.C.
Which team did Sergio Codognato play for right before January 1976?,Sergio Codognato,1976-01,Cosenza Calcio 1914
Who was the head coach of the team K.V. Kortrijk right before November 2018?,K.V. Kortrijk,2018-11,Glen De Boeck
Who was the head coach of the team K.V. Kortrijk right before October 2021?,K.V. Kortrijk,2021-10,Luka Elsner
Who was the head of Brno right before November 2018?,Brno,2018-11,Petr Vokřál
Which team did Brian Rhodes play for right before January 1963?,Brian Rhodes,1963-01,West Ham United F.C.
Which employer did William McCrea work for right before January 1936?,William McCrea,1936-01,Imperial College London
Which employer did William McCrea work for right before January 1966?,William McCrea,1966-01,"Royal Holloway, University of London"
Which employer did Woldemar Bargiel work for right before January 1865?,Woldemar Bargiel,1865-01,Hochschule für Musik und Tanz Köln
Which employer did Woldemar Bargiel work for right before January 1874?,Woldemar Bargiel,1874-01,Maatschappij tot Bevordering der Toonkunst
Which employer did Sidney W. Bijou work for right before January 1948?,Sidney W. Bijou,1948-01,Indiana University Bloomington
Which employer did Sidney W. Bijou work for right before January 1965?,Sidney W. Bijou,1965-01,University of Washington
Which employer did Sidney W. Bijou work for right before January 1975?,Sidney W. Bijou,1975-01,University of Illinois at Urbana–Champaign
Which employer did Sidney W. Bijou work for right before January 1993?,Sidney W. Bijou,1993-01,University of Arizona
Which position did Siim Kallas hold right before March 1999?,Siim Kallas,1999-03,Minister of Foreign Affairs
Which position did Siim Kallas hold right before February 2010?,Siim Kallas,2010-02,European Commissioner for Economic and Monetary Affairs and the Euro
Which team did Scott Flinders play for right before January 2009?,Scott Flinders,2009-01,Falkirk F.C.
Which position did Edward Royd Rice hold right before June 1841?,Edward Royd Rice,1841-06,Member of the 13th Parliament of the United Kingdom
Which position did Edward Royd Rice hold right before July 1847?,Edward Royd Rice,1847-07,Member of the 14th Parliament of the United Kingdom
Which position did Edward Royd Rice hold right before July 1852?,Edward Royd Rice,1852-07,Member of the 15th Parliament of the United Kingdom
Which team did Hugo Pina play for right before January 2007?,Hugo Pina,2007-01,Córdoba CF
Which team did Hugo Pina play for right before January 2009?,Hugo Pina,2009-01,Club Deportivo Guadalajara
Which team did Hugo Pina play for right before January 2012?,Hugo Pina,2012-01,S.C.U. Torreense
Which team did Hugo Pina play for right before January 2014?,Hugo Pina,2014-01,Atlético Clube de Portugal
Which team did Hugo Pina play for right before January 2015?,Hugo Pina,2015-01,C.D. Mafra
Which position did Arthur Nordlie hold right before January 1937?,Arthur Nordlie,1937-01,deputy member of the Parliament of Norway
Which position did Arthur Nordlie hold right before January 1945?,Arthur Nordlie,1945-01,member of the Parliament of Norway
Which employer did Elizabeth A. Fenn work for right before January 2002?,Elizabeth A. Fenn,2002-01,George Washington University
Which employer did Elizabeth A. Fenn work for right before January 2012?,Elizabeth A. Fenn,2012-01,Duke University
Which employer did Sergio Villalobos work for right before January 2016?,Sergio Villalobos,2016-01,Bernardo O'Higgins University
Which employer did Wendell A. Mordy work for right before January 1956?,Wendell A. Mordy,1956-01,Hawaii Agriculture Research Center
Which employer did Wendell A. Mordy work for right before January 1960?,Wendell A. Mordy,1960-01,Stockholm University
Which position did Josef Zieleniec hold right before November 2000?,Josef Zieleniec,2000-11,Member of the Chamber of Deputies of the Parliament of the Czech Republic
Which position did Josef Zieleniec hold right before July 2004?,Josef Zieleniec,2004-07,Member of the Senate of the Parliament of the Czech Republic
Which employer did Nathan Gregory Silvermaster work for right before January 1940?,Nathan Gregory Silvermaster,1940-01,Maritime Labor Board
Where was Adolf Born educated right before January 1950?,Adolf Born,1950-01,"Faculty of Education, Charles University"
Where was Xi Murong educated right before January 1964?,Xi Murong,1964-01,National Taiwan Normal University
Which employer did Lukáš M. Vytlačil work for right before January 2018?,Lukáš M. Vytlačil,2018-01,"Institute of Ethnology, Czech Academy of Sciences"
Where was Benjamín Subercaseaux educated right before January 1915?,Benjamín Subercaseaux,1915-01,Instituto Nacional General José Miguel Carrera
Where was Benjamín Subercaseaux educated right before January 1919?,Benjamín Subercaseaux,1919-01,Colegio de los Sagrados Corazones de Santiago
Which employer did Jerzy Neyman work for right before January 1934?,Jerzy Neyman,1934-01,Nencki Institute of Experimental Biology
Who was the head of Aulnay-sous-Bois right before April 2014?,Aulnay-sous-Bois,2014-04,Gérard Ségura
Which employer did Richard C. Bradt work for right before January 1983?,Richard C. Bradt,1983-01,Pennsylvania State University
Which employer did Richard C. Bradt work for right before January 1989?,Richard C. Bradt,1989-01,University of Washington
Which employer did Otto E. Neugebauer work for right before January 1969?,Otto E. Neugebauer,1969-01,Brown University
Which employer did Mary Meeker work for right before January 1986?,Mary Meeker,1986-01,Merrill Lynch
Which team did Kevin Tully play for right before January 1975?,Kevin Tully,1975-01,Cambridge United F.C.
Which team did Kevin Tully play for right before January 1978?,Kevin Tully,1978-01,Crewe Alexandra F.C.
Which team did Kevin Tully play for right before January 1980?,Kevin Tully,1980-01,Port Vale F.C.
"Which position did George Montagu, 6th Duke of Manchester hold right before July 1830?","George Montagu, 6th Duke of Manchester",1830-07,Member of the 8th Parliament of the United Kingdom
"Which position did George Montagu, 6th Duke of Manchester hold right before April 1831?","George Montagu, 6th Duke of Manchester",1831-04,Member of the 9th Parliament of the United Kingdom
Which employer did Lawrence Heaney work for right before January 1975?,Lawrence Heaney,1975-01,University of Minnesota
Which employer did Lawrence Heaney work for right before January 1979?,Lawrence Heaney,1979-01,University of Kansas
Which employer did Lawrence Heaney work for right before January 1986?,Lawrence Heaney,1986-01,University of Michigan
Which employer did Mark Krein work for right before January 1941?,Mark Krein,1941-01,Odesa University
Which employer did Matthew Pratt Guterl work for right before January 2012?,Matthew Pratt Guterl,2012-01,Indiana University Bloomington
Which position did Mark Clinton hold right before September 1969?,Mark Clinton,1969-09,Substitute member of the Parliamentary Assembly of the Council of Europe
Which position did Mark Clinton hold right before March 1973?,Mark Clinton,1973-03,Representative of the Parliamentary Assembly of the Council of Europe
Which position did Mark Clinton hold right before July 1979?,Mark Clinton,1979-07,"Minister for Agriculture, Food and the Marine"
"Which position did Charles-Joseph, 4th Duke d'Ursel hold right before September 1815?","Charles-Joseph, 4th Duke d'Ursel",1815-09,interior minister
"Which position did Charles-Joseph, 4th Duke d'Ursel hold right before January 1829?","Charles-Joseph, 4th Duke d'Ursel",1829-01,"Minister of Transport, Public Works and Water Management"
"Which position did Charles-Joseph, 4th Duke d'Ursel hold right before January 1839?","Charles-Joseph, 4th Duke d'Ursel",1839-01,Minister of State
Which political party did R.N. Upadhyaya belong to right before January 1964?,R.N. Upadhyaya,1964-01,Communist Party of India
Which political party did R.N. Upadhyaya belong to right before January 1969?,R.N. Upadhyaya,1969-01,Communist Party of India (Marxist)
Which employer did Wilhelm Flügge work for right before January 1932?,Wilhelm Flügge,1932-01,Dyckerhoff & Widmann
Which employer did Wilhelm Flügge work for right before January 1939?,Wilhelm Flügge,1939-01,University of Göttingen
Which employer did Wilhelm Flügge work for right before January 1948?,Wilhelm Flügge,1948-01,Office National d'Études et de Recherches Aérospatiales
Who was the head of Vârghiș right before October 2020?,Vârghiș,2020-10,Levente-Lehel Sütő
Which team did Alexis Alexandrou play for right before January 1997?,Alexis Alexandrou,1997-01,Cyprus national football team
"Which position did Frederick Elwyn Jones, Baron Elwyn-Jones hold right before February 1950?","Frederick Elwyn Jones, Baron Elwyn-Jones",1950-02,Member of the 38th Parliament of the United Kingdom
"Which position did Frederick Elwyn Jones, Baron Elwyn-Jones hold right before October 1951?","Frederick Elwyn Jones, Baron Elwyn-Jones",1951-10,Member of the 39th Parliament of the United Kingdom
"Which position did Frederick Elwyn Jones, Baron Elwyn-Jones hold right before May 1955?","Frederick Elwyn Jones, Baron Elwyn-Jones",1955-05,Member of the 40th Parliament of the United Kingdom
"Which position did Frederick Elwyn Jones, Baron Elwyn-Jones hold right before October 1959?","Frederick Elwyn Jones, Baron Elwyn-Jones",1959-10,Member of the 41st Parliament of the United Kingdom
"Which position did Frederick Elwyn Jones, Baron Elwyn-Jones hold right before October 1964?","Frederick Elwyn Jones, Baron Elwyn-Jones",1964-10,Member of the 42nd Parliament of the United Kingdom
Where was Jessica Stegrud educated right before January 1991?,Jessica Stegrud,1991-01,Karlstad University
Where was Jessica Stegrud educated right before January 1993?,Jessica Stegrud,1993-01,Gävle University College
Which team did Caín Fara play for right before January 2018?,Caín Fara,2018-01,Estudiantes de Buenos Aires
Which employer did Caroline C. Hunter work for right before January 2008?,Caroline C. Hunter,2008-01,United States Department of Homeland Security
Who was the owner of NTV right before January 1997?,NTV,1997-01,Most Group
Who was the owner of NTV right before January 2001?,NTV,2001-01,Media-Most
Which team did Marco Verratti play for right before January 2011?,Marco Verratti,2011-01,Italy national under-19 football team
Which team did Marco Verratti play for right before January 2012?,Marco Verratti,2012-01,Italy national under-20 football team
Which team did Kotaro Yamazaki play for right before January 2003?,Kotaro Yamazaki,2003-01,Shimizu S-Pulse
Which political party did Sylvain Maillard belong to right before January 2016?,Sylvain Maillard,2016-01,Les Centristes
Who was the head of Keelung right before December 2014?,Keelung,2014-12,Chang Tong-rong
Where was Julia Kempe educated right before October 1996?,Julia Kempe,1996-10,Pierre and Marie Curie University
Where was Julia Kempe educated right before August 1997?,Julia Kempe,1997-08,École normale supérieure  (Paris)
Who was the head of Skanderborg Municipality right before April 2019?,Skanderborg Municipality,2019-04,Jørgen Gaarde
Which employer did Thomas William Walker work for right before January 1941?,Thomas William Walker,1941-01,Rothamsted Research
Which employer did Thomas William Walker work for right before January 1958?,Thomas William Walker,1958-01,University of Manchester
Which employer did Pedro J. Ramírez work for right before June 1980?,Pedro J. Ramírez,1980-06,ABC
Which employer did Pedro J. Ramírez work for right before October 1989?,Pedro J. Ramírez,1989-10,Diario 16
Which employer did Bill Richardson work for right before January 1974?,Bill Richardson,1974-01,F. Bradford Morse
Where was Anna Corbella i Jordi educated right before January 2002?,Anna Corbella i Jordi,2002-01,Autonomous University of Barcelona
Where was Anna Corbella i Jordi educated right before January 2006?,Anna Corbella i Jordi,2006-01,University of Cádiz
Which position did Peter Griffiths hold right before June 1983?,Peter Griffiths,1983-06,Member of the 48th Parliament of the United Kingdom
Which position did Peter Griffiths hold right before June 1987?,Peter Griffiths,1987-06,Member of the 49th Parliament of the United Kingdom
Which position did Peter Griffiths hold right before April 1992?,Peter Griffiths,1992-04,Member of the 50th Parliament of the United Kingdom
Which position did Andrew Robathan hold right before June 2001?,Andrew Robathan,2001-06,Member of the 52nd Parliament of the United Kingdom
Which position did Andrew Robathan hold right before May 2010?,Andrew Robathan,2010-05,Member of the 54th Parliament of the United Kingdom
Which position did Andrew Robathan hold right before October 2015?,Andrew Robathan,2015-10,Minister of State for Northern Ireland
Which team did Percy Smith play for right before January 1910?,Percy Smith,1910-01,Preston North End F.C.
Which team did Percy Smith play for right before January 1920?,Percy Smith,1920-01,Blackburn Rovers F.C.
Which team did Percy Smith play for right before January 1921?,Percy Smith,1921-01,Fleetwood Town F.C.
Which political party did Jacques Piette belong to right before January 1969?,Jacques Piette,1969-01,French Section of the Workers' International
Which employer did Masahisa Fujita work for right before July 1986?,Masahisa Fujita,1986-07,Kyoto University
Which employer did Masahisa Fujita work for right before April 1995?,Masahisa Fujita,1995-04,University of Pennsylvania Economics Department
Which team did Jasmin Moranjkić play for right before January 2014?,Jasmin Moranjkić,2014-01,NK Zvijezda Gradačac
Which team did Jasmin Moranjkić play for right before January 2015?,Jasmin Moranjkić,2015-01,OFK Gradina
Which employer did Amos Yong work for right before January 2005?,Amos Yong,2005-01,Bethany University
Which employer did Amos Yong work for right before January 2014?,Amos Yong,2014-01,Regent University
Who was the head coach of the team FC Zbrojovka Brno right before October 2019?,FC Zbrojovka Brno,2019-10,Svatopluk Habanec
Who was the head of Brandenburg an der Havel right before January 1985?,Brandenburg an der Havel,1985-01,Elvira Lippitz
Who was the head of Brandenburg an der Havel right before December 2003?,Brandenburg an der Havel,2003-12,Helmut Schmidt
Who was the head of Brandenburg an der Havel right before October 2017?,Brandenburg an der Havel,2017-10,Dietlind Tiemann
Which employer did Leslie Valiant work for right before January 1976?,Leslie Valiant,1976-01,University of Leeds
Which position did Cyril Smith hold right before May 1979?,Cyril Smith,1979-05,Liberal Democrats Chief Whip
Which position did Cyril Smith hold right before June 1983?,Cyril Smith,1983-06,Member of the 48th Parliament of the United Kingdom
Who was the owner of Gravesend town pier right before January 2000?,Gravesend town pier,2000-01,"London, Tilbury and Southend Railway"
Who was the owner of Gravesend town pier right before November 2022?,Gravesend town pier,2022-11,Gravesham Borough Council
Which team did Hiroaki Tajima play for right before January 1997?,Hiroaki Tajima,1997-01,Shimizu S-Pulse
Which team did Hiroaki Tajima play for right before January 2000?,Hiroaki Tajima,2000-01,Honda FC
Which team did Macchambes Younga-Mouhani play for right before January 2005?,Macchambes Younga-Mouhani,2005-01,SV Wacker Burghausen
Which team did Macchambes Younga-Mouhani play for right before January 2007?,Macchambes Younga-Mouhani,2007-01,Rot-Weiss Essen
Which political party did Ulrike Trebesius belong to right before October 2018?,Ulrike Trebesius,2018-10,Liberal Conservative Reformers
Who was the head of Jönköping County right before October 2017?,Jönköping County,2017-10,Håkan Sörman
Who was the head of Jönköping County right before January 2018?,Jönköping County,2018-01,Anneli Wirtén
"Which position did Hardinge Giffard, 1st Earl of Halsbury hold right before March 1880?","Hardinge Giffard, 1st Earl of Halsbury",1880-03,Member of the 21st Parliament of the United Kingdom
"Which position did Hardinge Giffard, 1st Earl of Halsbury hold right before June 1885?","Hardinge Giffard, 1st Earl of Halsbury",1885-06,Member of the 22nd Parliament of the United Kingdom
Which employer did Harold Hotelling work for right before January 1919?,Harold Hotelling,1919-01,Puyallup Herald
Which employer did Harold Hotelling work for right before January 1924?,Harold Hotelling,1924-01,The Washington Standard
Which employer did Harold Hotelling work for right before January 1931?,Harold Hotelling,1931-01,Stanford University
"Which position did John Manners, 2nd Duke of Rutland hold right before January 1705?","John Manners, 2nd Duke of Rutland",1705-01,Member of the 1701-02 Parliament
"Which position did John Manners, 2nd Duke of Rutland hold right before December 1714?","John Manners, 2nd Duke of Rutland",1714-12,Member of the 3rd Parliament of Great Britain
Which team did Theo Bücker play for right before January 1973?,Theo Bücker,1973-01,Borussia Dortmund
Which team did Theo Bücker play for right before January 1978?,Theo Bücker,1978-01,MSV Duisburg
Which team did Theo Bücker play for right before January 1981?,Theo Bücker,1981-01,Al Ittihad FC
Where was Oliver Dimon Kellogg educated right before January 1900?,Oliver Dimon Kellogg,1900-01,Princeton University
Where was Oliver Dimon Kellogg educated right before January 1901?,Oliver Dimon Kellogg,1901-01,Frederick William University
Who was the chair of Mánes Union of Fine Arts right before January 2013?,Mánes Union of Fine Arts,2013-01,Jiří T. Kotalík
Who was the chair of Mánes Union of Fine Arts right before January 2015?,Mánes Union of Fine Arts,2015-01,Adam Hoffmeister
"Which position did Alfred Robens, Baron Robens of Woldingham hold right before May 1955?","Alfred Robens, Baron Robens of Woldingham",1955-05,Representative of the Parliamentary Assembly of the Council of Europe
"Which position did Alfred Robens, Baron Robens of Woldingham hold right before October 1959?","Alfred Robens, Baron Robens of Woldingham",1959-10,Shadow Foreign Secretary
"Which position did Alfred Robens, Baron Robens of Woldingham hold right before June 1961?","Alfred Robens, Baron Robens of Woldingham",1961-06,Member of the 42nd Parliament of the United Kingdom
Who was the chair of Volkswagen Group right before January 1979?,Volkswagen Group,1979-01,Hans Birnbaum
Who was the chair of Volkswagen Group right before January 1987?,Volkswagen Group,1987-01,Karl Gustaf Ratjen
Who was the chair of Volkswagen Group right before January 2002?,Volkswagen Group,2002-01,Klaus Liesen
Who was the chair of Confédération des syndicats nationaux right before January 2012?,Confédération des syndicats nationaux,2012-01,Claudette Carbonneau
Who was the chair of Confédération des syndicats nationaux right before June 2021?,Confédération des syndicats nationaux,2021-06,Jacques Létourneau
Which employer did Friedrich Leo work for right before January 1881?,Friedrich Leo,1881-01,University of Bonn
Which employer did Friedrich Leo work for right before January 1883?,Friedrich Leo,1883-01,University of Kiel
Which employer did Friedrich Leo work for right before January 1889?,Friedrich Leo,1889-01,University of Strasbourg
Which position did Edgardo Angara hold right before May 1999?,Edgardo Angara,1999-05,President of the Senate of the Philippines
Which position did Edgardo Angara hold right before June 2001?,Edgardo Angara,2001-06,Secretary of Agriculture
"Which position did Miguel Primo de Rivera, 2nd Marquis of Estella hold right before January 1922?","Miguel Primo de Rivera, 2nd Marquis of Estella",1922-01,Senator of the Kingdom
"Which position did Miguel Primo de Rivera, 2nd Marquis of Estella hold right before October 1924?","Miguel Primo de Rivera, 2nd Marquis of Estella",1924-10,Captain General of Catalonia
"Which position did Miguel Primo de Rivera, 2nd Marquis of Estella hold right before December 1925?","Miguel Primo de Rivera, 2nd Marquis of Estella",1925-12,High Commissioner of Spain to Morocco
Which employer did David Newth work for right before January 1960?,David Newth,1960-01,University College London
Who was the chair of Brazilian Academy of Sciences right before January 1926?,Brazilian Academy of Sciences,1926-01,Henrique Charles Morize
Who was the chair of Brazilian Academy of Sciences right before January 1933?,Brazilian Academy of Sciences,1933-01,Eusébio Paulo de Oliveira
Who was the chair of Brazilian Academy of Sciences right before January 1939?,Brazilian Academy of Sciences,1939-01,Álvaro Alberto da Mota e Silva
Who was the chair of Brazilian Academy of Sciences right before January 1967?,Brazilian Academy of Sciences,1967-01,Carlos Chagas Filho
Who was the chair of Brazilian Academy of Sciences right before January 1981?,Brazilian Academy of Sciences,1981-01,Aristides Azevedo Pacheco Leão
Who was the chair of Brazilian Academy of Sciences right before January 1991?,Brazilian Academy of Sciences,1991-01,Maurício Peixoto
Who was the chair of Brazilian Academy of Sciences right before January 2007?,Brazilian Academy of Sciences,2007-01,Eduardo Krieger
"Which position did Emil Stang, Sr. hold right before July 1889?","Emil Stang, Sr.",1889-07,deputy member of the Parliament of Norway
"Which position did Emil Stang, Sr. hold right before May 1893?","Emil Stang, Sr.",1893-05,Minister of Auditing
"Which position did Emil Stang, Sr. hold right before January 1896?","Emil Stang, Sr.",1896-01,Minister of Education and Church Affairs
Who was the chair of Regional Council of Lombardy right before July 2006?,Regional Council of Lombardy,2006-07,Attilio Fontana
Who was the chair of Regional Council of Lombardy right before May 2010?,Regional Council of Lombardy,2010-05,Giulio Achille De Capitani
Who was the head of Morsø Municipality right before January 2010?,Morsø Municipality,2010-01,Egon Pleidrup Poulsen
Who was the head of Morsø Municipality right before January 2014?,Morsø Municipality,2014-01,Lauge Larsen
Which position did Hermogenes Ebdane hold right before July 2007?,Hermogenes Ebdane,2007-07,Secretary of National Defense
Which team did Elixabete Sarasola play for right before January 2012?,Elixabete Sarasola,2012-01,FC Barcelona Femení
Which team did Elixabete Sarasola play for right before January 2015?,Elixabete Sarasola,2015-01,College of Charleston Cougars
Which employer did Stanford Lyman work for right before January 1964?,Stanford Lyman,1964-01,University of British Columbia
Which employer did Stanford Lyman work for right before January 1972?,Stanford Lyman,1972-01,"University of California, San Diego"
Who was the head coach of the team Philadelphia Union right before January 2012?,Philadelphia Union,2012-01,Piotr Nowak
Who was the head coach of the team Philadelphia Union right before January 2014?,Philadelphia Union,2014-01,John Hackworth
Which team did Mikel Antía Mendiaraz play for right before January 1994?,Mikel Antía Mendiaraz,1994-01,Real Madrid Cddastilla
Which team did Mikel Antía Mendiaraz play for right before January 1995?,Mikel Antía Mendiaraz,1995-01,RC Celta B
Which team did Mikel Antía Mendiaraz play for right before January 1997?,Mikel Antía Mendiaraz,1997-01,Real Valladolid
Which team did Mikel Antía Mendiaraz play for right before January 2004?,Mikel Antía Mendiaraz,2004-01,Sociedad Deportiva Ponferradina
Which team did Dimitris Kiliaras play for right before January 2011?,Dimitris Kiliaras,2011-01,Ergotelis F.C.
Which team did Billy Manuel play for right before January 1991?,Billy Manuel,1991-01,Tottenham Hotspur F.C.
Which team did Billy Manuel play for right before January 1996?,Billy Manuel,1996-01,Peterborough United F.C.
Which team did Billy Manuel play for right before January 1999?,Billy Manuel,1999-01,Barnet F.C.
Which team did Eduardo Hernández-Sonseca play for right before January 2005?,Eduardo Hernández-Sonseca,2005-01,Real Madrid Baloncesto B
Which team did Eduardo Hernández-Sonseca play for right before January 2007?,Eduardo Hernández-Sonseca,2007-01,Real Madrid Baloncesto
Which team did Eduardo Hernández-Sonseca play for right before January 2011?,Eduardo Hernández-Sonseca,2011-01,Bilbao Basket
Which team did Eduardo Hernández-Sonseca play for right before January 2015?,Eduardo Hernández-Sonseca,2015-01,CB Gran Canaria
Which team did Eduardo Hernández-Sonseca play for right before January 2016?,Eduardo Hernández-Sonseca,2016-01,Club Melilla Baloncesto
Which employer did John W. Oswald work for right before January 1963?,John W. Oswald,1963-01,"University of California, Davis"
Which employer did John W. Oswald work for right before January 1970?,John W. Oswald,1970-01,University of Kentucky
Who was the chair of University Sorbonne Nouvelle right before January 1981?,University Sorbonne Nouvelle,1981-01,Jacques Chouillet
Who was the chair of University Sorbonne Nouvelle right before January 1991?,University Sorbonne Nouvelle,1991-01,Robert Ellrodt
Who was the chair of University Sorbonne Nouvelle right before January 2002?,University Sorbonne Nouvelle,2002-01,Jean-Michel Lacroix
Who was the chair of University Sorbonne Nouvelle right before December 2014?,University Sorbonne Nouvelle,2014-12,Marie-Christine Lemardeley
Who was the chair of University Sorbonne Nouvelle right before July 2019?,University Sorbonne Nouvelle,2019-07,Carle Bonafous-Murat
Which team did Dejan Mezga play for right before January 2014?,Dejan Mezga,2014-01,NK Maribor
Which team did Dejan Mezga play for right before January 2015?,Dejan Mezga,2015-01,H.N.K. Hajduk Split
Where was Jewel Plummer Cobb educated right before January 1944?,Jewel Plummer Cobb,1944-01,Talladega College
Which political party did Cecil L'Estrange Malone belong to right before January 1919?,Cecil L'Estrange Malone,1919-01,Liberal Party
Which political party did Cecil L'Estrange Malone belong to right before January 1920?,Cecil L'Estrange Malone,1920-01,British Socialist Party
Who was the head coach of the team Lamia F.C. right before October 2019?,Lamia F.C.,2019-10,Makis Chavos
"Which position did John MacKay, Baron MacKay of Ardbrecknish hold right before June 1983?","John MacKay, Baron MacKay of Ardbrecknish",1983-06,Member of the 48th Parliament of the United Kingdom
"Which position did John MacKay, Baron MacKay of Ardbrecknish hold right before June 1991?","John MacKay, Baron MacKay of Ardbrecknish",1991-06,Member of the 49th Parliament of the United Kingdom
"Which position did Sir William Curtis, 1st Baronet hold right before January 1801?","Sir William Curtis, 1st Baronet",1801-01,Member of the 18th Parliament of Great Britain
"Which position did Sir William Curtis, 1st Baronet hold right before July 1802?","Sir William Curtis, 1st Baronet",1802-07,Member of the 1st Parliament of the United Kingdom
"Which position did Sir William Curtis, 1st Baronet hold right before October 1806?","Sir William Curtis, 1st Baronet",1806-10,Member of the 2nd Parliament of the United Kingdom
"Which position did Sir William Curtis, 1st Baronet hold right before May 1807?","Sir William Curtis, 1st Baronet",1807-05,Member of the 3rd Parliament of the United Kingdom
"Which position did Sir William Curtis, 1st Baronet hold right before June 1826?","Sir William Curtis, 1st Baronet",1826-06,Member of the 7th Parliament of the United Kingdom
Which employer did Rudolf Haag work for right before January 1956?,Rudolf Haag,1956-01,CERN
Which employer did Rudolf Haag work for right before January 1957?,Rudolf Haag,1957-01,Max Planck Institute for Physics
Which employer did Rudolf Haag work for right before January 1959?,Rudolf Haag,1959-01,Princeton University
Which employer did Rudolf Haag work for right before January 1966?,Rudolf Haag,1966-01,University of Illinois at Urbana–Champaign
Which employer did Andrey V Chubukov work for right before January 1992?,Andrey V Chubukov,1992-01,University of Illinois system
Who was the head of Nomain right before January 1922?,Nomain,1922-01,Louis Duvinage
Who was the head of Nomain right before May 2020?,Nomain,2020-05,Yannick Lassalle
Who was the head of Ziduri right before January 2016?,Ziduri,2016-01,Nicolae Nedelcu
Who was the head of Ziduri right before October 2020?,Ziduri,2020-10,Nicolaie Nedelcu
Who was the head of Nizhny Novgorod right before September 2002?,Nizhny Novgorod,2002-09,Ivan Petrovich Sklyarov
Who was the head of Nizhny Novgorod right before June 2017?,Nizhny Novgorod,2017-06,Ivan Karnilin
Which position did Hamilton C. Jones hold right before January 1919?,Hamilton C. Jones,1919-01,judge
Which position did Hamilton C. Jones hold right before January 1925?,Hamilton C. Jones,1925-01,deputy
Who was the head of KwaZulu-Natal right before April 2004?,KwaZulu-Natal,2004-04,Lionel Mtshali
Who was the head of KwaZulu-Natal right before May 2009?,KwaZulu-Natal,2009-05,S'bu Ndebele
Who was the head of KwaZulu-Natal right before May 2019?,KwaZulu-Natal,2019-05,Willies Mchunu
Who was the head of Odense Municipality right before January 1973?,Odense Municipality,1973-01,Holger Larsen
Who was the head of Odense Municipality right before January 2006?,Odense Municipality,2006-01,Verner Dalskov
Who was the head of Odense Municipality right before January 2010?,Odense Municipality,2010-01,Jan Boye
Who was the head of Odense Municipality right before January 2017?,Odense Municipality,2017-01,Anker Boye
Which employer did I. J. Good work for right before January 1948?,I. J. Good,1948-01,University of Manchester
Which employer did I. J. Good work for right before January 1962?,I. J. Good,1962-01,Admiralty Research Laboratory
Which employer did I. J. Good work for right before January 1967?,I. J. Good,1967-01,Trinity College
"Which position did Valentine Browne, 4th Earl of Kenmare hold right before April 1859?","Valentine Browne, 4th Earl of Kenmare",1859-04,Member of the 17th Parliament of the United Kingdom
"Which position did Valentine Browne, 4th Earl of Kenmare hold right before December 1871?","Valentine Browne, 4th Earl of Kenmare",1871-12,Member of the 20th Parliament of the United Kingdom
Where was Oľga Algayerová educated right before January 2002?,Oľga Algayerová,2002-01,University of Economics in Bratislava
Where was Oľga Algayerová educated right before January 2007?,Oľga Algayerová,2007-01,The Open University
"Which position did William Hay, 10th Marquess of Tweeddale hold right before August 1878?","William Hay, 10th Marquess of Tweeddale",1878-08,Member of the 19th Parliament of the United Kingdom
Who was the head coach of the team FC Arsenal Tula right before November 2018?,FC Arsenal Tula,2018-11,Sergei Kiriakov
Who was the head coach of the team FC Arsenal Tula right before July 2020?,FC Arsenal Tula,2020-07,Igor Cherevchenko
Who was the head coach of the team FC Arsenal Tula right before September 2021?,FC Arsenal Tula,2021-09,Sergei Podpaly
Which position did Olívia Santana hold right before January 2015?,Olívia Santana,2015-01,councillor of Salvador
Which position did Olívia Santana hold right before January 2017?,Olívia Santana,2017-01,Government secretaries of Policies for Women of the State of Bahia
Which position did Sammy Wilson hold right before November 2003?,Sammy Wilson,2003-11,Member of the 1st Northern Ireland Assembly
Which position did Sammy Wilson hold right before June 2017?,Sammy Wilson,2017-06,Member of the 56th Parliament of the United Kingdom
Which position did Sammy Wilson hold right before December 2019?,Sammy Wilson,2019-12,Member of the 57th Parliament of the United Kingdom
Which employer did Louis Bachelier work for right before January 1922?,Louis Bachelier,1922-01,Science Faculty of Paris
Which employer did Louis Bachelier work for right before January 1925?,Louis Bachelier,1925-01,University of Burgundy
Which team did Peter Houtman play for right before January 1985?,Peter Houtman,1985-01,Netherlands national association football team
Which team did Peter Houtman play for right before January 1987?,Peter Houtman,1987-01,FC Groningen
Which team did Peter Houtman play for right before January 1989?,Peter Houtman,1989-01,Sporting CP
Which team did Peter Houtman play for right before January 1991?,Peter Houtman,1991-01,Sparta Rotterdam
Which team did Peter Houtman play for right before January 1993?,Peter Houtman,1993-01,ADO Den Haag
Which employer did Jordan Randall Smith work for right before January 2012?,Jordan Randall Smith,2012-01,Dallas Festival of Modern Music
Who was the head coach of the team FC Shakhtyor Salihorsk right before December 2016?,FC Shakhtyor Salihorsk,2016-12,Uladzimir Zhuravel
Who was the head coach of the team FC Shakhtyor Salihorsk right before November 2019?,FC Shakhtyor Salihorsk,2019-11,Syarhey Nikifarenka
Who was the head coach of the team FC Shakhtyor Salihorsk right before September 2020?,FC Shakhtyor Salihorsk,2020-09,Yuriy Vernydub
Who was the head coach of the team FC Shakhtyor Salihorsk right before September 2021?,FC Shakhtyor Salihorsk,2021-09,Sergei Gurenko
Who was the head coach of the team FC Shakhtyor Salihorsk right before December 2021?,FC Shakhtyor Salihorsk,2021-12,Alyaksey Baha
Who was the head coach of the team Australia national rugby union team right before September 1997?,Australia national rugby union team,1997-09,Bob Dwyer
Who was the head coach of the team Australia national rugby union team right before January 2001?,Australia national rugby union team,2001-01,Rod Macqueen
Who was the head coach of the team Australia national rugby union team right before January 2007?,Australia national rugby union team,2007-01,Eddie Jones
Who was the head coach of the team Australia national rugby union team right before June 2013?,Australia national rugby union team,2013-06,Robbie Deans
Who was the head coach of the team Australia national rugby union team right before October 2014?,Australia national rugby union team,2014-10,Ewen McKenzie
Which team did Naruphol Ar-Romsawa play for right before January 2008?,Naruphol Ar-Romsawa,2008-01,Thailand national under-20 football team
Who was the chair of Řád národa right before November 2013?,Řád národa,2013-11,Karolína Peake
Who was the chair of Řád národa right before May 2015?,Řád národa,2015-05,Dagmar Navrátilová
Who was the chair of Confederation of Independent Trade Unions of Luxembourg right before January 2004?,Confederation of Independent Trade Unions of Luxembourg,2004-01,John Castegnaro
Who was the head of Hamburg right before November 1946?,Max Brauer,1946-11,Rudolf Petersen
Who was the head of Hamburg right before January 1961?,Hamburg,1961-01,Kurt Sieveking
Who was the head of Hamburg right before June 1965?,Hamburg,1965-06,Paul Nevermann
Who was the head of Hamburg right before November 1974?,Hans-Ulrich Klose,1974-11,Peter Schulz
Who was the head of Hamburg right before March 2018?,Peter Tschentscher,2018-03,Olaf Scholz
Who was the head of Móstoles right before December 2011?,Móstoles,2011-12,Esteban Parro
Who was the head of Móstoles right before February 2018?,Móstoles,2018-02,Daniel Ortiz Espejo
Which position did Guy C. H. Corliss hold right before January 1899?,Guy C. H. Corliss,1899-01,Justice of the North Dakota Supreme Court
Which position did Guy C. H. Corliss hold right before January 1902?,Guy C. H. Corliss,1902-01,dean
Which employer did Wilfrid Sellars work for right before January 1947?,Wilfrid Sellars,1947-01,University of Iowa
Which team did Boubacar Sanogo play for right before January 1999?,Boubacar Sanogo,1999-01,Pedro Sangome
Which team did Boubacar Sanogo play for right before January 2006?,Boubacar Sanogo,2006-01,1. FC Kaiserslautern
Which team did Boubacar Sanogo play for right before January 2014?,Boubacar Sanogo,2014-01,FC Energie Cottbus
Which team did Lukas Mössner play for right before January 2008?,Lukas Mössner,2008-01,SK Austria Kärnten
Who was the chair of French Prehistoric Society right before January 2022?,French Prehistoric Society,2022-01,Claire Manen
Which team did Jens Wemmer play for right before January 2015?,Jens Wemmer,2015-01,SC Paderborn 07
Which employer did John M. Lilley work for right before January 1980?,John M. Lilley,1980-01,Kansas State University
Which employer did John M. Lilley work for right before January 2001?,John M. Lilley,2001-01,Penn State Erie
Which employer did John M. Lilley work for right before January 2006?,John M. Lilley,2006-01,"University of Nevada, Reno"
Which team did George Kelly play for right before January 1955?,George Kelly,1955-01,Aberdeen F.C.
Which team did George Kelly play for right before January 1959?,George Kelly,1959-01,Cardiff City F.C.
Which team did Paddy Sowden play for right before January 1947?,Paddy Sowden,1947-01,Blackpool F.C.
Which team did Paddy Sowden play for right before January 1950?,Paddy Sowden,1950-01,Elgin City F.C.
Which team did Paddy Sowden play for right before January 1956?,Paddy Sowden,1956-01,Gillingham F.C.
Which team did Belkacem Zobiri play for right before January 2007?,Belkacem Zobiri,2007-01,Gap FC
Which team did Belkacem Zobiri play for right before January 2009?,Belkacem Zobiri,2009-01,CS Louhans-Cuiseaux
Which team did Belkacem Zobiri play for right before January 2010?,Belkacem Zobiri,2010-01,Entente Sportive Sétifienne
Which team did Belkacem Zobiri play for right before January 2014?,Belkacem Zobiri,2014-01,AS Cannes
